cohort,method,n,groups,error_1,correct_0,auroc,auprc,auroc_ci95_low,auroc_ci95_high,auprc_ci95_low,auprc_ci95_high
qwen_generation_aligned,graph_only,2142,452,1699,443,0.7516192634892123,0.9103880920612657,0.7240608995801981,0.7768895182505604,0.8945675896282351,0.9253763414307566
qwen_generation_aligned,raw_three_world,2142,452,1699,443,0.8185933300294822,0.9387482516248209,0.7946352723528021,0.8399141946539195,0.927597917353626,0.9493889896659672
qwen_generation_aligned,full_curve,2142,452,1699,443,0.8325904097085391,0.9450448456324341,0.81050326842111,0.853623331572963,0.9344030807900588,0.9550211928622067
qwen_generation_aligned,no_input_normalization,2142,452,1699,443,0.8197904224633532,0.9408683469859512,0.7963616072723665,0.8419081922292169,0.9297346758146514,0.9509467713683768
qwen_generation_aligned,no_curvature_asymmetry,2142,452,1699,443,0.8344345432248687,0.9436807774116873,0.8122044670960993,0.8547098760743357,0.9326893957222007,0.9538285678933982
qwen_generation_aligned,no_direction_information,2142,452,1699,443,0.8208779032148774,0.9377287625391943,0.7979815899545967,0.8439841093418377,0.925081296611088,0.9494307634322214
deepseek_shared_qwen,graph_only,2050,448,1257,793,0.7672062929310866,0.8186421247766269,0.7415929967964834,0.7915064564031904,0.790398626904317,0.8451166883845085
deepseek_shared_qwen,raw_three_world,2050,448,1257,793,0.8258865109485243,0.8485272510427071,0.8023560865205529,0.8456850606496052,0.8209172245357951,0.873294469255383
deepseek_shared_qwen,full_curve,2050,448,1257,793,0.8411558575884253,0.8653450996691864,0.8200547700753061,0.8601824728413826,0.8401375410263995,0.8879094772697586
deepseek_shared_qwen,no_input_normalization,2050,448,1257,793,0.8426034885599031,0.8607905778236554,0.8226105411517664,0.8612114158235336,0.8353817686581296,0.8835181588807793
deepseek_shared_qwen,no_curvature_asymmetry,2050,448,1257,793,0.8369162952284358,0.8590179628969574,0.8160549401802248,0.8557800868504867,0.8340456097081108,0.8820737346133061
deepseek_shared_qwen,no_direction_information,2050,448,1257,793,0.8376235577612783,0.8619532955955691,0.8162293421486221,0.8561702900503809,0.8380551420881647,0.8832737185295423
deepseek_native_origin,native_G_curve,2050,448,1257,793,0.8502038019624781,0.8696990645835168,0.8312367790109647,0.8684869416177364,0.8458658010774116,0.891626550865964
deepseek_native_origin,native_G_raw,2050,448,1257,793,0.8385866386570638,0.8587003123288665,0.8189800580808113,0.8572185496086278,0.833597334784711,0.8836994914455691
deepseek_native_origin,shared_G_curve,2050,448,1257,793,0.8411558575884253,0.8653450996691864,0.8200547700753061,0.8601824728413826,0.8401375410263995,0.8879094772697586
deepseek_native_origin,shared_G_raw,2050,448,1257,793,0.8258865109485243,0.8485272510427071,0.8023560865205529,0.8456850606496052,0.8209172245357951,0.873294469255383
