track,contrast,metric,delta,ci95_lo,ci95_hi,familywise_lo,familywise_hi
qwen35,construction_minus_g96,auroc,0.004186773968137825,-0.006733345212504074,0.015348164558787332,-0.010545182268461132,0.019835260281645603
qwen35,construction_minus_g96,auprc,0.00296470397727544,-0.002922742286045066,0.009111325892218698,-0.005268425993056141,0.011395640670516372
qwen35,raw16_minus_g96,auroc,0.06436798589323312,0.03671362312253895,0.09111658127432733,0.026396883710415323,0.10065163002362054
qwen35,raw16_minus_g96,auprc,0.02642505568515363,0.010470203349669697,0.04193236363456548,0.0035594330567086637,0.04734430034371677
qwen35,edit_minus_raw16,auroc,0.0011841617776027213,-0.005450421099243812,0.008057318993150505,-0.008086893783283838,0.010951349498021682
qwen35,edit_minus_raw16,auprc,-0.0001698710752796595,-0.003213562957670074,0.0031292531604008244,-0.004421958807476841,0.004491221062316003
qwen35,raw_minus_construction,auroc,0.06136537370269801,0.03346235747014952,0.08833187118014478,0.02359306853172437,0.09954151280843605
qwen35,raw_minus_construction,auprc,0.02329048063259853,0.00737927173231516,0.03904384883448953,0.0012411650455893043,0.04495664381438228
deepseek_v41,construction_minus_g96,auroc,0.012646356033452766,0.0016294485151021722,0.023991225086788096,-0.002727193712775561,0.02872531807554973
deepseek_v41,construction_minus_g96,auprc,0.0132222254163894,-0.0003649069106064462,0.02788342504689266,-0.006158288898926815,0.03329646468856209
deepseek_v41,raw16_minus_g96,auroc,0.05591739204642432,0.03429908655196423,0.07727991554472755,0.026905798000203204,0.08549271231819201
deepseek_v41,raw16_minus_g96,auprc,0.06495422438197584,0.04080574637044027,0.08770332274683955,0.03371702679194023,0.09790473645863558
deepseek_v41,edit_minus_raw16,auroc,-8.107185526540217e-05,-0.007306702157097721,0.007448309545533885,-0.010523164082972181,0.010620881563497784
deepseek_v41,edit_minus_raw16,auprc,-0.0008592429446462324,-0.009371485408326033,0.008060765642258196,-0.012863219434959092,0.011982834796630436
deepseek_v41,raw_minus_construction,auroc,0.04318996415770615,0.022886929103852097,0.06267119674992405,0.015782353354335837,0.07104598819923233
deepseek_v41,raw_minus_construction,auprc,0.05087275602094021,0.028759977877714348,0.0716268311255867,0.020742367988966892,0.08052578546176899
