track,method,dim,auroc,auprc
qwen35,g96,96,0.7379321018050846,0.9003438446137263
qwen35,g96_construction,99,0.7421188757732224,0.9033085485910017
qwen35,g96_raw16,112,0.8023000876983177,0.9267689002988799
qwen35,raw,114,0.8034842494759205,0.9265990292236003
qwen35,curve,125,0.8029191346474012,0.9296046315388126
qwen35,raw_plus_arithmetic44,158,0.8293939436573481,0.9399251917011379
qwen35,legacy_g96_construction,100,0.7504912512720946,0.9029085042552113
qwen35,legacy_g96_raw17,113,0.8127640915251535,0.9310847683679309
qwen35,legacy_g96_raw17_edit,115,0.814208534406348,0.930599360734004
deepseek_v41,g96,96,0.7259745690390852,0.7490175355803464
deepseek_v41,g96_construction,99,0.738620925072538,0.7622397609967358
deepseek_v41,g96_raw16,112,0.7818919610855095,0.8139717599623223
deepseek_v41,raw,114,0.7818108892302441,0.8131125170176761
deepseek_v41,curve,125,0.7839025430960915,0.8183798444786821
deepseek_v41,raw_plus_arithmetic44,158,0.8067997951868919,0.8296913297386761
deepseek_v41,legacy_g96_construction,100,0.7535799624509302,0.7733652548005389
deepseek_v41,legacy_g96_raw17,113,0.7813509131251066,0.8138784401000179
deepseek_v41,legacy_g96_raw17_edit,115,0.7824227683905103,0.8089947078017496
