row_index,item_id,source_group,error,label_status,label_reason
0,INTC/2013/page_71.pdf-4,INTC/2013,1,error,
1,ETR/2008/page_313.pdf-3,ETR/2008,1,error,
2,IPG/2009/page_89.pdf-3,IPG/2009,1,error,
3,AAL/2015/page_74.pdf-1,AAL/2015,1,error,
4,ETR/2008/page_376.pdf-2,ETR/2008,1,error,
5,AAL/2014/page_89.pdf-3,AAL/2014,1,error,
6,GS/2014/page_134.pdf-3,GS/2014,0,correct,
7,MAA/2018/page_19.pdf-2,MAA/2018,0,correct,
8,HII/2018/page_64.pdf-4,HII/2018,1,error,
9,FIS/2016/page_64.pdf-4,FIS/2016,1,error,
10,FBHS/2017/page_46.pdf-2,FBHS/2017,1,error,
11,BKNG/2015/page_38.pdf-2,BKNG/2015,1,error,
12,STT/2012/page_42.pdf-4,STT/2012,1,error,
13,FIS/2016/page_64.pdf-3,FIS/2016,1,error,
14,LLY/2008/page_45.pdf-1,LLY/2008,1,error,
15,ETR/2009/page_107.pdf-2,ETR/2009,1,error,
16,AAP/2006/page_85.pdf-2,AAP/2006,1,error,
17,AOS/2007/page_17.pdf-1,AOS/2007,0,correct,
18,UNP/2016/page_75.pdf-2,UNP/2016,1,error,
19,UAA/2016/page_83.pdf-3,UAA/2016,1,error,
20,MA/2010/page_107.pdf-1,MA/2010,0,correct,
21,HOLX/2011/page_122.pdf-2,HOLX/2011,0,correct,
22,ZBH/2008/page_70.pdf-1,ZBH/2008,1,error,
23,AAPL/2013/page_27.pdf-2,AAPL/2013,1,error,
24,RL/2011/page_12.pdf-1,RL/2011,1,error,
25,DISCA/2013/page_60.pdf-1,DISCA/2013,0,correct,
26,OKE/2008/page_38.pdf-2,OKE/2008,1,error,
27,ETR/2004/page_216.pdf-4,ETR/2004,1,error,
28,HWM/2015/page_95.pdf-2,HWM/2015,1,error,
29,AWK/2012/page_118.pdf-3,AWK/2012,1,error,
30,APD/2019/page_53.pdf-2,APD/2019,0,correct,
31,AAL/2015/page_74.pdf-3,AAL/2015,1,error,
32,ETFC/2013/page_84.pdf-1,ETFC/2013,1,error,
33,ETR/2016/page_24.pdf-4,ETR/2016,0,correct,
34,AES/2011/page_230.pdf-4,AES/2011,1,error,
35,ETR/2016/page_403.pdf-3,ETR/2016,0,correct,
36,APTV/2015/page_50.pdf-1,APTV/2015,0,correct,
37,AMAT/2018/page_31.pdf-3,AMAT/2018,0,correct,
38,CDNS/2012/page_31.pdf-2,CDNS/2012,1,error,
39,AAL/2014/page_80.pdf-1,AAL/2014,0,correct,
40,ADI/2019/page_77.pdf-2,ADI/2019,1,error,
41,HUM/2018/page_46.pdf-2,HUM/2018,0,correct,
42,ETR/2016/page_315.pdf-2,ETR/2016,0,correct,
43,IPG/2014/page_37.pdf-3,IPG/2014,0,correct,
44,HIG/2012/page_132.pdf-2,HIG/2012,1,error,
45,RE/2010/page_120.pdf-1,RE/2010,1,error,
46,JPM/2016/page_140.pdf-1,JPM/2016,1,error,
47,LMT/2016/page_52.pdf-3,LMT/2016,1,error,
48,WELL/2016/page_61.pdf-4,WELL/2016,0,correct,
49,GS/2013/page_193.pdf-1,GS/2013,1,error,
50,HUM/2015/page_46.pdf-2,HUM/2015,0,correct,
51,ETR/2016/page_324.pdf-1,ETR/2016,0,correct,
52,KIM/2010/page_94.pdf-2,KIM/2010,1,error,
53,DRE/2010/page_56.pdf-2,DRE/2010,1,error,
54,ETR/2008/page_356.pdf-2,ETR/2008,1,error,
55,AAL/2014/page_89.pdf-2,AAL/2014,1,error,
56,BLL/2007/page_75.pdf-2,BLL/2007,1,error,
57,VNO/2010/page_173.pdf-1,VNO/2010,1,error,
58,RL/2010/page_11.pdf-1,RL/2010,1,error,
59,LMT/2016/page_83.pdf-4,LMT/2016,1,error,
60,UPS/2015/page_35.pdf-2,UPS/2015,0,correct,
61,JPM/2007/page_152.pdf-2,JPM/2007,1,error,
62,UNP/2010/page_24.pdf-1,UNP/2010,0,correct,
63,REGN/2010/page_72.pdf-3,REGN/2010,1,error,
64,RCL/2014/page_80.pdf-1,RCL/2014,0,correct,
65,ORLY/2009/page_77.pdf-4,ORLY/2009,0,correct,
66,HIG/2004/page_192.pdf-1,HIG/2004,0,correct,
67,AES/2011/page_270.pdf-2,AES/2011,0,correct,
68,ETR/2004/page_20.pdf-2,ETR/2004,1,error,
69,GPN/2016/page_83.pdf-1,GPN/2016,0,correct,
70,GPN/2016/page_67.pdf-2,GPN/2016,0,correct,
71,RE/2006/page_122.pdf-2,RE/2006,0,correct,
72,AWK/2014/page_122.pdf-3,AWK/2014,1,error,
73,ETR/2008/page_337.pdf-3,ETR/2008,1,error,
74,BDX/2016/page_62.pdf-1,BDX/2016,0,correct,
75,MRO/2012/page_39.pdf-3,MRO/2012,0,correct,
76,VTR/2006/page_88.pdf-4,VTR/2006,1,error,
77,HOLX/2006/page_102.pdf-1,HOLX/2006,1,error,
78,STT/2006/page_96.pdf-4,STT/2006,1,error,
79,MMM/2007/page_66.pdf-2,MMM/2007,1,error,
80,UAA/2016/page_83.pdf-1,UAA/2016,1,error,
81,AAPL/2011/page_24.pdf-1,AAPL/2011,0,correct,
82,ETR/2016/page_18.pdf-2,ETR/2016,0,correct,
83,CE/2005/page_167.pdf-3,CE/2005,0,correct,
84,VNO/2006/page_95.pdf-2,VNO/2006,0,correct,
85,DVN/2010/page_70.pdf-2,DVN/2010,1,error,
86,AWK/2015/page_106.pdf-1,AWK/2015,0,correct,
87,STT/2006/page_96.pdf-1,STT/2006,0,correct,
88,WELL/2017/page_48.pdf-1,WELL/2017,0,correct,
89,CME/2010/page_71.pdf-5,CME/2010,1,error,
90,APD/2019/page_108.pdf-2,APD/2019,0,correct,
91,AAPL/2008/page_52.pdf-1,AAPL/2008,0,correct,
92,TROW/2009/page_24.pdf-3,TROW/2009,1,error,
93,ZBH/2008/page_86.pdf-2,ZBH/2008,0,correct,
94,DVN/2014/page_88.pdf-1,DVN/2014,0,correct,
95,CDNS/2016/page_76.pdf-1,CDNS/2016,1,error,
96,ETR/2004/page_158.pdf-2,ETR/2004,1,error,
97,SNPS/2012/page_62.pdf-2,SNPS/2012,1,error,
98,HFC/2017/page_103.pdf-3,HFC/2017,0,correct,
99,AWK/2018/page_162.pdf-3,AWK/2018,1,error,
100,HUM/2007/page_18.pdf-1,HUM/2007,1,error,
101,STT/2007/page_65.pdf-2,STT/2007,0,correct,
102,CE/2016/page_88.pdf-2,CE/2016,1,error,
103,ETR/2016/page_444.pdf-3,ETR/2016,0,correct,
104,RCL/2012/page_80.pdf-2,RCL/2012,0,correct,
105,RSG/2014/page_73.pdf-2,RSG/2014,1,error,
106,ETR/2008/page_130.pdf-4,ETR/2008,0,correct,
107,AWK/2015/page_115.pdf-2,AWK/2015,0,correct,
108,VTR/2007/page_97.pdf-1,VTR/2007,1,error,
109,JPM/2013/page_124.pdf-2,JPM/2013,1,error,
110,RL/2014/page_11.pdf-1,RL/2014,1,error,
111,K/2012/page_44.pdf-2,K/2012,0,correct,
112,ETR/2017/page_175.pdf-1,ETR/2017,1,error,
113,BLK/2014/page_33.pdf-2,BLK/2014,1,error,
114,HWM/2018/page_69.pdf-1,HWM/2018,0,correct,
115,DVN/2014/page_88.pdf-3,DVN/2014,0,correct,
116,ANSS/2008/page_85.pdf-1,ANSS/2008,1,error,
117,STT/2008/page_73.pdf-1,STT/2008,0,correct,
118,JPM/2014/page_128.pdf-1,JPM/2014,1,error,
119,GPN/2013/page_71.pdf-3,GPN/2013,1,error,
120,HIG/2016/page_253.pdf-2,HIG/2016,0,correct,
121,GS/2013/page_97.pdf-1,GS/2013,1,error,
122,GPN/2007/page_39.pdf-1,GPN/2007,0,correct,
123,ILMN/2006/page_92.pdf-2,ILMN/2006,1,error,
124,RL/2011/page_12.pdf-2,RL/2011,1,error,
125,CB/2008/page_144.pdf-3,CB/2008,0,correct,
126,UAA/2016/page_81.pdf-4,UAA/2016,1,error,
127,VLO/2012/page_27.pdf-1,VLO/2012,0,correct,
128,PNC/2013/page_158.pdf-2,PNC/2013,1,error,
129,IP/2014/page_101.pdf-1,IP/2014,1,error,
130,RSG/2013/page_16.pdf-2,RSG/2013,0,correct,
131,MA/2009/page_115.pdf-1,MA/2009,1,error,
132,DRE/2002/page_30.pdf-3,DRE/2002,1,error,
133,L/2007/page_213.pdf-1,L/2007,0,correct,
134,RSG/2014/page_22.pdf-1,RSG/2014,0,correct,
135,HUM/2004/page_78.pdf-1,HUM/2004,0,correct,
136,CE/2010/page_150.pdf-3,CE/2010,0,correct,
137,ADBE/2011/page_83.pdf-4,ADBE/2011,1,error,
138,GPN/2014/page_71.pdf-4,GPN/2014,1,error,
139,HUM/2012/page_109.pdf-1,HUM/2012,0,correct,
140,SWKS/2011/page_112.pdf-2,SWKS/2011,1,error,
141,AON/2015/page_77.pdf-3,AON/2015,1,error,
142,PPG/2018/page_61.pdf-1,PPG/2018,0,correct,
143,HWM/2015/page_92.pdf-1,HWM/2015,1,error,
144,PNC/2012/page_98.pdf-2,PNC/2012,1,error,
145,ETR/2016/page_396.pdf-4,ETR/2016,1,error,
146,LMT/2010/page_24.pdf-2,LMT/2010,1,error,
147,LMT/2015/page_106.pdf-3,LMT/2015,0,correct,
148,IPG/2014/page_37.pdf-2,IPG/2014,1,error,
149,HOLX/2007/page_154.pdf-2,HOLX/2007,1,error,
150,AMT/2007/page_111.pdf-4,AMT/2007,0,correct,
151,ETR/2017/page_20.pdf-3,ETR/2017,0,correct,
152,UNP/2014/page_56.pdf-2,UNP/2014,1,error,
153,JKHY/2015/page_20.pdf-2,JKHY/2015,1,error,
154,BLK/2016/page_75.pdf-2,BLK/2016,1,error,
155,MRO/2009/page_138.pdf-1,MRO/2009,1,error,
156,GPN/2009/page_69.pdf-2,GPN/2009,1,error,
157,ETR/2008/page_130.pdf-3,ETR/2008,0,correct,
158,JPM/2016/page_141.pdf-1,JPM/2016,1,error,
159,EW/2016/page_72.pdf-2,EW/2016,1,error,
160,MRO/2008/page_135.pdf-2,MRO/2008,1,error,
161,ETR/2017/page_477.pdf-1,ETR/2017,0,correct,
162,RSG/2017/page_14.pdf-1,RSG/2017,1,error,
163,MAS/2010/page_29.pdf-1,MAS/2010,0,correct,
164,BLL/2011/page_29.pdf-4,BLL/2011,1,error,
165,LMT/2017/page_101.pdf-4,LMT/2017,1,error,
166,HII/2018/page_113.pdf-1,HII/2018,0,correct,
167,WRK/2019/page_31.pdf-1,WRK/2019,0,correct,
168,UA/2011/page_70.pdf-1,UA/2011,1,error,
169,MMM/2007/page_68.pdf-2,MMM/2007,0,correct,
170,CE/2005/page_167.pdf-4,CE/2005,1,error,
171,GS/2014/page_62.pdf-1,GS/2014,1,error,
172,IPG/2018/page_52.pdf-1,IPG/2018,1,error,
173,NWS/2016/page_148.pdf-2,NWS/2016,1,error,
174,UNP/2014/page_30.pdf-2,UNP/2014,0,correct,
175,AES/2010/page_225.pdf-3,AES/2010,1,error,
176,HOLX/2007/page_130.pdf-1,HOLX/2007,1,error,
177,IPG/2018/page_104.pdf-2,IPG/2018,1,error,
178,TROW/2011/page_13.pdf-1,TROW/2011,1,error,
179,AON/2010/page_100.pdf-4,AON/2010,0,correct,
180,UNP/2012/page_23.pdf-1,UNP/2012,1,error,
181,ETR/2017/page_325.pdf-1,ETR/2017,1,error,
182,DVN/2015/page_117.pdf-1,DVN/2015,1,error,
183,JPM/2014/page_128.pdf-4,JPM/2014,1,error,
184,ETR/2016/page_144.pdf-3,ETR/2016,0,correct,
185,IP/2012/page_57.pdf-2,IP/2012,1,error,
186,ADBE/2013/page_68.pdf-3,ADBE/2013,1,error,
187,RSG/2015/page_18.pdf-2,RSG/2015,0,correct,
188,AES/2018/page_168.pdf-3,AES/2018,1,error,
189,HUM/2015/page_46.pdf-1,HUM/2015,1,error,
190,PKG/2004/page_21.pdf-4,PKG/2004,1,error,
191,JKHY/2016/page_25.pdf-2,JKHY/2016,0,correct,
192,AAP/2013/page_68.pdf-1,AAP/2013,1,error,
193,UNP/2008/page_83.pdf-1,UNP/2008,1,error,
194,CE/2010/page_150.pdf-2,CE/2010,0,correct,
195,TFX/2018/page_47.pdf-1,TFX/2018,0,correct,
196,GS/2016/page_161.pdf-1,GS/2016,1,error,
197,TSCO/2018/page_31.pdf-2,TSCO/2018,1,error,
198,LLY/2008/page_39.pdf-1,LLY/2008,1,error,
199,SNPS/2012/page_64.pdf-1,SNPS/2012,0,correct,
200,GPN/2008/page_88.pdf-1,GPN/2008,0,correct,
201,IP/2015/page_46.pdf-1,IP/2015,1,error,
202,ETR/2015/page_50.pdf-1,ETR/2015,1,error,
203,APD/2019/page_100.pdf-1,APD/2019,1,error,
204,DISCA/2008/page_141.pdf-3,DISCA/2008,0,correct,
205,PNC/2007/page_93.pdf-2,PNC/2007,0,correct,
206,MA/2009/page_123.pdf-3,MA/2009,0,correct,
207,LMT/2016/page_85.pdf-2,LMT/2016,1,error,
208,ZBH/2008/page_72.pdf-3,ZBH/2008,1,error,
209,AES/2010/page_133.pdf-1,AES/2010,1,error,
210,UNP/2014/page_56.pdf-1,UNP/2014,1,error,
211,AAL/2015/page_131.pdf-2,AAL/2015,1,error,
212,GPN/2009/page_69.pdf-4,GPN/2009,1,error,
213,PPG/2018/page_61.pdf-2,PPG/2018,0,correct,
214,SNPS/2012/page_61.pdf-2,SNPS/2012,1,error,
215,AON/2013/page_54.pdf-1,AON/2013,0,correct,
216,GPN/2017/page_30.pdf-1,GPN/2017,1,error,
217,GS/2016/page_183.pdf-3,GS/2016,1,error,
218,NTAP/2014/page_33.pdf-2,NTAP/2014,0,correct,
219,HIG/2004/page_125.pdf-2,HIG/2004,0,correct,
220,UNP/2013/page_78.pdf-2,UNP/2013,1,error,
221,HIG/2004/page_81.pdf-3,HIG/2004,1,error,
222,K/2012/page_80.pdf-3,K/2012,0,correct,
223,MA/2009/page_123.pdf-4,MA/2009,1,error,
224,AES/2010/page_133.pdf-2,AES/2010,1,error,
225,BLL/2007/page_46.pdf-4,BLL/2007,0,correct,
226,AAPL/2015/page_24.pdf-3,AAPL/2015,0,correct,
227,HOLX/2007/page_127.pdf-1,HOLX/2007,1,error,
228,ETR/2008/page_130.pdf-2,ETR/2008,0,correct,
229,RL/2014/page_13.pdf-1,RL/2014,1,error,
230,APD/2018/page_113.pdf-2,APD/2018,0,correct,
231,CMCSA/2015/page_42.pdf-2,CMCSA/2015,0,correct,
232,IP/2014/page_71.pdf-1,IP/2014,1,error,
233,RL/2010/page_11.pdf-2,RL/2010,1,error,
234,ILMN/2008/page_77.pdf-4,ILMN/2008,0,correct,
235,CDW/2015/page_53.pdf-1,CDW/2015,1,error,
236,AWK/2012/page_118.pdf-2,AWK/2012,1,error,
237,LKQ/2012/page_25.pdf-2,LKQ/2012,1,error,
238,GRMN/2008/page_98.pdf-1,GRMN/2008,1,error,
239,SLB/2010/page_58.pdf-2,SLB/2010,0,correct,
240,ETR/2017/page_19.pdf-1,ETR/2017,1,error,
241,GS/2018/page_175.pdf-2,GS/2018,1,error,
242,C/2009/page_200.pdf-2,C/2009,1,error,
243,HWM/2015/page_94.pdf-1,HWM/2015,0,correct,
244,SNPS/2012/page_62.pdf-3,SNPS/2012,1,error,
245,DVN/2014/page_112.pdf-1,DVN/2014,1,error,
246,CB/2009/page_220.pdf-3,CB/2009,1,error,
247,ETR/2016/page_396.pdf-2,ETR/2016,0,correct,
248,IP/2012/page_55.pdf-2,IP/2012,1,error,
249,MA/2010/page_107.pdf-2,MA/2010,0,correct,
250,RSG/2017/page_14.pdf-2,RSG/2017,0,correct,
251,K/2013/page_27.pdf-3,K/2013,0,correct,
252,DRE/2002/page_18.pdf-2,DRE/2002,1,error,
253,IP/2014/page_66.pdf-1,IP/2014,1,error,
254,MRO/2008/page_119.pdf-3,MRO/2008,0,correct,
255,SNPS/2009/page_59.pdf-3,SNPS/2009,1,error,
256,RSG/2018/page_13.pdf-1,RSG/2018,0,correct,
257,PM/2015/page_103.pdf-3,PM/2015,1,error,
258,LKQ/2012/page_25.pdf-1,LKQ/2012,0,correct,
259,RSG/2017/page_74.pdf-2,RSG/2017,0,correct,
260,UA/2011/page_71.pdf-2,UA/2011,1,error,
261,AMT/2007/page_114.pdf-3,AMT/2007,0,correct,
262,AMT/2012/page_111.pdf-4,AMT/2012,1,error,
263,AWK/2015/page_127.pdf-4,AWK/2015,1,error,
264,LKQ/2016/page_48.pdf-2,LKQ/2016,0,correct,
265,AWK/2017/page_128.pdf-3,AWK/2017,1,error,
266,EW/2014/page_35.pdf-2,EW/2014,1,error,
267,AAP/2007/page_83.pdf-1,AAP/2007,0,correct,
268,EOG/2016/page_80.pdf-1,EOG/2016,1,error,
269,AAPL/2013/page_27.pdf-4,AAPL/2013,0,correct,
270,ETR/2017/page_20.pdf-1,ETR/2017,1,error,
271,ETR/2008/page_313.pdf-2,ETR/2008,0,correct,
272,IPG/2016/page_24.pdf-2,IPG/2016,0,correct,
273,PNC/2017/page_76.pdf-1,PNC/2017,1,error,
274,ETFC/2015/page_25.pdf-1,ETFC/2015,1,error,
275,SNPS/2012/page_61.pdf-3,SNPS/2012,1,error,
276,HWM/2015/page_123.pdf-2,HWM/2015,0,correct,
277,LMT/2013/page_26.pdf-2,LMT/2013,1,error,
278,AWK/2013/page_123.pdf-3,AWK/2013,1,error,
279,DRE/2016/page_59.pdf-1,DRE/2016,1,error,
280,GPN/2013/page_71.pdf-2,GPN/2013,0,correct,
281,EW/2016/page_36.pdf-1,EW/2016,1,error,
282,DRE/2007/page_39.pdf-1,DRE/2007,0,correct,
283,C/2008/page_193.pdf-1,C/2008,1,error,
284,BLL/2006/page_94.pdf-2,BLL/2006,1,error,
285,CE/2010/page_134.pdf-1,CE/2010,1,error,
286,JPM/2015/page_77.pdf-5,JPM/2015,0,correct,
287,ETR/2016/page_17.pdf-2,ETR/2016,1,error,
288,MMM/2015/page_52.pdf-1,MMM/2015,0,correct,
289,ADBE/2009/page_98.pdf-1,ADBE/2009,1,error,
290,AAL/2015/page_51.pdf-3,AAL/2015,1,error,
291,BLK/2014/page_33.pdf-1,BLK/2014,1,error,
292,HIG/2014/page_126.pdf-3,HIG/2014,1,error,
293,ETR/2016/page_18.pdf-3,ETR/2016,0,correct,
294,RL/2014/page_11.pdf-2,RL/2014,1,error,
295,AON/2013/page_32.pdf-1,AON/2013,0,correct,
296,JPM/2013/page_158.pdf-2,JPM/2013,1,error,
297,FIS/2012/page_30.pdf-1,FIS/2012,0,correct,
298,BKR/2017/page_105.pdf-1,BKR/2017,1,error,
299,CE/2009/page_121.pdf-3,CE/2009,0,correct,
300,UNP/2009/page_89.pdf-1,UNP/2009,1,error,
301,VTR/2006/page_88.pdf-1,VTR/2006,1,error,
302,AAL/2014/page_59.pdf-2,AAL/2014,1,error,
303,SWKS/2012/page_116.pdf-2,SWKS/2012,1,error,
304,MRO/2013/page_49.pdf-2,MRO/2013,0,correct,
305,REGN/2010/page_68.pdf-2,REGN/2010,1,error,
306,MRO/2009/page_127.pdf-3,MRO/2009,1,error,
307,DISH/2011/page_130.pdf-2,DISH/2011,1,error,
308,DVN/2011/page_84.pdf-1,DVN/2011,1,error,
309,MMM/2012/page_105.pdf-1,MMM/2012,0,correct,
310,LMT/2013/page_26.pdf-1,LMT/2013,1,error,
311,EOG/2018/page_99.pdf-1,EOG/2018,1,error,
312,AAPL/2018/page_23.pdf-2,AAPL/2018,0,correct,
313,DVN/2015/page_92.pdf-3,DVN/2015,0,correct,
314,PNC/2011/page_209.pdf-3,PNC/2011,1,error,
315,AAPL/2011/page_37.pdf-1,AAPL/2011,1,error,
316,CDNS/2012/page_31.pdf-1,CDNS/2012,1,error,
317,ETR/2004/page_258.pdf-1,ETR/2004,0,correct,
318,JPM/2015/page_77.pdf-3,JPM/2015,0,correct,
319,INTC/2013/page_47.pdf-1,INTC/2013,1,error,
320,C/2008/page_193.pdf-4,C/2008,0,correct,
321,WELL/2017/page_48.pdf-3,WELL/2017,0,correct,
322,DVN/2011/page_99.pdf-3,DVN/2011,1,error,
323,JPM/2008/page_177.pdf-1,JPM/2008,0,correct,
324,FIS/2016/page_49.pdf-1,FIS/2016,1,error,
325,INTC/2013/page_47.pdf-2,INTC/2013,0,correct,
326,EOG/2017/page_85.pdf-1,EOG/2017,1,error,
327,DISH/2015/page_142.pdf-2,DISH/2015,1,error,
328,GS/2018/page_108.pdf-4,GS/2018,1,error,
329,IP/2007/page_38.pdf-2,IP/2007,1,error,
330,TFX/2017/page_48.pdf-1,TFX/2017,0,correct,
331,LMT/2015/page_52.pdf-4,LMT/2015,0,correct,
332,CB/2008/page_217.pdf-2,CB/2008,1,error,
333,LLY/2008/page_45.pdf-2,LLY/2008,0,correct,
334,AMT/2012/page_111.pdf-1,AMT/2012,1,error,
335,AAL/2015/page_15.pdf-3,AAL/2015,1,error,
336,UPS/2012/page_51.pdf-3,UPS/2012,1,error,
337,PNC/2011/page_74.pdf-2,PNC/2011,0,correct,
338,ETR/2017/page_175.pdf-3,ETR/2017,1,error,
339,ETR/2004/page_258.pdf-2,ETR/2004,0,correct,
340,JPM/2013/page_158.pdf-3,JPM/2013,1,error,
341,IQV/2016/page_57.pdf-2,IQV/2016,0,correct,
342,V/2009/page_88.pdf-1,V/2009,0,correct,
343,BLL/2010/page_39.pdf-3,BLL/2010,1,error,
344,GS/2012/page_129.pdf-3,GS/2012,0,correct,
345,CDNS/2018/page_82.pdf-4,CDNS/2018,1,error,
346,ETR/2016/page_17.pdf-3,ETR/2016,1,error,
347,IP/2005/page_31.pdf-1,IP/2005,1,error,
348,ADBE/2018/page_71.pdf-2,ADBE/2018,0,correct,
349,MRO/2008/page_145.pdf-1,MRO/2008,0,correct,
350,RL/2016/page_9.pdf-1,RL/2016,1,error,
351,WELL/2017/page_48.pdf-4,WELL/2017,0,correct,
352,BLL/2007/page_46.pdf-3,BLL/2007,1,error,
353,MMM/2007/page_36.pdf-1,MMM/2007,1,error,
354,ETR/2008/page_153.pdf-1,ETR/2008,1,error,
355,KMI/2010/page_164.pdf-2,KMI/2010,0,correct,
356,HWM/2015/page_87.pdf-1,HWM/2015,0,correct,
357,ETR/2008/page_212.pdf-4,ETR/2008,1,error,
358,ETR/2008/page_212.pdf-1,ETR/2008,1,error,
359,IP/2015/page_44.pdf-2,IP/2015,1,error,
360,AWK/2014/page_7.pdf-1,AWK/2014,1,error,
361,AAPL/2004/page_83.pdf-2,AAPL/2004,0,correct,
362,LMT/2013/page_81.pdf-3,LMT/2013,1,error,
363,LMT/2010/page_37.pdf-2,LMT/2010,0,correct,
364,CDNS/2007/page_30.pdf-3,CDNS/2007,0,correct,
365,ETR/2017/page_414.pdf-3,ETR/2017,0,correct,
366,JPM/2003/page_44.pdf-4,JPM/2003,0,correct,
367,AAPL/2011/page_37.pdf-2,AAPL/2011,1,error,
368,UNP/2009/page_61.pdf-2,UNP/2009,0,correct,
369,UNP/2015/page_80.pdf-1,UNP/2015,0,correct,
370,ETR/2004/page_159.pdf-2,ETR/2004,0,correct,
371,VTR/2007/page_97.pdf-4,VTR/2007,1,error,
372,MRO/2008/page_42.pdf-3,MRO/2008,1,error,
373,DRE/2009/page_59.pdf-1,DRE/2009,1,error,
374,GIS/2018/page_59.pdf-1,GIS/2018,0,correct,
375,AMT/2006/page_96.pdf-2,AMT/2006,1,error,
376,MAA/2018/page_19.pdf-1,MAA/2018,1,error,
377,ETR/2008/page_337.pdf-2,ETR/2008,0,correct,
378,AWK/2015/page_112.pdf-3,AWK/2015,1,error,
379,GPN/2009/page_68.pdf-2,GPN/2009,1,error,
380,AES/2011/page_270.pdf-1,AES/2011,1,error,
381,AAL/2014/page_92.pdf-4,AAL/2014,1,error,
382,WELL/2016/page_61.pdf-2,WELL/2016,1,error,
383,C/2009/page_141.pdf-1,C/2009,1,error,
384,ETR/2015/page_24.pdf-1,ETR/2015,0,correct,
385,AON/2009/page_90.pdf-4,AON/2009,1,error,
386,JPM/2007/page_152.pdf-3,JPM/2007,0,correct,
387,ETR/2008/page_336.pdf-2,ETR/2008,1,error,
388,AES/2011/page_261.pdf-2,AES/2011,1,error,
389,GS/2017/page_176.pdf-1,GS/2017,1,error,
390,VTR/2003/page_39.pdf-4,VTR/2003,1,error,
391,AWK/2018/page_131.pdf-2,AWK/2018,1,error,
392,DVN/2007/page_78.pdf-1,DVN/2007,1,error,
393,AMT/2006/page_107.pdf-3,AMT/2006,1,error,
394,GPN/2007/page_18.pdf-1,GPN/2007,1,error,
395,ETR/2013/page_15.pdf-3,ETR/2013,0,correct,
396,DVN/2017/page_31.pdf-2,DVN/2017,1,error,
397,UNP/2008/page_26.pdf-2,UNP/2008,1,error,
398,PNC/2014/page_203.pdf-2,PNC/2014,0,correct,
399,UNP/2013/page_14.pdf-2,UNP/2013,0,correct,
400,MRO/2008/page_41.pdf-4,MRO/2008,1,error,
401,AAL/2015/page_183.pdf-4,AAL/2015,1,error,
402,AMAT/2015/page_33.pdf-1,AMAT/2015,1,error,
403,UAA/2016/page_83.pdf-4,UAA/2016,0,correct,
404,APD/2018/page_41.pdf-1,APD/2018,1,error,
405,AON/2015/page_72.pdf-1,AON/2015,1,error,
406,DVN/2014/page_112.pdf-2,DVN/2014,0,correct,
407,TMUS/2016/page_32.pdf-3,TMUS/2016,1,error,
408,RCL/2005/page_40.pdf-4,RCL/2005,1,error,
409,JPM/2012/page_109.pdf-1,JPM/2012,0,correct,
410,JPM/2012/page_157.pdf-1,JPM/2012,0,correct,
411,AWK/2017/page_136.pdf-2,AWK/2017,1,error,
412,SNA/2007/page_80.pdf-2,SNA/2007,0,correct,
413,IP/2014/page_101.pdf-2,IP/2014,1,error,
414,ETR/2002/page_266.pdf-2,ETR/2002,1,error,
415,STT/2009/page_122.pdf-3,STT/2009,1,error,
416,DISH/2014/page_142.pdf-2,DISH/2014,1,error,
417,K/2013/page_27.pdf-2,K/2013,1,error,
418,FIS/2016/page_64.pdf-1,FIS/2016,0,correct,
419,ORLY/2015/page_28.pdf-4,ORLY/2015,0,correct,
420,HFC/2011/page_92.pdf-4,HFC/2011,0,correct,
421,IP/2005/page_31.pdf-2,IP/2005,0,correct,
422,VTR/2006/page_88.pdf-2,VTR/2006,1,error,
423,C/2009/page_248.pdf-3,C/2009,0,correct,
424,IPG/2009/page_67.pdf-4,IPG/2009,0,correct,
425,MRO/2008/page_70.pdf-3,MRO/2008,0,correct,
426,TROW/2011/page_13.pdf-2,TROW/2011,1,error,
427,STT/2012/page_42.pdf-1,STT/2012,0,correct,
428,C/2009/page_41.pdf-1,C/2009,1,error,
429,LMT/2015/page_86.pdf-1,LMT/2015,0,correct,
430,CE/2010/page_150.pdf-1,CE/2010,1,error,
431,ETFC/2007/page_22.pdf-4,ETFC/2007,1,error,
432,INTC/2013/page_47.pdf-3,INTC/2013,1,error,
433,PKG/2001/page_78.pdf-1,PKG/2001,1,error,
434,K/2012/page_44.pdf-1,K/2012,1,error,
435,STZ/2005/page_57.pdf-4,STZ/2005,0,correct,
436,EL/2009/page_112.pdf-2,EL/2009,1,error,
437,AAPL/2015/page_56.pdf-1,AAPL/2015,0,correct,
438,ETR/2009/page_141.pdf-2,ETR/2009,1,error,
439,UAA/2016/page_83.pdf-2,UAA/2016,1,error,
440,ETR/2013/page_93.pdf-1,ETR/2013,1,error,
441,UPS/2013/page_56.pdf-3,UPS/2013,1,error,
442,GPN/2016/page_69.pdf-2,GPN/2016,1,error,
443,AAPL/2006/page_93.pdf-1,AAPL/2006,1,error,
444,ETR/2008/page_343.pdf-4,ETR/2008,0,correct,
445,STT/2012/page_42.pdf-3,STT/2012,1,error,
446,C/2009/page_38.pdf-2,C/2009,0,correct,
447,AWK/2018/page_142.pdf-4,AWK/2018,0,correct,
448,BLK/2016/page_35.pdf-2,BLK/2016,1,error,
449,CE/2010/page_134.pdf-4,CE/2010,1,error,
450,ETR/2004/page_186.pdf-1,ETR/2004,1,error,
451,RL/2016/page_9.pdf-2,RL/2016,1,error,
452,SNPS/2012/page_64.pdf-2,SNPS/2012,0,correct,
453,HIG/2014/page_126.pdf-2,HIG/2014,0,correct,
454,LMT/2016/page_87.pdf-2,LMT/2016,1,error,
455,LMT/2002/page_33.pdf-4,LMT/2002,1,error,
456,UPS/2007/page_103.pdf-3,UPS/2007,0,correct,
457,GS/2013/page_184.pdf-2,GS/2013,1,error,
458,ILMN/2006/page_92.pdf-3,ILMN/2006,1,error,
459,GS/2012/page_64.pdf-1,GS/2012,1,error,
460,AWK/2018/page_150.pdf-2,AWK/2018,1,error,
461,UA/2011/page_66.pdf-1,UA/2011,1,error,
462,BKNG/2017/page_35.pdf-3,BKNG/2017,0,correct,
463,DISCA/2011/page_35.pdf-4,DISCA/2011,0,correct,
464,PKG/2001/page_86.pdf-3,PKG/2001,1,error,
465,CB/2008/page_144.pdf-2,CB/2008,1,error,
466,LMT/2007/page_39.pdf-2,LMT/2007,1,error,
467,FIS/2010/page_89.pdf-4,FIS/2010,1,error,
468,IPG/2015/page_38.pdf-1,IPG/2015,0,correct,
469,AAP/2011/page_16.pdf-1,AAP/2011,0,correct,
470,ETR/2017/page_343.pdf-2,ETR/2017,1,error,
471,JPM/2012/page_109.pdf-2,JPM/2012,0,correct,
472,AWK/2017/page_143.pdf-4,AWK/2017,1,error,
473,CE/2016/page_88.pdf-1,CE/2016,0,correct,
474,ETR/2015/page_133.pdf-1,ETR/2015,0,correct,
475,AAL/2015/page_83.pdf-2,AAL/2015,1,error,
476,AMT/2005/page_83.pdf-1,AMT/2005,1,error,
477,UNP/2008/page_81.pdf-1,UNP/2008,1,error,
478,KMI/2014/page_18.pdf-1,KMI/2014,0,correct,
479,VTR/2007/page_48.pdf-2,VTR/2007,0,correct,
480,IP/2007/page_38.pdf-1,IP/2007,1,error,
481,AAPL/2006/page_79.pdf-2,AAPL/2006,1,error,
482,LMT/2013/page_44.pdf-2,LMT/2013,0,correct,
483,AMT/2014/page_64.pdf-1,AMT/2014,1,error,
484,GS/2013/page_193.pdf-3,GS/2013,1,error,
485,UPS/2013/page_34.pdf-2,UPS/2013,0,correct,
486,AMT/2007/page_116.pdf-3,AMT/2007,1,error,
487,JKHY/2015/page_20.pdf-3,JKHY/2015,1,error,
488,ADBE/2014/page_99.pdf-2,ADBE/2014,1,error,
489,LMT/2017/page_26.pdf-1,LMT/2017,0,correct,
490,ETR/2016/page_343.pdf-4,ETR/2016,1,error,
491,UNP/2010/page_27.pdf-1,UNP/2010,1,error,
492,BLK/2008/page_75.pdf-2,BLK/2008,1,error,
493,VNO/2010/page_88.pdf-2,VNO/2010,0,correct,
494,ETR/2017/page_25.pdf-2,ETR/2017,1,error,
495,KIM/2009/page_145.pdf-1,KIM/2009,1,error,
496,ETR/2015/page_133.pdf-4,ETR/2015,1,error,
497,ETR/2004/page_335.pdf-2,ETR/2004,0,correct,
498,UPS/2015/page_35.pdf-3,UPS/2015,0,correct,
499,UNP/2012/page_55.pdf-2,UNP/2012,1,error,
500,AWK/2017/page_154.pdf-1,AWK/2017,1,error,
501,LMT/2016/page_105.pdf-4,LMT/2016,0,correct,
502,ETR/2016/page_175.pdf-4,ETR/2016,1,error,
503,JPM/2014/page_128.pdf-2,JPM/2014,0,correct,
504,LLY/2008/page_45.pdf-3,LLY/2008,1,error,
505,MKTX/2014/page_39.pdf-3,MKTX/2014,0,correct,
506,HIG/2016/page_250.pdf-1,HIG/2016,0,correct,
507,ETR/2015/page_24.pdf-2,ETR/2015,0,correct,
508,IP/2012/page_64.pdf-1,IP/2012,1,error,
509,UNP/2017/page_23.pdf-1,UNP/2017,1,error,
510,SLG/2010/page_50.pdf-1,SLG/2010,1,error,
511,C/2009/page_141.pdf-2,C/2009,1,error,
512,LMT/2010/page_36.pdf-1,LMT/2010,0,correct,
513,ETR/2008/page_27.pdf-1,ETR/2008,0,correct,
514,ETR/2008/page_401.pdf-3,ETR/2008,1,error,
515,ETR/2017/page_441.pdf-3,ETR/2017,0,correct,
516,ETR/2015/page_18.pdf-3,ETR/2015,1,error,
517,IPG/2014/page_23.pdf-2,IPG/2014,0,correct,
518,AMT/2012/page_123.pdf-2,AMT/2012,1,error,
519,ETR/2004/page_86.pdf-1,ETR/2004,0,correct,
520,AAPL/2011/page_65.pdf-1,AAPL/2011,0,correct,
521,JPM/2016/page_73.pdf-4,JPM/2016,0,correct,
522,AMT/2012/page_119.pdf-3,AMT/2012,0,correct,
523,AAL/2015/page_183.pdf-1,AAL/2015,1,error,
524,RSG/2013/page_16.pdf-1,RSG/2013,0,correct,
525,RCL/2014/page_80.pdf-3,RCL/2014,1,error,
526,AMT/2014/page_120.pdf-2,AMT/2014,1,error,
527,RSG/2018/page_47.pdf-2,RSG/2018,0,correct,
528,SWKS/2008/page_105.pdf-3,SWKS/2008,1,error,
529,MRO/2009/page_57.pdf-2,MRO/2009,0,correct,
530,ETR/2016/page_342.pdf-1,ETR/2016,1,error,
531,C/2008/page_217.pdf-2,C/2008,1,error,
532,BLK/2017/page_35.pdf-2,BLK/2017,0,correct,
533,LMT/2017/page_101.pdf-1,LMT/2017,0,correct,
534,DISCA/2016/page_30.pdf-2,DISCA/2016,0,correct,
535,BLK/2012/page_32.pdf-1,BLK/2012,0,correct,
536,CDNS/2007/page_30.pdf-2,CDNS/2007,1,error,
537,OKE/2007/page_51.pdf-1,OKE/2007,1,error,
538,JPM/2015/page_77.pdf-2,JPM/2015,1,error,
539,ETR/2015/page_50.pdf-2,ETR/2015,0,correct,
540,GS/2013/page_195.pdf-4,GS/2013,0,correct,
541,LKQ/2010/page_72.pdf-1,LKQ/2010,0,correct,
542,STT/2007/page_65.pdf-1,STT/2007,1,error,
543,IP/2005/page_27.pdf-1,IP/2005,1,error,
544,UAA/2016/page_81.pdf-1,UAA/2016,1,error,
545,ETR/2008/page_266.pdf-3,ETR/2008,1,error,
546,TROW/2011/page_13.pdf-3,TROW/2011,1,error,
547,STZ/2010/page_51.pdf-2,STZ/2010,0,correct,
548,AAL/2015/page_183.pdf-3,AAL/2015,1,error,
549,AWK/2018/page_178.pdf-2,AWK/2018,0,correct,
550,ETR/2004/page_160.pdf-1,ETR/2004,1,error,
551,UNP/2013/page_24.pdf-1,UNP/2013,0,correct,
552,UNP/2010/page_30.pdf-1,UNP/2010,0,correct,
553,KHC/2018/page_27.pdf-3,KHC/2018,0,correct,
554,AMT/2007/page_99.pdf-1,AMT/2007,0,correct,
555,IP/2018/page_50.pdf-2,IP/2018,1,error,
556,ADBE/2013/page_89.pdf-4,ADBE/2013,0,correct,
557,UNP/2014/page_32.pdf-2,UNP/2014,1,error,
558,ETFC/2012/page_85.pdf-2,ETFC/2012,1,error,
559,MA/2008/page_116.pdf-3,MA/2008,0,correct,
560,UPS/2015/page_108.pdf-1,UPS/2015,1,error,
561,CMCSA/2004/page_30.pdf-1,CMCSA/2004,1,error,
562,DISCA/2016/page_30.pdf-3,DISCA/2016,0,correct,
563,ADBE/2012/page_87.pdf-1,ADBE/2012,0,correct,
564,VTR/2007/page_97.pdf-3,VTR/2007,0,correct,
565,GPN/2014/page_71.pdf-2,GPN/2014,0,correct,
566,LMT/2015/page_86.pdf-2,LMT/2015,1,error,
567,FIS/2012/page_11.pdf-2,FIS/2012,1,error,
568,ETR/2015/page_133.pdf-3,ETR/2015,1,error,
569,STZ/2005/page_57.pdf-2,STZ/2005,0,correct,
570,CME/2010/page_71.pdf-4,CME/2010,1,error,
571,AMAT/2012/page_35.pdf-2,AMAT/2012,1,error,
572,AWK/2015/page_109.pdf-3,AWK/2015,1,error,
573,TSCO/2017/page_73.pdf-1,TSCO/2017,1,error,
574,IP/2012/page_58.pdf-1,IP/2012,1,error,
575,LMT/2017/page_83.pdf-1,LMT/2017,1,error,
576,AMAT/2018/page_31.pdf-1,AMAT/2018,0,correct,
577,GS/2012/page_177.pdf-4,GS/2012,1,error,
578,JPM/2009/page_132.pdf-1,JPM/2009,0,correct,
579,AAPL/2011/page_38.pdf-4,AAPL/2011,1,error,
580,GS/2018/page_134.pdf-4,GS/2018,0,correct,
581,JPM/2008/page_177.pdf-4,JPM/2008,1,error,
582,KHC/2018/page_27.pdf-1,KHC/2018,1,error,
583,DISCA/2013/page_60.pdf-2,DISCA/2013,1,error,
584,LLY/2008/page_43.pdf-2,LLY/2008,1,error,
585,RL/2014/page_13.pdf-2,RL/2014,1,error,
586,ETR/2008/page_438.pdf-1,ETR/2008,0,correct,
587,APD/2014/page_36.pdf-1,APD/2014,1,error,
588,LMT/2010/page_39.pdf-1,LMT/2010,1,error,
589,AMAT/2012/page_35.pdf-1,AMAT/2012,1,error,
590,APTV/2015/page_47.pdf-2,APTV/2015,1,error,
591,INTC/2013/page_40.pdf-3,INTC/2013,0,correct,
592,PNC/2013/page_65.pdf-1,PNC/2013,1,error,
593,AAPL/2002/page_63.pdf-2,AAPL/2002,1,error,
594,ETR/2017/page_19.pdf-2,ETR/2017,0,correct,
595,AOS/2007/page_17.pdf-2,AOS/2007,1,error,
596,IPG/2009/page_89.pdf-1,IPG/2009,1,error,
597,FITB/2008/page_69.pdf-4,FITB/2008,1,error,
598,GPN/2016/page_84.pdf-3,GPN/2016,1,error,
599,AWK/2018/page_178.pdf-1,AWK/2018,1,error,
600,DRE/2002/page_30.pdf-1,DRE/2002,0,correct,
601,MAS/2010/page_86.pdf-2,MAS/2010,1,error,
602,AWK/2015/page_112.pdf-1,AWK/2015,1,error,
603,ETFC/2011/page_23.pdf-2,ETFC/2011,1,error,
604,ETR/2004/page_163.pdf-5,ETR/2004,1,error,
605,CMCSA/2015/page_42.pdf-1,CMCSA/2015,0,correct,
606,AMAT/2016/page_32.pdf-1,AMAT/2016,0,correct,
607,ILMN/2008/page_77.pdf-1,ILMN/2008,1,error,
608,MAR/2005/page_52.pdf-1,MAR/2005,0,correct,
609,TSCO/2017/page_28.pdf-2,TSCO/2017,0,correct,
610,MRO/2009/page_32.pdf-4,MRO/2009,1,error,
611,STT/2008/page_139.pdf-3,STT/2008,0,correct,
612,AAP/2011/page_16.pdf-2,AAP/2011,0,correct,
613,MAR/2010/page_55.pdf-2,MAR/2010,1,error,
614,MMM/2007/page_66.pdf-1,MMM/2007,1,error,
615,BKNG/2015/page_38.pdf-3,BKNG/2015,1,error,
616,DISCA/2016/page_30.pdf-4,DISCA/2016,0,correct,
617,ABMD/2015/page_93.pdf-2,ABMD/2015,1,error,
618,JPM/2016/page_141.pdf-2,JPM/2016,0,correct,
619,PNC/2012/page_98.pdf-4,PNC/2012,1,error,
620,ETR/2017/page_441.pdf-1,ETR/2017,0,correct,
621,AOS/2016/page_19.pdf-2,AOS/2016,0,correct,
622,C/2008/page_176.pdf-3,C/2008,1,error,
623,ETR/2004/page_19.pdf-2,ETR/2004,0,correct,
624,HST/2018/page_160.pdf-2,HST/2018,0,correct,
625,MA/2008/page_125.pdf-4,MA/2008,1,error,
626,ETR/2015/page_24.pdf-3,ETR/2015,0,correct,
627,LMT/2013/page_26.pdf-3,LMT/2013,1,error,
628,JKHY/2016/page_61.pdf-1,JKHY/2016,0,correct,
629,AAL/2015/page_187.pdf-2,AAL/2015,1,error,
630,SNA/2007/page_47.pdf-1,SNA/2007,1,error,
631,NKE/2015/page_37.pdf-4,NKE/2015,1,error,
632,ETR/2008/page_362.pdf-3,ETR/2008,0,correct,
633,ETR/2004/page_160.pdf-2,ETR/2004,1,error,
634,LMT/2016/page_85.pdf-1,LMT/2016,1,error,
635,LMT/2016/page_83.pdf-2,LMT/2016,1,error,
636,C/2009/page_48.pdf-1,C/2009,1,error,
637,JPM/2003/page_100.pdf-1,JPM/2003,1,error,
638,PKG/2004/page_21.pdf-2,PKG/2004,0,correct,
639,ETR/2017/page_25.pdf-4,ETR/2017,0,correct,
640,AWK/2012/page_118.pdf-4,AWK/2012,1,error,
641,ETR/2016/page_352.pdf-1,ETR/2016,0,correct,
642,BLL/2010/page_58.pdf-1,BLL/2010,0,correct,
643,JPM/2003/page_28.pdf-2,JPM/2003,0,correct,
644,ETR/2008/page_314.pdf-4,ETR/2008,0,correct,
645,AES/2011/page_230.pdf-3,AES/2011,1,error,
646,HOLX/2007/page_130.pdf-2,HOLX/2007,0,correct,
647,RL/2018/page_9.pdf-2,RL/2018,1,error,
648,STT/2006/page_92.pdf-4,STT/2006,1,error,
649,MAS/2010/page_29.pdf-4,MAS/2010,1,error,
650,JPM/2008/page_86.pdf-2,JPM/2008,1,error,
651,AMAT/2015/page_14.pdf-3,AMAT/2015,1,error,
652,INTC/2013/page_40.pdf-2,INTC/2013,1,error,
653,ETR/2008/page_267.pdf-4,ETR/2008,0,correct,
654,ETR/2008/page_438.pdf-2,ETR/2008,0,correct,
655,DISCA/2013/page_45.pdf-1,DISCA/2013,0,correct,
656,ETR/2008/page_336.pdf-4,ETR/2008,0,correct,
657,WELL/2016/page_61.pdf-1,WELL/2016,1,error,
658,MKTX/2004/page_24.pdf-1,MKTX/2004,0,correct,
659,AMT/2014/page_88.pdf-2,AMT/2014,1,error,
660,SLB/2010/page_58.pdf-1,SLB/2010,0,correct,
661,AMT/2012/page_123.pdf-3,AMT/2012,1,error,
662,FIS/2012/page_11.pdf-3,FIS/2012,1,error,
663,RL/2009/page_20.pdf-1,RL/2009,1,error,
664,PNC/2013/page_85.pdf-2,PNC/2013,0,correct,
665,EL/2009/page_112.pdf-1,EL/2009,0,correct,
666,AES/2011/page_269.pdf-2,AES/2011,1,error,
667,CDNS/2018/page_82.pdf-3,CDNS/2018,1,error,
668,RE/2017/page_145.pdf-3,RE/2017,1,error,
669,IP/2012/page_55.pdf-1,IP/2012,1,error,
670,AAL/2014/page_89.pdf-1,AAL/2014,1,error,
671,AES/2011/page_260.pdf-1,AES/2011,1,error,
672,RSG/2015/page_18.pdf-1,RSG/2015,0,correct,
673,RSG/2012/page_145.pdf-1,RSG/2012,1,error,
674,DVN/2010/page_70.pdf-1,DVN/2010,1,error,
675,CNC/2003/page_41.pdf-1,CNC/2003,1,error,
676,AAL/2014/page_92.pdf-1,AAL/2014,1,error,
677,HFC/2017/page_103.pdf-5,HFC/2017,0,correct,
678,AAPL/2017/page_23.pdf-2,AAPL/2017,0,correct,
679,GPN/2017/page_76.pdf-2,GPN/2017,1,error,
680,UNP/2018/page_50.pdf-1,UNP/2018,0,correct,
681,ETR/2008/page_314.pdf-1,ETR/2008,0,correct,
682,IPG/2017/page_26.pdf-2,IPG/2017,0,correct,
683,V/2013/page_113.pdf-1,V/2013,1,error,
684,NKE/2015/page_37.pdf-2,NKE/2015,1,error,
685,RSG/2008/page_127.pdf-2,RSG/2008,1,error,
686,MA/2008/page_113.pdf-4,MA/2008,0,correct,
687,SLG/2012/page_61.pdf-2,SLG/2012,0,correct,
688,AWK/2018/page_172.pdf-3,AWK/2018,1,error,
689,ETFC/2013/page_155.pdf-1,ETFC/2013,0,correct,
690,LMT/2016/page_50.pdf-3,LMT/2016,0,correct,
691,HOLX/2005/page_27.pdf-1,HOLX/2005,0,correct,
692,MA/2008/page_70.pdf-1,MA/2008,0,correct,
693,LMT/2017/page_26.pdf-2,LMT/2017,1,error,
694,ETR/2004/page_19.pdf-1,ETR/2004,0,correct,
695,AAL/2015/page_183.pdf-2,AAL/2015,1,error,
696,LMT/2013/page_45.pdf-2,LMT/2013,0,correct,
697,STT/2007/page_65.pdf-3,STT/2007,0,correct,
698,IP/2005/page_28.pdf-2,IP/2005,1,error,
699,STT/2008/page_73.pdf-3,STT/2008,0,correct,
700,HUM/2005/page_80.pdf-3,HUM/2005,0,correct,
701,JKHY/2015/page_20.pdf-1,JKHY/2015,1,error,
702,GS/2016/page_183.pdf-4,GS/2016,1,error,
703,HST/2018/page_160.pdf-1,HST/2018,0,correct,
704,ETR/2008/page_187.pdf-2,ETR/2008,1,error,
705,C/2009/page_255.pdf-2,C/2009,1,error,
706,VNO/2010/page_88.pdf-1,VNO/2010,0,correct,
707,ETR/2017/page_414.pdf-1,ETR/2017,1,error,
708,EW/2014/page_35.pdf-1,EW/2014,1,error,
709,AAPL/2015/page_68.pdf-3,AAPL/2015,1,error,
710,ETR/2015/page_111.pdf-1,ETR/2015,0,correct,
711,PKG/2018/page_66.pdf-1,PKG/2018,1,error,
712,RSG/2008/page_141.pdf-1,RSG/2008,0,correct,
713,TROW/2013/page_25.pdf-3,TROW/2013,1,error,
714,HFC/2017/page_103.pdf-1,HFC/2017,1,error,
715,C/2008/page_26.pdf-3,C/2008,0,correct,
716,FIS/2012/page_30.pdf-2,FIS/2012,0,correct,
717,GS/2012/page_177.pdf-2,GS/2012,1,error,
718,RCL/2017/page_38.pdf-2,RCL/2017,0,correct,
719,STT/2008/page_139.pdf-4,STT/2008,0,correct,
720,AAPL/2006/page_79.pdf-3,AAPL/2006,1,error,
721,ETR/2015/page_155.pdf-1,ETR/2015,1,error,
722,JPM/2015/page_83.pdf-1,JPM/2015,0,correct,
723,LMT/2013/page_81.pdf-2,LMT/2013,0,correct,
724,C/2008/page_176.pdf-1,C/2008,1,error,
725,IP/2013/page_62.pdf-1,IP/2013,1,error,
726,SLB/2010/page_90.pdf-1,SLB/2010,0,correct,
727,UNP/2008/page_71.pdf-2,UNP/2008,1,error,
728,UPS/2013/page_34.pdf-3,UPS/2013,1,error,
729,STT/2006/page_92.pdf-3,STT/2006,1,error,
730,LLY/2018/page_99.pdf-3,LLY/2018,0,correct,
731,C/2008/page_219.pdf-1,C/2008,1,error,
732,MRO/2009/page_137.pdf-3,MRO/2009,1,error,
733,ETR/2016/page_352.pdf-2,ETR/2016,0,correct,
734,UNP/2009/page_83.pdf-2,UNP/2009,1,error,
735,C/2008/page_207.pdf-2,C/2008,0,correct,
736,LMT/2016/page_50.pdf-4,LMT/2016,1,error,
737,AWK/2017/page_136.pdf-3,AWK/2017,1,error,
738,BLK/2017/page_87.pdf-1,BLK/2017,1,error,
739,LKQ/2009/page_66.pdf-2,LKQ/2009,1,error,
740,ORLY/2017/page_30.pdf-1,ORLY/2017,1,error,
741,C/2009/page_194.pdf-2,C/2009,1,error,
742,FITB/2008/page_69.pdf-3,FITB/2008,1,error,
743,AAPL/2018/page_23.pdf-1,AAPL/2018,0,correct,
744,UNP/2018/page_50.pdf-2,UNP/2018,1,error,
745,APD/2013/page_44.pdf-1,APD/2013,1,error,
746,SNPS/2012/page_61.pdf-4,SNPS/2012,1,error,
747,SLG/2009/page_99.pdf-4,SLG/2009,1,error,
748,EW/2016/page_36.pdf-2,EW/2016,1,error,
749,AMT/2007/page_99.pdf-4,AMT/2007,0,correct,
750,MAR/2005/page_52.pdf-2,MAR/2005,0,correct,
751,SNPS/2006/page_68.pdf-2,SNPS/2006,1,error,
752,GS/2018/page_165.pdf-2,GS/2018,0,correct,
753,RSG/2018/page_56.pdf-2,RSG/2018,1,error,
754,RCL/2012/page_80.pdf-1,RCL/2012,1,error,
755,HIG/2013/page_124.pdf-3,HIG/2013,1,error,
756,ADI/2012/page_65.pdf-1,ADI/2012,0,correct,
757,C/2009/page_279.pdf-2,C/2009,1,error,
758,APTV/2013/page_48.pdf-2,APTV/2013,0,correct,
759,SLB/2006/page_82.pdf-3,SLB/2006,1,error,
760,AMAT/2016/page_30.pdf-3,AMAT/2016,0,correct,
761,AAL/2015/page_131.pdf-3,AAL/2015,1,error,
762,ETR/2004/page_186.pdf-4,ETR/2004,1,error,
763,WRK/2019/page_31.pdf-3,WRK/2019,0,correct,
764,ORLY/2018/page_30.pdf-1,ORLY/2018,0,correct,
765,ETR/2004/page_159.pdf-4,ETR/2004,1,error,
766,BLL/2006/page_89.pdf-1,BLL/2006,1,error,
767,GPN/2016/page_67.pdf-1,GPN/2016,1,error,
768,AMT/2016/page_69.pdf-3,AMT/2016,0,correct,
769,ETR/2008/page_343.pdf-3,ETR/2008,1,error,
770,AWK/2014/page_45.pdf-2,AWK/2014,1,error,
771,SLG/2010/page_50.pdf-2,SLG/2010,1,error,
772,DVN/2013/page_101.pdf-3,DVN/2013,1,error,
773,AAPL/2006/page_79.pdf-4,AAPL/2006,0,correct,
774,APTV/2015/page_50.pdf-2,APTV/2015,0,correct,
775,AAP/2013/page_32.pdf-2,AAP/2013,1,error,
776,APD/2014/page_71.pdf-1,APD/2014,1,error,
777,ETR/2016/page_505.pdf-2,ETR/2016,1,error,
778,PKG/2004/page_21.pdf-3,PKG/2004,1,error,
779,STT/2008/page_139.pdf-1,STT/2008,1,error,
780,AON/2010/page_100.pdf-3,AON/2010,1,error,
781,PNC/2014/page_203.pdf-4,PNC/2014,0,correct,
782,VNO/2003/page_102.pdf-2,VNO/2003,1,error,
783,GS/2014/page_62.pdf-2,GS/2014,0,correct,
784,HST/2018/page_115.pdf-2,HST/2018,1,error,
785,ORLY/2016/page_29.pdf-3,ORLY/2016,0,correct,
786,UNP/2017/page_74.pdf-2,UNP/2017,1,error,
787,AES/2001/page_43.pdf-2,AES/2001,1,error,
788,VTR/2007/page_48.pdf-4,VTR/2007,0,correct,
789,ETR/2004/page_186.pdf-3,ETR/2004,1,error,
790,DVN/2014/page_112.pdf-4,DVN/2014,1,error,
791,TSCO/2018/page_31.pdf-1,TSCO/2018,0,correct,
792,PPG/2018/page_60.pdf-1,PPG/2018,1,error,
793,ADBE/2014/page_99.pdf-3,ADBE/2014,1,error,
794,AWK/2015/page_106.pdf-3,AWK/2015,0,correct,
795,AWK/2017/page_172.pdf-1,AWK/2017,1,error,
796,DISCA/2012/page_54.pdf-3,DISCA/2012,0,correct,
797,AWK/2017/page_154.pdf-4,AWK/2017,1,error,
798,AWK/2013/page_123.pdf-1,AWK/2013,1,error,
799,RL/2015/page_9.pdf-2,RL/2015,1,error,
800,NKE/2015/page_37.pdf-3,NKE/2015,1,error,
801,MRO/2008/page_70.pdf-1,MRO/2008,0,correct,
802,HUM/2012/page_109.pdf-2,HUM/2012,0,correct,
803,AWK/2015/page_127.pdf-2,AWK/2015,1,error,
804,GS/2014/page_134.pdf-1,GS/2014,1,error,
805,RCL/2006/page_37.pdf-2,RCL/2006,1,error,
806,SLG/2010/page_81.pdf-4,SLG/2010,0,correct,
807,LMT/2007/page_55.pdf-2,LMT/2007,0,correct,
808,LMT/2010/page_37.pdf-4,LMT/2010,1,error,
809,PKG/2006/page_68.pdf-4,PKG/2006,1,error,
810,ALLE/2018/page_121.pdf-2,ALLE/2018,1,error,
811,UPS/2013/page_56.pdf-1,UPS/2013,1,error,
812,AAPL/2014/page_78.pdf-1,AAPL/2014,1,error,
813,GPN/2013/page_71.pdf-1,GPN/2013,1,error,
814,IPG/2018/page_26.pdf-1,IPG/2018,0,correct,
815,FIS/2007/page_33.pdf-1,FIS/2007,1,error,
816,TFX/2015/page_42.pdf-1,TFX/2015,1,error,
817,AMT/2015/page_58.pdf-1,AMT/2015,1,error,
818,C/2016/page_120.pdf-2,C/2016,0,correct,
819,LMT/2016/page_85.pdf-3,LMT/2016,1,error,
820,RSG/2017/page_74.pdf-1,RSG/2017,0,correct,
821,RCL/2017/page_38.pdf-1,RCL/2017,1,error,
822,GRMN/2006/page_91.pdf-2,GRMN/2006,1,error,
823,AAPL/2002/page_63.pdf-3,AAPL/2002,1,error,
824,BLK/2017/page_35.pdf-1,BLK/2017,0,correct,
825,RCL/2016/page_37.pdf-3,RCL/2016,0,correct,
826,LLY/2018/page_42.pdf-2,LLY/2018,1,error,
827,AAPL/2002/page_26.pdf-4,AAPL/2002,0,correct,
828,APD/2019/page_100.pdf-2,APD/2019,1,error,
829,UPS/2017/page_111.pdf-1,UPS/2017,0,correct,
830,PPG/2005/page_20.pdf-2,PPG/2005,0,correct,
831,HIG/2004/page_192.pdf-4,HIG/2004,1,error,
832,RSG/2009/page_78.pdf-2,RSG/2009,1,error,
833,AWK/2015/page_21.pdf-2,AWK/2015,1,error,
834,AON/2015/page_29.pdf-2,AON/2015,0,correct,
835,LMT/2010/page_24.pdf-1,LMT/2010,0,correct,
836,BKR/2018/page_127.pdf-1,BKR/2018,0,correct,
837,ETR/2008/page_336.pdf-3,ETR/2008,1,error,
838,UNP/2010/page_55.pdf-2,UNP/2010,1,error,
839,AAPL/2013/page_39.pdf-1,AAPL/2013,0,correct,
840,ETR/2013/page_15.pdf-4,ETR/2013,0,correct,
841,PPG/2012/page_70.pdf-1,PPG/2012,1,error,
842,MMM/2007/page_37.pdf-1,MMM/2007,1,error,
843,SNPS/2009/page_59.pdf-2,SNPS/2009,1,error,
844,EW/2014/page_68.pdf-1,EW/2014,0,correct,
845,APD/2018/page_113.pdf-1,APD/2018,1,error,
846,AMAT/2016/page_30.pdf-2,AMAT/2016,1,error,
847,FIS/2016/page_64.pdf-2,FIS/2016,1,error,
848,AMT/2016/page_69.pdf-1,AMT/2016,1,error,
849,STT/2017/page_63.pdf-3,STT/2017,0,correct,
850,HWM/2015/page_89.pdf-1,HWM/2015,0,correct,
851,HFC/2011/page_92.pdf-1,HFC/2011,0,correct,
852,PNC/2008/page_144.pdf-1,PNC/2008,1,error,
853,ETR/2002/page_266.pdf-1,ETR/2002,1,error,
854,RSG/2013/page_92.pdf-1,RSG/2013,1,error,
855,PNC/2011/page_74.pdf-1,PNC/2011,1,error,
856,PNC/2012/page_110.pdf-1,PNC/2012,1,error,
857,AMAT/2015/page_31.pdf-1,AMAT/2015,1,error,
858,ETR/2016/page_324.pdf-3,ETR/2016,0,correct,
859,PNC/2014/page_151.pdf-2,PNC/2014,0,correct,
860,HOLX/2005/page_61.pdf-1,HOLX/2005,1,error,
861,LMT/2017/page_101.pdf-3,LMT/2017,0,correct,
862,FIS/2007/page_33.pdf-2,FIS/2007,1,error,
863,IP/2007/page_32.pdf-2,IP/2007,1,error,
864,KHC/2018/page_27.pdf-4,KHC/2018,1,error,
865,AAL/2015/page_15.pdf-4,AAL/2015,1,error,
866,DVN/2015/page_117.pdf-3,DVN/2015,1,error,
867,AMAT/2016/page_32.pdf-2,AMAT/2016,1,error,
868,JPM/2016/page_73.pdf-1,JPM/2016,0,correct,
869,ECL/2017/page_68.pdf-1,ECL/2017,0,correct,
870,ETR/2016/page_403.pdf-1,ETR/2016,0,correct,
871,ORLY/2016/page_29.pdf-2,ORLY/2016,0,correct,
872,HIG/2004/page_81.pdf-1,HIG/2004,0,correct,
873,VNO/2012/page_190.pdf-2,VNO/2012,1,error,
874,IPG/2018/page_78.pdf-1,IPG/2018,0,correct,
875,ADBE/2011/page_116.pdf-1,ADBE/2011,1,error,
876,PNC/2017/page_168.pdf-1,PNC/2017,1,error,
877,UNP/2013/page_29.pdf-1,UNP/2013,1,error,
878,MRO/2009/page_107.pdf-4,MRO/2009,1,error,
879,HOLX/2008/page_93.pdf-1,HOLX/2008,1,error,
880,PNC/2007/page_107.pdf-1,PNC/2007,1,error,
881,EW/2017/page_83.pdf-2,EW/2017,1,error,
882,AAPL/2002/page_23.pdf-1,AAPL/2002,1,error,
883,SLG/2009/page_99.pdf-2,SLG/2009,1,error,
884,ETR/2008/page_376.pdf-1,ETR/2008,1,error,
885,PNC/2009/page_51.pdf-3,PNC/2009,0,correct,
886,ADBE/2014/page_87.pdf-3,ADBE/2014,1,error,
887,UNP/2007/page_79.pdf-1,UNP/2007,0,correct,
888,UPS/2017/page_111.pdf-2,UPS/2017,0,correct,
889,PNC/2014/page_94.pdf-3,PNC/2014,1,error,
890,DRE/2010/page_36.pdf-1,DRE/2010,1,error,
891,PPG/2013/page_54.pdf-1,PPG/2013,1,error,
892,AWK/2017/page_128.pdf-1,AWK/2017,0,correct,
893,HUM/2005/page_18.pdf-2,HUM/2005,1,error,
894,IP/2012/page_58.pdf-2,IP/2012,1,error,
895,HWM/2018/page_67.pdf-2,HWM/2018,0,correct,
896,DVN/2017/page_31.pdf-1,DVN/2017,1,error,
897,ECL/2017/page_68.pdf-3,ECL/2017,1,error,
898,AWK/2017/page_154.pdf-2,AWK/2017,1,error,
899,HIG/2016/page_253.pdf-1,HIG/2016,0,correct,
900,RE/2006/page_122.pdf-3,RE/2006,1,error,
901,MMM/2007/page_64.pdf-2,MMM/2007,0,correct,
902,UPS/2007/page_32.pdf-1,UPS/2007,1,error,
903,TMUS/2016/page_32.pdf-1,TMUS/2016,0,correct,
904,AMT/2008/page_88.pdf-2,AMT/2008,0,correct,
905,ECL/2015/page_70.pdf-4,ECL/2015,0,correct,
906,ETR/2017/page_373.pdf-1,ETR/2017,1,error,
907,ETR/2016/page_382.pdf-1,ETR/2016,0,correct,
908,HWM/2015/page_172.pdf-1,HWM/2015,0,correct,
909,AAPL/2004/page_83.pdf-1,AAPL/2004,0,correct,
910,PM/2015/page_103.pdf-1,PM/2015,0,correct,
911,CDNS/2016/page_32.pdf-1,CDNS/2016,1,error,
912,EOG/2018/page_89.pdf-1,EOG/2018,1,error,
913,RSG/2015/page_133.pdf-1,RSG/2015,0,correct,
914,MRO/2012/page_40.pdf-1,MRO/2012,0,correct,
915,INTC/2013/page_47.pdf-4,INTC/2013,1,error,
916,ADBE/2012/page_102.pdf-2,ADBE/2012,1,error,
917,ETR/2013/page_14.pdf-1,ETR/2013,1,error,
918,ETR/2016/page_17.pdf-4,ETR/2016,0,correct,
919,C/2008/page_219.pdf-2,C/2008,1,error,
920,C/2009/page_248.pdf-4,C/2009,1,error,
921,IPG/2018/page_26.pdf-2,IPG/2018,0,correct,
922,AMAT/2012/page_37.pdf-1,AMAT/2012,1,error,
923,AWK/2018/page_142.pdf-1,AWK/2018,1,error,
924,UNP/2016/page_75.pdf-1,UNP/2016,0,correct,
925,MA/2008/page_116.pdf-1,MA/2008,1,error,
926,AAL/2014/page_59.pdf-3,AAL/2014,0,correct,
927,ETR/2008/page_33.pdf-3,ETR/2008,1,error,
928,UNP/2010/page_75.pdf-1,UNP/2010,1,error,
929,LMT/2016/page_87.pdf-1,LMT/2016,1,error,
930,UNP/2015/page_76.pdf-1,UNP/2015,1,error,
931,REGN/2010/page_64.pdf-3,REGN/2010,1,error,
932,AMT/2016/page_69.pdf-4,AMT/2016,0,correct,
933,UPS/2017/page_31.pdf-2,UPS/2017,0,correct,
934,TFX/2014/page_44.pdf-2,TFX/2014,1,error,
935,HST/2018/page_115.pdf-3,HST/2018,1,error,
936,ETR/2008/page_154.pdf-4,ETR/2008,1,error,
937,UNP/2012/page_79.pdf-2,UNP/2012,1,error,
938,AAP/2013/page_68.pdf-2,AAP/2013,1,error,
939,CDNS/2016/page_32.pdf-3,CDNS/2016,0,correct,
940,SWKS/2010/page_139.pdf-1,SWKS/2010,0,correct,
941,C/2009/page_41.pdf-2,C/2009,1,error,
942,CE/2009/page_121.pdf-4,CE/2009,0,correct,
943,IP/2015/page_44.pdf-1,IP/2015,1,error,
944,ETR/2004/page_335.pdf-3,ETR/2004,0,correct,
945,KHC/2017/page_21.pdf-2,KHC/2017,1,error,
946,JPM/2009/page_206.pdf-4,JPM/2009,0,correct,
947,HOLX/2006/page_103.pdf-2,HOLX/2006,1,error,
948,ADI/2011/page_92.pdf-1,ADI/2011,0,correct,
949,DISCA/2008/page_141.pdf-1,DISCA/2008,1,error,
950,APTV/2018/page_36.pdf-2,APTV/2018,0,correct,
951,AWK/2015/page_21.pdf-1,AWK/2015,1,error,
952,GS/2015/page_80.pdf-1,GS/2015,0,correct,
953,JPM/2008/page_86.pdf-1,JPM/2008,1,error,
954,GRMN/2008/page_98.pdf-2,GRMN/2008,1,error,
955,AAL/2014/page_80.pdf-4,AAL/2014,1,error,
956,ETR/2013/page_136.pdf-2,ETR/2013,1,error,
957,RE/2010/page_120.pdf-3,RE/2010,1,error,
958,TROW/2011/page_13.pdf-4,TROW/2011,1,error,
959,REGN/2010/page_68.pdf-1,REGN/2010,1,error,
960,EW/2017/page_83.pdf-1,EW/2017,0,correct,
961,ETFC/2007/page_22.pdf-3,ETFC/2007,1,error,
962,WELL/2017/page_48.pdf-2,WELL/2017,0,correct,
963,STT/2009/page_109.pdf-1,STT/2009,0,correct,
964,CB/2009/page_220.pdf-2,CB/2009,1,error,
965,ILMN/2007/page_84.pdf-2,ILMN/2007,0,correct,
966,AON/2013/page_54.pdf-3,AON/2013,0,correct,
967,ETR/2008/page_435.pdf-1,ETR/2008,0,correct,
968,ETR/2017/page_25.pdf-1,ETR/2017,1,error,
969,GRMN/2006/page_91.pdf-1,GRMN/2006,1,error,
970,PKG/2006/page_68.pdf-2,PKG/2006,0,correct,
971,JPM/2003/page_44.pdf-3,JPM/2003,1,error,
972,IPG/2008/page_68.pdf-2,IPG/2008,1,error,
973,HIG/2013/page_212.pdf-1,HIG/2013,0,correct,
974,AAL/2015/page_15.pdf-1,AAL/2015,1,error,
975,STT/2009/page_122.pdf-2,STT/2009,1,error,
976,PNC/2012/page_246.pdf-2,PNC/2012,0,correct,
977,AWK/2017/page_128.pdf-2,AWK/2017,0,correct,
978,ETR/2017/page_414.pdf-4,ETR/2017,0,correct,
979,ETR/2016/page_18.pdf-4,ETR/2016,1,error,
980,UPS/2015/page_108.pdf-3,UPS/2015,1,error,
981,ETR/2016/page_342.pdf-3,ETR/2016,0,correct,
982,JPM/2007/page_152.pdf-1,JPM/2007,1,error,
983,SNPS/2012/page_61.pdf-1,SNPS/2012,0,correct,
984,MRO/2009/page_36.pdf-2,MRO/2009,1,error,
985,STT/2008/page_73.pdf-4,STT/2008,0,correct,
986,ETR/2016/page_382.pdf-4,ETR/2016,0,correct,
987,HIG/2011/page_184.pdf-1,HIG/2011,0,correct,
988,JPM/2007/page_164.pdf-1,JPM/2007,1,error,
989,IP/2013/page_64.pdf-2,IP/2013,1,error,
990,MRO/2009/page_58.pdf-2,MRO/2009,1,error,
991,GRMN/2008/page_84.pdf-1,GRMN/2008,0,correct,
992,CME/2010/page_45.pdf-3,CME/2010,1,error,
993,PNC/2009/page_51.pdf-4,PNC/2009,0,correct,
994,LMT/2013/page_49.pdf-3,LMT/2013,0,correct,
995,MRO/2009/page_36.pdf-1,MRO/2009,0,correct,
996,JPM/2008/page_112.pdf-2,JPM/2008,1,error,
997,AMT/2006/page_96.pdf-1,AMT/2006,1,error,
998,ETR/2016/page_424.pdf-3,ETR/2016,0,correct,
999,ETR/2004/page_335.pdf-1,ETR/2004,0,correct,
1000,UNP/2012/page_79.pdf-1,UNP/2012,0,correct,
1001,MRO/2008/page_142.pdf-1,MRO/2008,1,error,
1002,PNC/2014/page_205.pdf-1,PNC/2014,1,error,
1003,ETR/2009/page_21.pdf-4,ETR/2009,0,correct,
1004,GPN/2015/page_82.pdf-3,GPN/2015,1,error,
1005,VTR/2007/page_48.pdf-1,VTR/2007,0,correct,
1006,STT/2017/page_100.pdf-3,STT/2017,1,error,
1007,ZBH/2008/page_86.pdf-3,ZBH/2008,0,correct,
1008,V/2013/page_116.pdf-2,V/2013,1,error,
1009,UNP/2013/page_78.pdf-1,UNP/2013,1,error,
1010,AON/2015/page_50.pdf-1,AON/2015,0,correct,
1011,AAPL/2006/page_79.pdf-1,AAPL/2006,0,correct,
1012,ETR/2004/page_160.pdf-3,ETR/2004,1,error,
1013,TFX/2014/page_44.pdf-1,TFX/2014,0,correct,
1014,CDNS/2016/page_32.pdf-4,CDNS/2016,1,error,
1015,UNP/2008/page_29.pdf-1,UNP/2008,1,error,
1016,PNC/2014/page_161.pdf-1,PNC/2014,0,correct,
1017,C/2008/page_26.pdf-2,C/2008,1,error,
1018,ORLY/2016/page_29.pdf-1,ORLY/2016,0,correct,
1019,HUM/2010/page_101.pdf-1,HUM/2010,1,error,
1020,JPM/2012/page_148.pdf-1,JPM/2012,0,correct,
1021,ETR/2016/page_375.pdf-1,ETR/2016,1,error,
1022,STT/2008/page_112.pdf-3,STT/2008,0,correct,
1023,BLL/2011/page_29.pdf-1,BLL/2011,1,error,
1024,ADBE/2011/page_83.pdf-2,ADBE/2011,1,error,
1025,DISCA/2012/page_54.pdf-4,DISCA/2012,0,correct,
1026,JPM/2012/page_148.pdf-3,JPM/2012,1,error,
1027,ILMN/2006/page_92.pdf-1,ILMN/2006,1,error,
1028,ETR/2015/page_111.pdf-2,ETR/2015,0,correct,
1029,IQV/2016/page_57.pdf-1,IQV/2016,0,correct,
1030,HST/2018/page_115.pdf-1,HST/2018,1,error,
1031,C/2008/page_189.pdf-4,C/2008,1,error,
1032,C/2008/page_176.pdf-2,C/2008,1,error,
1033,FIS/2007/page_52.pdf-3,FIS/2007,1,error,
1034,IPG/2006/page_41.pdf-1,IPG/2006,1,error,
1035,K/2013/page_27.pdf-4,K/2013,1,error,
1036,ETR/2017/page_20.pdf-4,ETR/2017,1,error,
1037,UAA/2016/page_80.pdf-4,UAA/2016,1,error,
1038,RSG/2014/page_73.pdf-1,RSG/2014,1,error,
1039,RSG/2013/page_69.pdf-1,RSG/2013,0,correct,
1040,BLL/2010/page_39.pdf-1,BLL/2010,1,error,
1041,PNC/2014/page_151.pdf-3,PNC/2014,1,error,
1042,ETR/2004/page_185.pdf-1,ETR/2004,0,correct,
1043,JPM/2009/page_183.pdf-4,JPM/2009,0,correct,
1044,AON/2011/page_91.pdf-2,AON/2011,0,correct,
1045,HIG/2013/page_124.pdf-2,HIG/2013,1,error,
1046,TROW/2008/page_23.pdf-3,TROW/2008,1,error,
1047,DVN/2011/page_99.pdf-2,DVN/2011,1,error,
1048,AAL/2014/page_92.pdf-3,AAL/2014,1,error,
1049,IP/2016/page_52.pdf-2,IP/2016,1,error,
1050,AAL/2015/page_83.pdf-1,AAL/2015,1,error,
1051,PNC/2014/page_92.pdf-1,PNC/2014,1,error,
1052,FIS/2007/page_102.pdf-1,FIS/2007,1,error,
1053,MRO/2009/page_57.pdf-1,MRO/2009,1,error,
1054,PNC/2007/page_83.pdf-1,PNC/2007,0,correct,
1055,ETR/2017/page_352.pdf-3,ETR/2017,1,error,
1056,FIS/2007/page_102.pdf-2,FIS/2007,1,error,
1057,INTC/2013/page_86.pdf-1,INTC/2013,0,correct,
1058,UPS/2012/page_51.pdf-4,UPS/2012,1,error,
1059,STT/2007/page_65.pdf-4,STT/2007,0,correct,
1060,ADBE/2012/page_102.pdf-4,ADBE/2012,1,error,
1061,ADBE/2018/page_71.pdf-3,ADBE/2018,1,error,
1062,C/2009/page_194.pdf-1,C/2009,0,correct,
1063,ETFC/2007/page_116.pdf-1,ETFC/2007,1,error,
1064,AMT/2015/page_58.pdf-3,AMT/2015,1,error,
1065,ETR/2016/page_375.pdf-2,ETR/2016,0,correct,
1066,ETR/2004/page_258.pdf-4,ETR/2004,1,error,
1067,GS/2013/page_195.pdf-3,GS/2013,0,correct,
1068,IP/2005/page_32.pdf-2,IP/2005,1,error,
1069,PKG/2009/page_63.pdf-1,PKG/2009,1,error,
1070,CE/2010/page_134.pdf-3,CE/2010,0,correct,
1071,PKG/2006/page_68.pdf-3,PKG/2006,1,error,
1072,DVN/2011/page_84.pdf-2,DVN/2011,1,error,
1073,MRO/2009/page_36.pdf-4,MRO/2009,0,correct,
1074,V/2012/page_28.pdf-2,V/2012,0,correct,
1075,UPS/2013/page_56.pdf-4,UPS/2013,1,error,
1076,AWK/2018/page_162.pdf-1,AWK/2018,0,correct,
1077,BKNG/2015/page_38.pdf-1,BKNG/2015,0,correct,
1078,PNC/2013/page_102.pdf-1,PNC/2013,1,error,
1079,RCL/2014/page_80.pdf-2,RCL/2014,0,correct,
1080,LMT/2013/page_87.pdf-2,LMT/2013,1,error,
1081,C/2008/page_189.pdf-3,C/2008,1,error,
1082,UNP/2009/page_89.pdf-2,UNP/2009,1,error,
1083,MA/2009/page_112.pdf-1,MA/2009,1,error,
1084,PNC/2009/page_51.pdf-1,PNC/2009,0,correct,
1085,DVN/2015/page_92.pdf-4,DVN/2015,1,error,
1086,JPM/2014/page_127.pdf-4,JPM/2014,0,correct,
1087,RSG/2009/page_78.pdf-1,RSG/2009,0,correct,
1088,AWK/2014/page_7.pdf-2,AWK/2014,1,error,
1089,IP/2012/page_57.pdf-1,IP/2012,1,error,
1090,ETR/2008/page_153.pdf-4,ETR/2008,0,correct,
1091,AMT/2006/page_107.pdf-1,AMT/2006,1,error,
1092,ETR/2016/page_343.pdf-2,ETR/2016,1,error,
1093,ADBE/2009/page_98.pdf-2,ADBE/2009,1,error,
1094,PNC/2016/page_73.pdf-1,PNC/2016,0,correct,
1095,AOS/2016/page_19.pdf-1,AOS/2016,0,correct,
1096,UNP/2009/page_34.pdf-2,UNP/2009,0,correct,
1097,AMT/2015/page_58.pdf-2,AMT/2015,0,correct,
1098,LMT/2016/page_83.pdf-3,LMT/2016,0,correct,
1099,UPS/2007/page_103.pdf-2,UPS/2007,0,correct,
1100,CE/2005/page_167.pdf-1,CE/2005,1,error,
1101,ALLE/2015/page_81.pdf-1,ALLE/2015,0,correct,
1102,ORLY/2018/page_30.pdf-3,ORLY/2018,0,correct,
1103,REGN/2010/page_64.pdf-1,REGN/2010,0,correct,
1104,ETFC/2015/page_27.pdf-3,ETFC/2015,1,error,
1105,ETR/2016/page_444.pdf-1,ETR/2016,1,error,
1106,TROW/2013/page_25.pdf-1,TROW/2013,1,error,
1107,FIS/2012/page_30.pdf-3,FIS/2012,1,error,
1108,AAPL/2014/page_26.pdf-1,AAPL/2014,0,correct,
1109,IP/2013/page_64.pdf-1,IP/2013,1,error,
1110,AES/2011/page_261.pdf-4,AES/2011,1,error,
1111,MRO/2008/page_130.pdf-3,MRO/2008,1,error,
1112,CDNS/2007/page_30.pdf-1,CDNS/2007,1,error,
1113,GPN/2014/page_71.pdf-3,GPN/2014,1,error,
1114,ETR/2008/page_356.pdf-3,ETR/2008,1,error,
1115,DVN/2012/page_100.pdf-3,DVN/2012,0,correct,
1116,STT/2008/page_116.pdf-2,STT/2008,1,error,
1117,SWKS/2010/page_139.pdf-2,SWKS/2010,1,error,
1118,MAS/2013/page_27.pdf-3,MAS/2013,0,correct,
1119,AAPL/2010/page_43.pdf-3,AAPL/2010,1,error,
1120,IPG/2017/page_49.pdf-3,IPG/2017,0,correct,
1121,MA/2008/page_125.pdf-3,MA/2008,1,error,
1122,GPN/2015/page_82.pdf-1,GPN/2015,0,correct,
1123,AMT/2016/page_57.pdf-3,AMT/2016,1,error,
1124,MMM/2005/page_72.pdf-1,MMM/2005,1,error,
1125,IPG/2009/page_93.pdf-4,IPG/2009,1,error,
1126,ETR/2004/page_261.pdf-3,ETR/2004,1,error,
1127,AWK/2018/page_178.pdf-4,AWK/2018,0,correct,
1128,DVN/2015/page_92.pdf-2,DVN/2015,0,correct,
1129,ADBE/2011/page_83.pdf-3,ADBE/2011,0,correct,
1130,RE/2006/page_31.pdf-4,RE/2006,1,error,
1131,STT/2006/page_96.pdf-2,STT/2006,1,error,
1132,ETR/2009/page_21.pdf-2,ETR/2009,0,correct,
1133,APD/2014/page_71.pdf-2,APD/2014,1,error,
1134,JKHY/2016/page_25.pdf-1,JKHY/2016,1,error,
1135,C/2008/page_207.pdf-1,C/2008,0,correct,
1136,INTC/2013/page_40.pdf-1,INTC/2013,1,error,
1137,VTR/2003/page_39.pdf-2,VTR/2003,0,correct,
1138,AAPL/2011/page_24.pdf-3,AAPL/2011,0,correct,
1139,ALLE/2015/page_81.pdf-2,ALLE/2015,0,correct,
1140,ETR/2017/page_332.pdf-1,ETR/2017,1,error,
1141,JPM/2005/page_70.pdf-1,JPM/2005,0,correct,
1142,GS/2017/page_176.pdf-4,GS/2017,0,correct,
1143,ECL/2017/page_68.pdf-2,ECL/2017,0,correct,
1144,GPN/2008/page_95.pdf-4,GPN/2008,0,correct,
1145,INTC/2018/page_105.pdf-1,INTC/2018,0,correct,
1146,ETR/2017/page_175.pdf-4,ETR/2017,1,error,
1147,HWM/2015/page_87.pdf-2,HWM/2015,0,correct,
1148,FIS/2016/page_49.pdf-3,FIS/2016,0,correct,
1149,PKG/2018/page_66.pdf-4,PKG/2018,0,correct,
1150,GPN/2016/page_83.pdf-4,GPN/2016,0,correct,
1151,JPM/2014/page_127.pdf-2,JPM/2014,1,error,
1152,SLG/2009/page_84.pdf-2,SLG/2009,1,error,
1153,CE/2005/page_56.pdf-3,CE/2005,0,correct,
1154,DVN/2011/page_99.pdf-1,DVN/2011,1,error,
1155,MA/2008/page_116.pdf-4,MA/2008,1,error,
1156,AON/2010/page_100.pdf-1,AON/2010,0,correct,
1157,FIS/2010/page_89.pdf-3,FIS/2010,1,error,
1158,HUM/2018/page_46.pdf-3,HUM/2018,1,error,
1159,C/2009/page_279.pdf-4,C/2009,0,correct,
1160,EOG/2017/page_103.pdf-1,EOG/2017,0,correct,
1161,V/2009/page_89.pdf-2,V/2009,1,error,
1162,AON/2011/page_121.pdf-3,AON/2011,0,correct,
1163,HIG/2004/page_67.pdf-1,HIG/2004,0,correct,
1164,PNC/2012/page_110.pdf-2,PNC/2012,0,correct,
1165,HOLX/2004/page_59.pdf-1,HOLX/2004,0,correct,
1166,EMR/2017/page_53.pdf-2,EMR/2017,1,error,
1167,CB/2010/page_113.pdf-2,CB/2010,1,error,
1168,AON/2015/page_50.pdf-3,AON/2015,1,error,
1169,ALXN/2007/page_96.pdf-1,ALXN/2007,1,error,
1170,ETR/2013/page_136.pdf-1,ETR/2013,1,error,
1171,C/2009/page_42.pdf-2,C/2009,1,error,
1172,ETFC/2011/page_23.pdf-1,ETFC/2011,1,error,
1173,MA/2010/page_107.pdf-3,MA/2010,0,correct,
1174,PKG/2001/page_86.pdf-4,PKG/2001,0,correct,
1175,ADBE/2009/page_81.pdf-4,ADBE/2009,0,correct,
1176,AAPL/2002/page_23.pdf-2,AAPL/2002,1,error,
1177,ETR/2008/page_187.pdf-3,ETR/2008,0,correct,
1178,PM/2018/page_108.pdf-2,PM/2018,0,correct,
1179,PNC/2009/page_51.pdf-2,PNC/2009,0,correct,
1180,SNPS/2012/page_62.pdf-1,SNPS/2012,1,error,
1181,HWM/2017/page_75.pdf-2,HWM/2017,0,correct,
1182,ETR/2017/page_20.pdf-2,ETR/2017,0,correct,
1183,ETFC/2015/page_27.pdf-2,ETFC/2015,0,correct,
1184,HUM/2018/page_129.pdf-4,HUM/2018,1,error,
1185,PNC/2014/page_205.pdf-2,PNC/2014,1,error,
1186,ETR/2017/page_401.pdf-2,ETR/2017,0,correct,
1187,ETR/2008/page_401.pdf-2,ETR/2008,1,error,
1188,EMR/2017/page_53.pdf-1,EMR/2017,1,error,
1189,C/2016/page_120.pdf-3,C/2016,0,correct,
1190,HIG/2011/page_184.pdf-3,HIG/2011,1,error,
1191,LMT/2017/page_26.pdf-3,LMT/2017,1,error,
1192,MKTX/2014/page_39.pdf-2,MKTX/2014,1,error,
1193,GPN/2008/page_39.pdf-3,GPN/2008,1,error,
1194,ETR/2017/page_352.pdf-2,ETR/2017,0,correct,
1195,AAL/2015/page_15.pdf-2,AAL/2015,1,error,
1196,MA/2008/page_113.pdf-3,MA/2008,1,error,
1197,SNA/2013/page_56.pdf-2,SNA/2013,1,error,
1198,HIG/2004/page_192.pdf-2,HIG/2004,1,error,
1199,EW/2014/page_90.pdf-1,EW/2014,0,correct,
1200,HIG/2012/page_132.pdf-1,HIG/2012,1,error,
1201,AWK/2018/page_172.pdf-4,AWK/2018,1,error,
1202,ETR/2008/page_267.pdf-1,ETR/2008,1,error,
1203,APTV/2015/page_47.pdf-1,APTV/2015,1,error,
1204,VTR/2006/page_88.pdf-3,VTR/2006,1,error,
1205,AWK/2013/page_123.pdf-4,AWK/2013,1,error,
1206,RL/2013/page_13.pdf-1,RL/2013,1,error,
1207,HWM/2018/page_67.pdf-1,HWM/2018,0,correct,
1208,GIS/2015/page_38.pdf-1,GIS/2015,0,correct,
1209,AON/2015/page_77.pdf-1,AON/2015,1,error,
1210,ETR/2017/page_342.pdf-2,ETR/2017,0,correct,
1211,REGN/2010/page_72.pdf-2,REGN/2010,1,error,
1212,ETR/2004/page_258.pdf-3,ETR/2004,0,correct,
1213,UPS/2010/page_33.pdf-3,UPS/2010,0,correct,
1214,KMI/2010/page_2.pdf-1,KMI/2010,0,correct,
1215,HIG/2013/page_124.pdf-1,HIG/2013,0,correct,
1216,ETR/2008/page_314.pdf-2,ETR/2008,0,correct,
1217,AWK/2012/page_12.pdf-2,AWK/2012,1,error,
1218,HWM/2018/page_41.pdf-1,HWM/2018,1,error,
1219,BLL/2007/page_78.pdf-2,BLL/2007,1,error,
1220,PNC/2012/page_98.pdf-3,PNC/2012,0,correct,
1221,VTR/2003/page_39.pdf-3,VTR/2003,1,error,
1222,ETR/2008/page_336.pdf-1,ETR/2008,0,correct,
1223,MAS/2012/page_86.pdf-4,MAS/2012,0,correct,
1224,IPG/2018/page_26.pdf-3,IPG/2018,0,correct,
1225,JPM/2005/page_70.pdf-2,JPM/2005,0,correct,
1226,MRO/2018/page_93.pdf-1,MRO/2018,1,error,
1227,AAP/2013/page_32.pdf-1,AAP/2013,1,error,
1228,IPG/2017/page_26.pdf-3,IPG/2017,1,error,
1229,DRE/2009/page_60.pdf-2,DRE/2009,1,error,
1230,AWK/2013/page_12.pdf-1,AWK/2013,1,error,
1231,LMT/2016/page_105.pdf-3,LMT/2016,0,correct,
1232,HIG/2016/page_250.pdf-2,HIG/2016,1,error,
1233,LMT/2013/page_47.pdf-2,LMT/2013,0,correct,
1234,TFX/2017/page_48.pdf-2,TFX/2017,0,correct,
1235,AAP/2012/page_61.pdf-2,AAP/2012,1,error,
1236,ETR/2013/page_136.pdf-3,ETR/2013,1,error,
1237,IP/2014/page_66.pdf-2,IP/2014,1,error,
1238,AMAT/2015/page_31.pdf-3,AMAT/2015,0,correct,
1239,AMT/2012/page_56.pdf-3,AMT/2012,1,error,
1240,UNP/2016/page_24.pdf-1,UNP/2016,1,error,
1241,AMT/2014/page_131.pdf-2,AMT/2014,1,error,
1242,AAPL/2017/page_23.pdf-1,AAPL/2017,0,correct,
1243,UNP/2014/page_30.pdf-1,UNP/2014,0,correct,
1244,PNC/2009/page_133.pdf-2,PNC/2009,0,correct,
1245,DISH/2011/page_130.pdf-1,DISH/2011,1,error,
1246,MRO/2009/page_132.pdf-2,MRO/2009,0,correct,
1247,ETR/2008/page_212.pdf-2,ETR/2008,1,error,
1248,LMT/2002/page_33.pdf-3,LMT/2002,0,correct,
1249,GPN/2017/page_72.pdf-1,GPN/2017,1,error,
1250,RL/2018/page_9.pdf-1,RL/2018,1,error,
1251,AWK/2017/page_172.pdf-3,AWK/2017,1,error,
1252,IP/2005/page_27.pdf-2,IP/2005,1,error,
1253,ETR/2016/page_24.pdf-3,ETR/2016,0,correct,
1254,AWK/2014/page_122.pdf-2,AWK/2014,1,error,
1255,AON/2011/page_91.pdf-1,AON/2011,1,error,
1256,ETR/2016/page_144.pdf-2,ETR/2016,0,correct,
1257,ADBE/2012/page_87.pdf-4,ADBE/2012,1,error,
1258,APTV/2018/page_34.pdf-1,APTV/2018,1,error,
1259,IPG/2008/page_68.pdf-1,IPG/2008,1,error,
1260,AAP/2012/page_61.pdf-1,AAP/2012,1,error,
1261,MRO/2009/page_107.pdf-2,MRO/2009,1,error,
1262,ETR/2004/page_125.pdf-2,ETR/2004,1,error,
1263,DISCA/2011/page_35.pdf-3,DISCA/2011,0,correct,
1264,ETR/2004/page_185.pdf-4,ETR/2004,1,error,
1265,BLK/2012/page_31.pdf-2,BLK/2012,1,error,
1266,STT/2008/page_73.pdf-2,STT/2008,0,correct,
1267,GS/2014/page_167.pdf-3,GS/2014,1,error,
1268,AAL/2014/page_89.pdf-4,AAL/2014,1,error,
1269,GPN/2007/page_39.pdf-2,GPN/2007,1,error,
1270,STT/2009/page_109.pdf-3,STT/2009,1,error,
1271,IP/2015/page_51.pdf-2,IP/2015,1,error,
1272,UNP/2009/page_38.pdf-1,UNP/2009,0,correct,
1273,C/2009/page_279.pdf-3,C/2009,1,error,
1274,STT/2017/page_63.pdf-2,STT/2017,0,correct,
1275,ETR/2017/page_379.pdf-3,ETR/2017,0,correct,
1276,IP/2016/page_52.pdf-1,IP/2016,1,error,
1277,ADBE/2012/page_87.pdf-3,ADBE/2012,0,correct,
1278,IP/2012/page_56.pdf-2,IP/2012,1,error,
1279,ETR/2008/page_313.pdf-4,ETR/2008,1,error,
1280,IP/2015/page_46.pdf-2,IP/2015,1,error,
1281,ETR/2008/page_401.pdf-1,ETR/2008,0,correct,
1282,BLL/2010/page_33.pdf-4,BLL/2010,1,error,
1283,GPN/2009/page_69.pdf-3,GPN/2009,1,error,
1284,JKHY/2018/page_16.pdf-3,JKHY/2018,0,correct,
1285,PPG/2018/page_60.pdf-2,PPG/2018,1,error,
1286,AMT/2016/page_57.pdf-2,AMT/2016,0,correct,
1287,C/2008/page_193.pdf-2,C/2008,1,error,
1288,GS/2018/page_134.pdf-3,GS/2018,1,error,
1289,ETR/2017/page_373.pdf-2,ETR/2017,1,error,
1290,ETR/2008/page_33.pdf-2,ETR/2008,0,correct,
1291,IP/2007/page_30.pdf-1,IP/2007,1,error,
1292,STT/2017/page_100.pdf-1,STT/2017,0,correct,
1293,SNPS/2009/page_59.pdf-1,SNPS/2009,1,error,
1294,APTV/2014/page_46.pdf-2,APTV/2014,1,error,
1295,DISH/2015/page_142.pdf-1,DISH/2015,1,error,
1296,MO/2017/page_10.pdf-2,MO/2017,1,error,
1297,GS/2012/page_186.pdf-3,GS/2012,0,correct,
1298,UPS/2013/page_34.pdf-1,UPS/2013,0,correct,
1299,ETR/2009/page_21.pdf-3,ETR/2009,1,error,
1300,AON/2015/page_72.pdf-2,AON/2015,0,correct,
1301,ETR/2017/page_379.pdf-1,ETR/2017,0,correct,
1302,UNP/2017/page_50.pdf-2,UNP/2017,0,correct,
1303,RCL/2005/page_40.pdf-2,RCL/2005,1,error,
1304,RE/2006/page_31.pdf-1,RE/2006,1,error,
1305,C/2009/page_48.pdf-2,C/2009,1,error,
1306,BLL/2011/page_29.pdf-3,BLL/2011,0,correct,
1307,EMR/2017/page_66.pdf-1,EMR/2017,1,error,
1308,MRO/2008/page_146.pdf-4,MRO/2008,1,error,
1309,JPM/2008/page_177.pdf-3,JPM/2008,1,error,
1310,ADI/2011/page_92.pdf-2,ADI/2011,1,error,
1311,GIS/2017/page_46.pdf-1,GIS/2017,0,correct,
1312,UPS/2007/page_103.pdf-1,UPS/2007,0,correct,
1313,ETR/2016/page_343.pdf-1,ETR/2016,0,correct,
1314,AMT/2012/page_56.pdf-2,AMT/2012,1,error,
1315,UPS/2013/page_56.pdf-2,UPS/2013,1,error,
1316,DISCA/2011/page_35.pdf-1,DISCA/2011,1,error,
1317,ETR/2008/page_337.pdf-4,ETR/2008,1,error,
1318,UPS/2015/page_108.pdf-4,UPS/2015,0,correct,
1319,AAPL/2011/page_38.pdf-1,AAPL/2011,1,error,
1320,ADBE/2012/page_113.pdf-1,ADBE/2012,0,correct,
1321,BDX/2009/page_81.pdf-2,BDX/2009,1,error,
1322,SLB/2006/page_82.pdf-1,SLB/2006,1,error,
1323,BLL/2010/page_58.pdf-2,BLL/2010,1,error,
1324,ABC/2005/page_40.pdf-1,ABC/2005,0,correct,
1325,AAPL/2014/page_78.pdf-3,AAPL/2014,1,error,
1326,UNP/2012/page_47.pdf-1,UNP/2012,1,error,
1327,ETR/2008/page_154.pdf-2,ETR/2008,0,correct,
1328,MAR/2010/page_55.pdf-1,MAR/2010,1,error,
1329,IP/2013/page_62.pdf-2,IP/2013,1,error,
1330,IPG/2018/page_100.pdf-1,IPG/2018,1,error,
1331,MA/2008/page_125.pdf-1,MA/2008,0,correct,
1332,BLK/2012/page_31.pdf-1,BLK/2012,1,error,
1333,AAPL/2002/page_63.pdf-1,AAPL/2002,0,correct,
1334,AAPL/2015/page_24.pdf-2,AAPL/2015,0,correct,
1335,REGN/2010/page_72.pdf-1,REGN/2010,1,error,
1336,ETR/2017/page_175.pdf-2,ETR/2017,1,error,
1337,EOG/2017/page_93.pdf-1,EOG/2017,1,error,
1338,AWK/2018/page_150.pdf-1,AWK/2018,1,error,
1339,MA/2009/page_120.pdf-2,MA/2009,1,error,
1340,ETFC/2012/page_85.pdf-3,ETFC/2012,1,error,
1341,VTR/2007/page_48.pdf-3,VTR/2007,0,correct,
1342,ECL/2015/page_70.pdf-3,ECL/2015,0,correct,
1343,ORLY/2017/page_30.pdf-3,ORLY/2017,1,error,
1344,MO/2016/page_76.pdf-1,MO/2016,0,correct,
1345,ETR/2016/page_144.pdf-4,ETR/2016,0,correct,
1346,K/2012/page_80.pdf-2,K/2012,0,correct,
1347,GPN/2015/page_83.pdf-3,GPN/2015,0,correct,
1348,PNC/2011/page_209.pdf-5,PNC/2011,0,correct,
1349,ADBE/2013/page_84.pdf-1,ADBE/2013,1,error,
1350,ETR/2017/page_25.pdf-3,ETR/2017,0,correct,
1351,CDNS/2012/page_58.pdf-2,CDNS/2012,1,error,
1352,UAA/2016/page_81.pdf-2,UAA/2016,1,error,
1353,DG/2009/page_87.pdf-2,DG/2009,1,error,
1354,CDNS/2016/page_32.pdf-2,CDNS/2016,0,correct,
1355,MRO/2008/page_42.pdf-1,MRO/2008,1,error,
1356,GS/2012/page_64.pdf-2,GS/2012,1,error,
1357,AAL/2014/page_80.pdf-2,AAL/2014,1,error,
1358,AAPL/2015/page_56.pdf-2,AAPL/2015,0,correct,
1359,GS/2018/page_175.pdf-4,GS/2018,1,error,
1360,JPM/2015/page_83.pdf-2,JPM/2015,1,error,
1361,RL/2015/page_11.pdf-2,RL/2015,1,error,
1362,GPN/2010/page_92.pdf-3,GPN/2010,1,error,
1363,JPM/2016/page_141.pdf-3,JPM/2016,0,correct,
1364,STT/2011/page_85.pdf-1,STT/2011,1,error,
1365,CB/2008/page_144.pdf-1,CB/2008,1,error,
1366,BLL/2007/page_75.pdf-4,BLL/2007,1,error,
1367,DRE/2002/page_13.pdf-1,DRE/2002,1,error,
1368,BKNG/2017/page_35.pdf-4,BKNG/2017,1,error,
1369,JPM/2015/page_132.pdf-2,JPM/2015,1,error,
1370,AAL/2015/page_83.pdf-3,AAL/2015,1,error,
1371,UNP/2014/page_16.pdf-2,UNP/2014,1,error,
1372,DVN/2013/page_78.pdf-3,DVN/2013,0,correct,
1373,EW/2014/page_90.pdf-2,EW/2014,0,correct,
1374,MA/2009/page_115.pdf-3,MA/2009,0,correct,
1375,JPM/2008/page_112.pdf-1,JPM/2008,1,error,
1376,MRO/2008/page_130.pdf-1,MRO/2008,1,error,
1377,DISH/2008/page_120.pdf-1,DISH/2008,1,error,
1378,AAP/2016/page_26.pdf-1,AAP/2016,1,error,
1379,SLG/2010/page_50.pdf-3,SLG/2010,1,error,
1380,RL/2011/page_14.pdf-2,RL/2011,1,error,
1381,ILMN/2008/page_77.pdf-2,ILMN/2008,1,error,
1382,AMT/2006/page_107.pdf-2,AMT/2006,1,error,
1383,MAS/2012/page_92.pdf-2,MAS/2012,1,error,
1384,RL/2008/page_21.pdf-2,RL/2008,1,error,
1385,GS/2018/page_108.pdf-3,GS/2018,0,correct,
1386,UNP/2011/page_25.pdf-1,UNP/2011,1,error,
1387,EMN/2006/page_108.pdf-2,EMN/2006,1,error,
1388,UPS/2017/page_111.pdf-3,UPS/2017,0,correct,
1389,ETR/2009/page_141.pdf-3,ETR/2009,0,correct,
1390,UPS/2012/page_51.pdf-1,UPS/2012,0,correct,
1391,HUM/2018/page_46.pdf-4,HUM/2018,0,correct,
1392,ORLY/2015/page_28.pdf-3,ORLY/2015,0,correct,
1393,APTV/2018/page_34.pdf-2,APTV/2018,1,error,
1394,ZBH/2009/page_71.pdf-1,ZBH/2009,1,error,
1395,ETFC/2015/page_27.pdf-1,ETFC/2015,0,correct,
1396,LMT/2005/page_76.pdf-3,LMT/2005,0,correct,
1397,TROW/2008/page_23.pdf-2,TROW/2008,1,error,
1398,MMM/2013/page_26.pdf-2,MMM/2013,0,correct,
1399,ETR/2016/page_17.pdf-1,ETR/2016,0,correct,
1400,AAPL/2002/page_63.pdf-4,AAPL/2002,1,error,
1401,LKQ/2009/page_66.pdf-1,LKQ/2009,0,correct,
1402,JPM/2009/page_183.pdf-2,JPM/2009,1,error,
1403,ETR/2016/page_505.pdf-3,ETR/2016,1,error,
1404,JPM/2016/page_73.pdf-2,JPM/2016,1,error,
1405,ADI/2012/page_65.pdf-2,ADI/2012,1,error,
1406,GPN/2017/page_72.pdf-3,GPN/2017,1,error,
1407,IP/2005/page_28.pdf-1,IP/2005,1,error,
1408,GPN/2008/page_39.pdf-2,GPN/2008,1,error,
1409,INTC/2013/page_71.pdf-1,INTC/2013,1,error,
1410,C/2008/page_217.pdf-1,C/2008,1,error,
1411,UNP/2012/page_24.pdf-1,UNP/2012,0,correct,
1412,ADBE/2013/page_68.pdf-1,ADBE/2013,0,correct,
1413,IP/2005/page_29.pdf-2,IP/2005,1,error,
1414,AAPL/2013/page_78.pdf-3,AAPL/2013,0,correct,
1415,IP/2012/page_56.pdf-1,IP/2012,1,error,
1416,ORLY/2017/page_30.pdf-4,ORLY/2017,0,correct,
1417,GIS/2019/page_53.pdf-1,GIS/2019,0,correct,
1418,FIS/2012/page_11.pdf-1,FIS/2012,1,error,
1419,RCL/2016/page_37.pdf-2,RCL/2016,0,correct,
1420,GS/2016/page_81.pdf-2,GS/2016,1,error,
1421,EW/2016/page_72.pdf-1,EW/2016,1,error,
1422,GS/2013/page_184.pdf-4,GS/2013,1,error,
1423,AES/2011/page_216.pdf-1,AES/2011,0,correct,
1424,ETFC/2007/page_116.pdf-4,ETFC/2007,1,error,
1425,RE/2017/page_145.pdf-2,RE/2017,1,error,
1426,AAP/2006/page_85.pdf-1,AAP/2006,1,error,
1427,DISCA/2008/page_141.pdf-4,DISCA/2008,0,correct,
1428,STT/2008/page_139.pdf-2,STT/2008,1,error,
1429,TMUS/2016/page_32.pdf-4,TMUS/2016,0,correct,
1430,DVN/2007/page_78.pdf-2,DVN/2007,0,correct,
1431,STT/2006/page_92.pdf-2,STT/2006,0,correct,
1432,CE/2009/page_121.pdf-1,CE/2009,0,correct,
1433,UPS/2017/page_31.pdf-3,UPS/2017,0,correct,
1434,C/2009/page_38.pdf-4,C/2009,0,correct,
1435,DISH/2014/page_142.pdf-1,DISH/2014,1,error,
1436,ETR/2013/page_15.pdf-2,ETR/2013,1,error,
1437,ECL/2015/page_70.pdf-1,ECL/2015,0,correct,
1438,UPS/2007/page_32.pdf-4,UPS/2007,0,correct,
1439,RE/2010/page_138.pdf-5,RE/2010,1,error,
1440,HII/2018/page_64.pdf-3,HII/2018,1,error,
1441,AWK/2017/page_136.pdf-4,AWK/2017,1,error,
1442,UNP/2012/page_39.pdf-2,UNP/2012,0,correct,
1443,UNP/2011/page_25.pdf-2,UNP/2011,1,error,
1444,ETR/2008/page_187.pdf-1,ETR/2008,1,error,
1445,LMT/2016/page_117.pdf-1,LMT/2016,1,error,
1446,AAPL/2011/page_38.pdf-2,AAPL/2011,1,error,
1447,SNA/2007/page_80.pdf-1,SNA/2007,1,error,
1448,ETR/2004/page_335.pdf-4,ETR/2004,0,correct,
1449,CMCSA/2004/page_30.pdf-2,CMCSA/2004,1,error,
1450,JPM/2014/page_128.pdf-3,JPM/2014,0,correct,
1451,IPG/2018/page_104.pdf-1,IPG/2018,1,error,
1452,VLO/2013/page_24.pdf-1,VLO/2013,1,error,
1453,HOLX/2005/page_61.pdf-2,HOLX/2005,1,error,
1454,IPG/2009/page_67.pdf-3,IPG/2009,1,error,
1455,DISH/2002/page_94.pdf-2,DISH/2002,1,error,
1456,HOLX/2007/page_154.pdf-1,HOLX/2007,1,error,
1457,BLK/2012/page_82.pdf-2,BLK/2012,0,correct,
1458,AWK/2017/page_172.pdf-4,AWK/2017,1,error,
1459,UPS/2010/page_33.pdf-1,UPS/2010,0,correct,
1460,ETFC/2014/page_22.pdf-1,ETFC/2014,1,error,
1461,ALXN/2007/page_96.pdf-2,ALXN/2007,1,error,
1462,TFX/2018/page_47.pdf-2,TFX/2018,1,error,
1463,MAS/2017/page_37.pdf-3,MAS/2017,1,error,
1464,GS/2012/page_129.pdf-2,GS/2012,1,error,
1465,MAS/2012/page_92.pdf-1,MAS/2012,0,correct,
1466,UNP/2010/page_55.pdf-1,UNP/2010,0,correct,
1467,IP/2013/page_70.pdf-1,IP/2013,1,error,
1468,AWK/2015/page_110.pdf-1,AWK/2015,1,error,
1469,CME/2010/page_109.pdf-1,CME/2010,0,correct,
1470,GPN/2017/page_30.pdf-2,GPN/2017,1,error,
1471,AES/2001/page_45.pdf-2,AES/2001,0,correct,
1472,C/2009/page_279.pdf-1,C/2009,0,correct,
1473,IP/2012/page_64.pdf-2,IP/2012,1,error,
1474,ETR/2017/page_401.pdf-1,ETR/2017,0,correct,
1475,CB/2010/page_114.pdf-3,CB/2010,1,error,
1476,CE/2010/page_134.pdf-2,CE/2010,1,error,
1477,ETR/2013/page_93.pdf-2,ETR/2013,1,error,
1478,FIS/2007/page_52.pdf-2,FIS/2007,1,error,
1479,ETR/2009/page_21.pdf-1,ETR/2009,0,correct,
1480,HWM/2015/page_80.pdf-2,HWM/2015,1,error,
1481,MA/2009/page_112.pdf-3,MA/2009,1,error,
1482,PNC/2014/page_94.pdf-2,PNC/2014,1,error,
1483,ETR/2016/page_444.pdf-2,ETR/2016,0,correct,
1484,PNC/2013/page_66.pdf-1,PNC/2013,0,correct,
1485,HOLX/2011/page_127.pdf-1,HOLX/2011,1,error,
1486,GS/2012/page_129.pdf-1,GS/2012,1,error,
1487,RL/2015/page_11.pdf-1,RL/2015,1,error,
1488,UNP/2013/page_35.pdf-1,UNP/2013,1,error,
1489,ETR/2004/page_125.pdf-1,ETR/2004,1,error,
1490,UNP/2009/page_83.pdf-1,UNP/2009,1,error,
1491,LMT/2010/page_39.pdf-2,LMT/2010,0,correct,
1492,ETR/2008/page_267.pdf-2,ETR/2008,1,error,
1493,IP/2012/page_98.pdf-1,IP/2012,0,correct,
1494,HOLX/2008/page_140.pdf-1,HOLX/2008,0,correct,
1495,AAPL/2002/page_26.pdf-2,AAPL/2002,0,correct,
1496,CB/2008/page_83.pdf-1,CB/2008,0,correct,
1497,IPG/2016/page_37.pdf-1,IPG/2016,0,correct,
1498,AMT/2012/page_56.pdf-1,AMT/2012,1,error,
1499,RSG/2014/page_22.pdf-2,RSG/2014,1,error,
1500,AMT/2012/page_104.pdf-2,AMT/2012,1,error,
1501,AWK/2015/page_112.pdf-4,AWK/2015,1,error,
1502,HUM/2010/page_101.pdf-2,HUM/2010,0,correct,
1503,HIG/2011/page_195.pdf-1,HIG/2011,1,error,
1504,UPS/2012/page_51.pdf-2,UPS/2012,1,error,
1505,APTV/2018/page_36.pdf-1,APTV/2018,0,correct,
1506,C/2009/page_255.pdf-3,C/2009,1,error,
1507,HIG/2004/page_125.pdf-4,HIG/2004,0,correct,
1508,GPN/2015/page_83.pdf-1,GPN/2015,0,correct,
1509,RSG/2015/page_137.pdf-1,RSG/2015,1,error,
1510,HUM/2007/page_18.pdf-3,HUM/2007,0,correct,
1511,DISCA/2013/page_45.pdf-2,DISCA/2013,0,correct,
1512,AON/2011/page_38.pdf-1,AON/2011,0,correct,
1513,ABC/2005/page_40.pdf-2,ABC/2005,0,correct,
1514,PNC/2011/page_209.pdf-4,PNC/2011,0,correct,
1515,UNP/2014/page_14.pdf-2,UNP/2014,0,correct,
1516,JKHY/2016/page_25.pdf-3,JKHY/2016,0,correct,
1517,PNC/2013/page_97.pdf-1,PNC/2013,1,error,
1518,RL/2013/page_13.pdf-2,RL/2013,1,error,
1519,ETR/2016/page_403.pdf-4,ETR/2016,1,error,
1520,MMM/2013/page_48.pdf-1,MMM/2013,1,error,
1521,GPN/2007/page_18.pdf-2,GPN/2007,1,error,
1522,AWK/2014/page_45.pdf-3,AWK/2014,1,error,
1523,SLG/2009/page_84.pdf-1,SLG/2009,1,error,
1524,CE/2009/page_121.pdf-2,CE/2009,1,error,
1525,MAS/2010/page_29.pdf-3,MAS/2010,0,correct,
1526,ETR/2008/page_266.pdf-4,ETR/2008,1,error,
1527,ETR/2008/page_362.pdf-1,ETR/2008,1,error,
1528,ALXN/2007/page_49.pdf-2,ALXN/2007,1,error,
1529,ETR/2004/page_185.pdf-2,ETR/2004,0,correct,
1530,JPM/2003/page_28.pdf-4,JPM/2003,0,correct,
1531,MRO/2009/page_132.pdf-1,MRO/2009,0,correct,
1532,UNP/2011/page_78.pdf-1,UNP/2011,1,error,
1533,ETR/2017/page_342.pdf-3,ETR/2017,1,error,
1534,ETR/2008/page_337.pdf-1,ETR/2008,1,error,
1535,JPM/2009/page_206.pdf-5,JPM/2009,1,error,
1536,IP/2005/page_32.pdf-1,IP/2005,1,error,
1537,AMT/2005/page_84.pdf-3,AMT/2005,1,error,
1538,UNP/2011/page_35.pdf-1,UNP/2011,0,correct,
1539,AMT/2016/page_57.pdf-1,AMT/2016,0,correct,
1540,ETR/2008/page_266.pdf-1,ETR/2008,1,error,
1541,C/2009/page_38.pdf-3,C/2009,0,correct,
1542,LMT/2015/page_86.pdf-3,LMT/2015,0,correct,
1543,C/2009/page_255.pdf-1,C/2009,1,error,
1544,MRO/2012/page_39.pdf-2,MRO/2012,0,correct,
1545,BKNG/2017/page_35.pdf-1,BKNG/2017,0,correct,
1546,SPGI/2017/page_73.pdf-2,SPGI/2017,1,error,
1547,STT/2017/page_63.pdf-1,STT/2017,0,correct,
1548,GS/2013/page_97.pdf-2,GS/2013,1,error,
1549,HWM/2015/page_94.pdf-2,HWM/2015,1,error,
1550,HUM/2007/page_18.pdf-4,HUM/2007,1,error,
1551,PNC/2011/page_209.pdf-2,PNC/2011,1,error,
1552,AES/2011/page_260.pdf-2,AES/2011,1,error,
1553,AES/2010/page_225.pdf-2,AES/2010,1,error,
1554,TROW/2013/page_25.pdf-4,TROW/2013,1,error,
1555,CME/2010/page_109.pdf-3,CME/2010,1,error,
1556,IP/2007/page_30.pdf-2,IP/2007,1,error,
1557,SNPS/2006/page_67.pdf-1,SNPS/2006,1,error,
1558,AWK/2018/page_162.pdf-4,AWK/2018,1,error,
1559,GPN/2017/page_76.pdf-1,GPN/2017,1,error,
1560,ALLE/2017/page_44.pdf-1,ALLE/2017,1,error,
1561,FIS/2007/page_52.pdf-1,FIS/2007,1,error,
1562,MRO/2009/page_32.pdf-1,MRO/2009,0,correct,
1563,FIS/2007/page_52.pdf-4,FIS/2007,1,error,
1564,IP/2018/page_50.pdf-1,IP/2018,1,error,
1565,RL/2009/page_20.pdf-2,RL/2009,1,error,
1566,AAPL/2013/page_27.pdf-1,AAPL/2013,0,correct,
1567,UPS/2010/page_33.pdf-2,UPS/2010,1,error,
1568,AAPL/2013/page_72.pdf-2,AAPL/2013,0,correct,
1569,JPM/2008/page_194.pdf-3,JPM/2008,0,correct,
1570,ETR/2016/page_24.pdf-2,ETR/2016,1,error,
1571,IPG/2015/page_24.pdf-2,IPG/2015,0,correct,
1572,MO/2014/page_11.pdf-2,MO/2014,1,error,
1573,RL/2011/page_14.pdf-1,RL/2011,1,error,
1574,ORLY/2009/page_77.pdf-1,ORLY/2009,1,error,
1575,ETR/2013/page_136.pdf-4,ETR/2013,1,error,
1576,DVN/2014/page_112.pdf-3,DVN/2014,0,correct,
1577,IP/2014/page_71.pdf-2,IP/2014,1,error,
1578,AAPL/2015/page_56.pdf-3,AAPL/2015,1,error,
1579,GPN/2015/page_80.pdf-3,GPN/2015,0,correct,
1580,AAPL/2015/page_24.pdf-1,AAPL/2015,0,correct,
1581,APTV/2014/page_46.pdf-1,APTV/2014,1,error,
1582,WELL/2016/page_61.pdf-3,WELL/2016,1,error,
1583,HOLX/2006/page_103.pdf-1,HOLX/2006,1,error,
1584,ETR/2013/page_15.pdf-1,ETR/2013,1,error,
1585,ANSS/2016/page_85.pdf-1,ANSS/2016,0,correct,
1586,HOLX/2006/page_102.pdf-2,HOLX/2006,1,error,
1587,K/2012/page_80.pdf-1,K/2012,0,correct,
1588,EXPD/2017/page_30.pdf-2,EXPD/2017,0,correct,
1589,DRE/2002/page_30.pdf-2,DRE/2002,1,error,
1590,RSG/2015/page_75.pdf-2,RSG/2015,1,error,
1591,GPN/2016/page_84.pdf-2,GPN/2016,1,error,
1592,PKG/2001/page_86.pdf-2,PKG/2001,1,error,
1593,LLY/2018/page_99.pdf-1,LLY/2018,1,error,
1594,GPN/2016/page_69.pdf-1,GPN/2016,1,error,
1595,RE/2006/page_31.pdf-2,RE/2006,1,error,
1596,HWM/2018/page_69.pdf-2,HWM/2018,1,error,
1597,JPM/2003/page_24.pdf-1,JPM/2003,1,error,
1598,TSCO/2017/page_68.pdf-1,TSCO/2017,1,error,
1599,V/2009/page_89.pdf-1,V/2009,1,error,
1600,UNP/2014/page_24.pdf-1,UNP/2014,1,error,
1601,UPS/2017/page_31.pdf-1,UPS/2017,0,correct,
1602,AAPL/2014/page_26.pdf-3,AAPL/2014,0,correct,
1603,GPN/2008/page_99.pdf-4,GPN/2008,0,correct,
1604,HOLX/2005/page_27.pdf-2,HOLX/2005,1,error,
1605,MAS/2013/page_27.pdf-4,MAS/2013,0,correct,
1606,CDNS/2007/page_93.pdf-3,CDNS/2007,1,error,
1607,ETR/2004/page_158.pdf-1,ETR/2004,1,error,
1608,UNP/2013/page_30.pdf-1,UNP/2013,0,correct,
1609,ALXN/2007/page_49.pdf-1,ALXN/2007,1,error,
1610,HUM/2018/page_46.pdf-1,HUM/2018,0,correct,
1611,IPG/2015/page_38.pdf-2,IPG/2015,0,correct,
1612,UNP/2013/page_25.pdf-1,UNP/2013,1,error,
1613,ETFC/2007/page_22.pdf-2,ETFC/2007,1,error,
1614,EW/2014/page_68.pdf-2,EW/2014,0,correct,
1615,MRO/2008/page_119.pdf-2,MRO/2008,1,error,
1616,C/2009/page_248.pdf-2,C/2009,1,error,
1617,AAL/2015/page_187.pdf-1,AAL/2015,1,error,
1618,GS/2012/page_177.pdf-3,GS/2012,1,error,
1619,AAPL/2015/page_68.pdf-1,AAPL/2015,1,error,
1620,ETFC/2012/page_85.pdf-1,ETFC/2012,1,error,
1621,HIG/2012/page_132.pdf-3,HIG/2012,1,error,
1622,HUM/2018/page_129.pdf-2,HUM/2018,1,error,
1623,CB/2008/page_83.pdf-2,CB/2008,1,error,
1624,C/2016/page_207.pdf-3,C/2016,1,error,
1625,UNP/2008/page_35.pdf-1,UNP/2008,0,correct,
1626,AES/2010/page_225.pdf-1,AES/2010,1,error,
1627,UNP/2008/page_59.pdf-1,UNP/2008,1,error,
1628,LMT/2010/page_24.pdf-3,LMT/2010,1,error,
1629,GIS/2018/page_59.pdf-2,GIS/2018,0,correct,
1630,ETR/2008/page_212.pdf-3,ETR/2008,1,error,
1631,ORLY/2018/page_30.pdf-4,ORLY/2018,0,correct,
1632,LMT/2015/page_106.pdf-1,LMT/2015,1,error,
1633,DVN/2013/page_101.pdf-1,DVN/2013,0,correct,
1634,ADBE/2013/page_84.pdf-3,ADBE/2013,1,error,
1635,C/2016/page_120.pdf-4,C/2016,0,correct,
1636,LLY/2018/page_75.pdf-3,LLY/2018,1,error,
1637,RSG/2010/page_157.pdf-1,RSG/2010,1,error,
1638,DVN/2013/page_78.pdf-1,DVN/2013,1,error,
1639,UPS/2007/page_32.pdf-3,UPS/2007,0,correct,
1640,MMM/2007/page_90.pdf-1,MMM/2007,1,error,
1641,AON/2013/page_54.pdf-4,AON/2013,1,error,
1642,LLY/2008/page_45.pdf-4,LLY/2008,1,error,
1643,AAPL/2013/page_78.pdf-1,AAPL/2013,0,correct,
1644,ETR/2008/page_154.pdf-1,ETR/2008,1,error,
1645,ETR/2004/page_185.pdf-3,ETR/2004,1,error,
1646,JPM/2009/page_132.pdf-3,JPM/2009,1,error,
1647,MRO/2008/page_70.pdf-4,MRO/2008,0,correct,
1648,UPS/2017/page_111.pdf-4,UPS/2017,1,error,
1649,STT/2009/page_122.pdf-4,STT/2009,1,error,
1650,AAL/2015/page_51.pdf-2,AAL/2015,1,error,
1651,AES/2001/page_77.pdf-1,AES/2001,0,correct,
1652,EXPD/2017/page_30.pdf-1,EXPD/2017,0,correct,
1653,ETR/2017/page_19.pdf-3,ETR/2017,0,correct,
1654,HIG/2004/page_67.pdf-2,HIG/2004,0,correct,
1655,NTAP/2014/page_33.pdf-1,NTAP/2014,1,error,
1656,JPM/2016/page_140.pdf-4,JPM/2016,0,correct,
1657,HOLX/2008/page_145.pdf-1,HOLX/2008,0,correct,
1658,DG/2009/page_87.pdf-1,DG/2009,1,error,
1659,UPS/2007/page_32.pdf-2,UPS/2007,0,correct,
1660,JKHY/2018/page_16.pdf-1,JKHY/2018,1,error,
1661,ADBE/2014/page_70.pdf-4,ADBE/2014,1,error,
1662,INTC/2018/page_105.pdf-2,INTC/2018,1,error,
1663,ETR/2008/page_153.pdf-3,ETR/2008,0,correct,
1664,PNC/2012/page_98.pdf-1,PNC/2012,1,error,
1665,DISCA/2013/page_60.pdf-3,DISCA/2013,1,error,
1666,IP/2013/page_101.pdf-2,IP/2013,1,error,
1667,IP/2005/page_29.pdf-1,IP/2005,1,error,
1668,VTR/2007/page_97.pdf-2,VTR/2007,1,error,
1669,VTR/2006/page_48.pdf-4,VTR/2006,1,error,
1670,CDNS/2016/page_76.pdf-2,CDNS/2016,1,error,
1671,GS/2017/page_176.pdf-3,GS/2017,1,error,
1672,ETR/2017/page_401.pdf-3,ETR/2017,0,correct,
1673,IPG/2016/page_86.pdf-1,IPG/2016,1,error,
1674,GPN/2017/page_72.pdf-2,GPN/2017,1,error,
1675,IP/2013/page_70.pdf-2,IP/2013,1,error,
1676,IPG/2006/page_41.pdf-2,IPG/2006,0,correct,
1677,UPS/2015/page_35.pdf-1,UPS/2015,0,correct,
1678,CDNS/2007/page_30.pdf-4,CDNS/2007,0,correct,
1679,STT/2017/page_100.pdf-4,STT/2017,0,correct,
1680,HWM/2015/page_73.pdf-1,HWM/2015,1,error,
1681,DISCA/2011/page_35.pdf-2,DISCA/2011,1,error,
1682,AWK/2012/page_12.pdf-1,AWK/2012,1,error,
1683,MAS/2012/page_86.pdf-3,MAS/2012,0,correct,
1684,AWK/2018/page_131.pdf-1,AWK/2018,1,error,
1685,ADBE/2018/page_66.pdf-3,ADBE/2018,0,correct,
1686,MRO/2008/page_119.pdf-1,MRO/2008,0,correct,
1687,LLY/2008/page_39.pdf-2,LLY/2008,1,error,
1688,MRO/2004/page_57.pdf-4,MRO/2004,1,error,
1689,ETR/2004/page_261.pdf-4,ETR/2004,1,error,
1690,UPS/2010/page_33.pdf-4,UPS/2010,0,correct,
1691,ETR/2004/page_86.pdf-2,ETR/2004,0,correct,
1692,C/2008/page_26.pdf-1,C/2008,1,error,
1693,WRK/2019/page_31.pdf-2,WRK/2019,1,error,
1694,RSG/2013/page_69.pdf-2,RSG/2013,1,error,
1695,MRO/2009/page_32.pdf-2,MRO/2009,1,error,
1696,SLG/2013/page_133.pdf-3,SLG/2013,0,correct,
1697,HFC/2011/page_85.pdf-1,HFC/2011,0,correct,
1698,C/2009/page_42.pdf-1,C/2009,1,error,
1699,PPG/2005/page_20.pdf-1,PPG/2005,0,correct,
1700,ETR/2009/page_107.pdf-3,ETR/2009,1,error,
1701,AAPL/2015/page_68.pdf-2,AAPL/2015,1,error,
1702,BLK/2009/page_98.pdf-1,BLK/2009,1,error,
1703,ETR/2008/page_343.pdf-1,ETR/2008,0,correct,
1704,ETR/2004/page_159.pdf-3,ETR/2004,1,error,
1705,MMM/2007/page_58.pdf-1,MMM/2007,1,error,
1706,AON/2009/page_70.pdf-1,AON/2009,0,correct,
1707,GIS/2019/page_53.pdf-2,GIS/2019,0,correct,
1708,AWK/2013/page_12.pdf-2,AWK/2013,1,error,
1709,BLK/2017/page_87.pdf-2,BLK/2017,1,error,
1710,GS/2016/page_81.pdf-1,GS/2016,1,error,
1711,ETR/2008/page_343.pdf-2,ETR/2008,1,error,
1712,ETFC/2007/page_116.pdf-3,ETFC/2007,1,error,
1713,BLL/2011/page_29.pdf-2,BLL/2011,1,error,
1714,C/2008/page_105.pdf-3,C/2008,0,correct,
1715,GPN/2009/page_69.pdf-1,GPN/2009,0,correct,
1716,JPM/2008/page_41.pdf-2,JPM/2008,1,error,
1717,MAS/2013/page_27.pdf-1,MAS/2013,0,correct,
1718,HIG/2013/page_212.pdf-2,HIG/2013,1,error,
1719,PNC/2011/page_74.pdf-3,PNC/2011,1,error,
1720,UNP/2010/page_79.pdf-2,UNP/2010,1,error,
1721,HUM/2005/page_18.pdf-3,HUM/2005,0,correct,
1722,ADBE/2014/page_87.pdf-1,ADBE/2014,1,error,
1723,UA/2015/page_77.pdf-1,UA/2015,1,error,
1724,RSG/2015/page_75.pdf-1,RSG/2015,1,error,
1725,AMAT/2015/page_14.pdf-1,AMAT/2015,1,error,
1726,IPG/2016/page_46.pdf-2,IPG/2016,0,correct,
1727,VNO/2008/page_183.pdf-2,VNO/2008,0,correct,
1728,AES/2011/page_230.pdf-2,AES/2011,1,error,
1729,LMT/2015/page_106.pdf-2,LMT/2015,0,correct,
1730,ILMN/2007/page_84.pdf-1,ILMN/2007,0,correct,
1731,SLG/2002/page_56.pdf-1,SLG/2002,1,error,
1732,ETR/2004/page_186.pdf-2,ETR/2004,0,correct,
1733,IP/2013/page_61.pdf-2,IP/2013,1,error,
1734,ETR/2008/page_313.pdf-1,ETR/2008,0,correct,
1735,C/2008/page_207.pdf-3,C/2008,0,correct,
1736,MRO/2009/page_138.pdf-2,MRO/2009,0,correct,
1737,AES/2011/page_131.pdf-4,AES/2011,0,correct,
1738,AES/2017/page_168.pdf-4,AES/2017,0,correct,
1739,AAL/2014/page_80.pdf-3,AAL/2014,1,error,
1740,PNC/2007/page_107.pdf-2,PNC/2007,0,correct,
1741,HWM/2017/page_77.pdf-2,HWM/2017,0,correct,
1742,RCL/2005/page_40.pdf-3,RCL/2005,1,error,
1743,TFX/2015/page_42.pdf-2,TFX/2015,0,correct,
1744,MMM/2005/page_53.pdf-1,MMM/2005,1,error,
1745,OKE/2007/page_51.pdf-2,OKE/2007,1,error,
1746,AWK/2015/page_127.pdf-3,AWK/2015,1,error,
1747,ETR/2008/page_435.pdf-2,ETR/2008,0,correct,
1748,GPN/2008/page_95.pdf-2,GPN/2008,0,correct,
1749,RL/2009/page_22.pdf-2,RL/2009,1,error,
1750,DRE/2010/page_59.pdf-1,DRE/2010,1,error,
1751,CB/2008/page_217.pdf-1,CB/2008,1,error,
1752,ETR/2004/page_159.pdf-1,ETR/2004,1,error,
1753,UNP/2008/page_34.pdf-2,UNP/2008,1,error,
1754,ETR/2008/page_266.pdf-2,ETR/2008,0,correct,
1755,MRO/2013/page_40.pdf-1,MRO/2013,0,correct,
1756,DVN/2012/page_100.pdf-2,DVN/2012,0,correct,
1757,GS/2016/page_161.pdf-2,GS/2016,1,error,
1758,ZBH/2009/page_71.pdf-2,ZBH/2009,1,error,
1759,ALLE/2017/page_44.pdf-2,ALLE/2017,1,error,
1760,UNP/2013/page_73.pdf-2,UNP/2013,1,error,
1761,CME/2010/page_45.pdf-4,CME/2010,0,correct,
1762,GS/2014/page_134.pdf-4,GS/2014,1,error,
1763,RCL/2017/page_38.pdf-3,RCL/2017,0,correct,
1764,ADI/2019/page_77.pdf-1,ADI/2019,1,error,
1765,AMAT/2015/page_14.pdf-2,AMAT/2015,1,error,
1766,ETR/2017/page_477.pdf-2,ETR/2017,0,correct,
1767,UNP/2014/page_80.pdf-1,UNP/2014,1,error,
1768,AAL/2015/page_131.pdf-4,AAL/2015,0,correct,
1769,AAL/2015/page_51.pdf-1,AAL/2015,1,error,
1770,BLL/2006/page_45.pdf-4,BLL/2006,1,error,
1771,ZBH/2018/page_61.pdf-2,ZBH/2018,1,error,
1772,AES/2001/page_42.pdf-3,AES/2001,0,correct,
1773,AAPL/2014/page_67.pdf-2,AAPL/2014,0,correct,
1774,BKNG/2015/page_38.pdf-4,BKNG/2015,0,correct,
1775,PKG/2009/page_63.pdf-3,PKG/2009,1,error,
1776,PKG/2004/page_23.pdf-3,PKG/2004,1,error,
1777,BLL/2006/page_45.pdf-2,BLL/2006,1,error,
1778,INTC/2013/page_71.pdf-3,INTC/2013,1,error,
1779,ETR/2017/page_343.pdf-1,ETR/2017,1,error,
1780,GPN/2016/page_29.pdf-2,GPN/2016,0,correct,
1781,RSG/2018/page_13.pdf-2,RSG/2018,0,correct,
1782,ETR/2008/page_33.pdf-1,ETR/2008,1,error,
1783,LMT/2015/page_55.pdf-1,LMT/2015,0,correct,
1784,ETR/2016/page_315.pdf-1,ETR/2016,1,error,
1785,KMI/2010/page_164.pdf-3,KMI/2010,1,error,
1786,MRO/2009/page_35.pdf-2,MRO/2009,0,correct,
1787,DRE/2007/page_39.pdf-4,DRE/2007,1,error,
1788,IPG/2017/page_49.pdf-4,IPG/2017,0,correct,
1789,IPG/2014/page_23.pdf-1,IPG/2014,1,error,
1790,RE/2010/page_120.pdf-2,RE/2010,1,error,
1791,ETR/2008/page_376.pdf-3,ETR/2008,1,error,
1792,ETR/2004/page_160.pdf-4,ETR/2004,0,correct,
1793,HOLX/2011/page_127.pdf-2,HOLX/2011,0,correct,
1794,VNO/2005/page_69.pdf-2,VNO/2005,1,error,
1795,RL/2009/page_22.pdf-1,RL/2009,1,error,
1796,MA/2009/page_115.pdf-4,MA/2009,1,error,
1797,SNA/2013/page_93.pdf-4,SNA/2013,0,correct,
1798,HUM/2018/page_129.pdf-1,HUM/2018,1,error,
1799,ETR/2015/page_18.pdf-1,ETR/2015,0,correct,
1800,LMT/2010/page_36.pdf-2,LMT/2010,1,error,
1801,GPN/2009/page_68.pdf-1,GPN/2009,0,correct,
1802,NKE/2015/page_37.pdf-1,NKE/2015,1,error,
1803,ETFC/2007/page_22.pdf-1,ETFC/2007,0,correct,
1804,AWK/2014/page_122.pdf-1,AWK/2014,1,error,
1805,UNP/2008/page_71.pdf-3,UNP/2008,1,error,
1806,EMN/2007/page_111.pdf-2,EMN/2007,0,correct,
1807,MO/2017/page_79.pdf-1,MO/2017,0,correct,
1808,UNP/2009/page_26.pdf-2,UNP/2009,0,correct,
1809,APTV/2015/page_47.pdf-3,APTV/2015,1,error,
1810,UNP/2015/page_76.pdf-2,UNP/2015,1,error,
1811,VLO/2012/page_27.pdf-2,VLO/2012,0,correct,
1812,BLK/2008/page_75.pdf-3,BLK/2008,1,error,
1813,BLK/2013/page_29.pdf-3,BLK/2013,1,error,
1814,ANSS/2016/page_85.pdf-2,ANSS/2016,0,correct,
1815,IP/2015/page_44.pdf-3,IP/2015,1,error,
1816,UNP/2013/page_29.pdf-2,UNP/2013,1,error,
1817,MO/2014/page_76.pdf-1,MO/2014,0,correct,
1818,UNP/2013/page_29.pdf-3,UNP/2013,1,error,
1819,IP/2007/page_38.pdf-3,IP/2007,0,correct,
1820,UNP/2011/page_56.pdf-3,UNP/2011,1,error,
1821,BLK/2016/page_35.pdf-3,BLK/2016,1,error,
1822,APTV/2018/page_36.pdf-3,APTV/2018,1,error,
1823,UNP/2015/page_76.pdf-3,UNP/2015,0,correct,
1824,SNPS/2006/page_68.pdf-3,SNPS/2006,1,error,
1825,UNP/2015/page_80.pdf-3,UNP/2015,1,error,
1826,CAT/2017/page_113.pdf-3,CAT/2017,1,error,
1827,UNP/2011/page_35.pdf-3,UNP/2011,0,correct,
1828,UNP/2015/page_31.pdf-2,UNP/2015,0,correct,
1829,IP/2013/page_70.pdf-3,IP/2013,1,error,
1830,UNP/2010/page_79.pdf-3,UNP/2010,1,error,
1831,APTV/2015/page_50.pdf-3,APTV/2015,1,error,
1832,BKR/2018/page_59.pdf-3,BKR/2018,0,correct,
1833,UNP/2008/page_71.pdf-4,UNP/2008,1,error,
1834,UNP/2010/page_33.pdf-2,UNP/2010,1,error,
1835,PPG/2018/page_60.pdf-3,PPG/2018,1,error,
1836,APTV/2014/page_46.pdf-3,APTV/2014,0,correct,
1837,IP/2013/page_65.pdf-2,IP/2013,0,correct,
1838,IP/2007/page_34.pdf-1,IP/2007,0,correct,
1839,UNP/2008/page_81.pdf-2,UNP/2008,1,error,
1840,BLK/2012/page_31.pdf-3,BLK/2012,1,error,
1841,PPG/2005/page_20.pdf-3,PPG/2005,1,error,
1842,BKR/2018/page_52.pdf-1,BKR/2018,0,correct,
1843,APTV/2018/page_34.pdf-3,APTV/2018,0,correct,
1844,UNP/2013/page_35.pdf-2,UNP/2013,1,error,
1845,IP/2007/page_30.pdf-3,IP/2007,1,error,
1846,BLK/2012/page_32.pdf-3,BLK/2012,1,error,
1847,IP/2005/page_29.pdf-3,IP/2005,1,error,
1848,CMCSA/2015/page_70.pdf-1,CMCSA/2015,1,error,
1849,UNP/2012/page_47.pdf-2,UNP/2012,0,correct,
1850,UNP/2017/page_23.pdf-3,UNP/2017,1,error,
1851,MO/2017/page_10.pdf-3,MO/2017,1,error,
1852,UNP/2010/page_24.pdf-3,UNP/2010,0,correct,
1853,UNP/2008/page_32.pdf-2,UNP/2008,1,error,
1854,UNP/2014/page_30.pdf-3,UNP/2014,1,error,
1855,PPG/2018/page_20.pdf-2,PPG/2018,0,correct,
1856,UNP/2015/page_80.pdf-4,UNP/2015,1,error,
1857,UNP/2008/page_81.pdf-3,UNP/2008,1,error,
1858,MO/2014/page_11.pdf-3,MO/2014,1,error,
1859,UNP/2008/page_59.pdf-3,UNP/2008,1,error,
1860,UNP/2011/page_78.pdf-3,UNP/2011,1,error,
1861,UNP/2009/page_26.pdf-3,UNP/2009,0,correct,
1862,EXPD/2017/page_30.pdf-3,EXPD/2017,0,correct,
1863,IP/2005/page_28.pdf-3,IP/2005,1,error,
1864,MO/2016/page_76.pdf-2,MO/2016,0,correct,
1865,UNP/2014/page_16.pdf-3,UNP/2014,1,error,
1866,IP/2015/page_46.pdf-3,IP/2015,1,error,
1867,SNPS/2006/page_73.pdf-2,SNPS/2006,0,correct,
1868,BKR/2017/page_49.pdf-2,BKR/2017,0,correct,
1869,UNP/2009/page_89.pdf-3,UNP/2009,1,error,
1870,UNP/2014/page_14.pdf-3,UNP/2014,1,error,
1871,IP/2012/page_55.pdf-4,IP/2012,1,error,
1872,IP/2014/page_101.pdf-3,IP/2014,1,error,
1873,UNP/2009/page_38.pdf-3,UNP/2009,1,error,
1874,IP/2013/page_61.pdf-3,IP/2013,0,correct,
1875,IP/2012/page_57.pdf-4,IP/2012,1,error,
1876,UNP/2012/page_55.pdf-3,UNP/2012,1,error,
1877,SNPS/2006/page_73.pdf-1,SNPS/2006,0,correct,
1878,VLO/2013/page_24.pdf-2,VLO/2013,0,correct,
1879,UNP/2008/page_32.pdf-1,UNP/2008,0,correct,
1880,TFX/2014/page_44.pdf-3,TFX/2014,1,error,
1881,UNP/2011/page_25.pdf-3,UNP/2011,1,error,
1882,BLK/2012/page_31.pdf-4,BLK/2012,1,error,
1883,ABMD/2015/page_93.pdf-3,ABMD/2015,1,error,
1884,IP/2013/page_105.pdf-1,IP/2013,1,error,
1885,BLK/2012/page_82.pdf-3,BLK/2012,0,correct,
1886,UNP/2012/page_23.pdf-3,UNP/2012,0,correct,
1887,UNP/2009/page_25.pdf-3,UNP/2009,1,error,
1888,UNP/2017/page_74.pdf-3,UNP/2017,1,error,
1889,ABMD/2011/page_33.pdf-3,ABMD/2011,1,error,
1890,UNP/2007/page_79.pdf-2,UNP/2007,1,error,
1891,IP/2018/page_50.pdf-3,IP/2018,1,error,
1892,PPG/2018/page_54.pdf-3,PPG/2018,0,correct,
1893,UNP/2013/page_24.pdf-2,UNP/2013,1,error,
1894,UNP/2015/page_31.pdf-1,UNP/2015,0,correct,
1895,BLK/2014/page_33.pdf-3,BLK/2014,1,error,
1896,UNP/2012/page_79.pdf-3,UNP/2012,1,error,
1897,UNP/2014/page_80.pdf-2,UNP/2014,1,error,
1898,UNP/2010/page_33.pdf-1,UNP/2010,0,correct,
1899,TFX/2014/page_44.pdf-4,TFX/2014,1,error,
1900,PPG/2015/page_40.pdf-3,PPG/2015,1,error,
1901,BDX/2016/page_62.pdf-2,BDX/2016,0,correct,
1902,UNP/2010/page_75.pdf-2,UNP/2010,0,correct,
1903,UNP/2013/page_35.pdf-3,UNP/2013,0,correct,
1904,UNP/2014/page_56.pdf-3,UNP/2014,1,error,
1905,VLO/2012/page_27.pdf-3,VLO/2012,0,correct,
1906,CMCSA/2008/page_56.pdf-1,CMCSA/2008,0,correct,
1907,UNP/2010/page_25.pdf-2,UNP/2010,0,correct,
1908,ANSS/2016/page_85.pdf-3,ANSS/2016,0,correct,
1909,UNP/2008/page_83.pdf-3,UNP/2008,1,error,
1910,BLK/2016/page_75.pdf-3,BLK/2016,1,error,
1911,ABMD/2011/page_33.pdf-4,ABMD/2011,1,error,
1912,UNP/2008/page_83.pdf-4,UNP/2008,1,error,
1913,IP/2013/page_62.pdf-4,IP/2013,1,error,
1914,UNP/2011/page_25.pdf-4,UNP/2011,1,error,
1915,UNP/2008/page_26.pdf-3,UNP/2008,1,error,
1916,PPG/2015/page_40.pdf-4,PPG/2015,1,error,
1917,IP/2016/page_52.pdf-3,IP/2016,1,error,
1918,AAP/2012/page_61.pdf-3,AAP/2012,1,error,
1919,MO/2017/page_79.pdf-2,MO/2017,0,correct,
1920,CAT/2017/page_136.pdf-2,CAT/2017,0,correct,
1921,IP/2014/page_105.pdf-2,IP/2014,1,error,
1922,UNP/2014/page_24.pdf-3,UNP/2014,1,error,
1923,LKQ/2009/page_77.pdf-3,LKQ/2009,1,error,
1924,KIM/2010/page_94.pdf-4,KIM/2010,1,error,
1925,SNPS/2006/page_43.pdf-1,SNPS/2006,1,error,
1926,UNP/2012/page_39.pdf-3,UNP/2012,1,error,
1927,UNP/2012/page_74.pdf-1,UNP/2012,1,error,
1928,UNP/2011/page_78.pdf-4,UNP/2011,1,error,
1929,UNP/2014/page_24.pdf-4,UNP/2014,1,error,
1930,TFX/2018/page_47.pdf-3,TFX/2018,0,correct,
1931,UNP/2009/page_31.pdf-2,UNP/2009,0,correct,
1932,CMCSA/2015/page_165.pdf-1,CMCSA/2015,1,error,
1933,LKQ/2010/page_72.pdf-3,LKQ/2010,1,error,
1934,UNP/2013/page_24.pdf-3,UNP/2013,1,error,
1935,UNP/2010/page_30.pdf-2,UNP/2010,0,correct,
1936,VRTX/2006/page_8.pdf-1,VRTX/2006,1,error,
1937,UNP/2014/page_14.pdf-4,UNP/2014,1,error,
1938,TFX/2015/page_42.pdf-3,TFX/2015,0,correct,
1939,IP/2005/page_27.pdf-4,IP/2005,1,error,
1940,UNP/2015/page_16.pdf-1,UNP/2015,1,error,
1941,IP/2005/page_83.pdf-1,IP/2005,1,error,
1942,IP/2014/page_65.pdf-3,IP/2014,0,correct,
1943,APTV/2015/page_47.pdf-4,APTV/2015,0,correct,
1944,MO/2016/page_76.pdf-3,MO/2016,0,correct,
1945,UNP/2007/page_79.pdf-3,UNP/2007,1,error,
1946,PPG/2005/page_20.pdf-4,PPG/2005,1,error,
1947,IP/2005/page_32.pdf-3,IP/2005,1,error,
1948,LKQ/2018/page_102.pdf-4,LKQ/2018,1,error,
1949,UNP/2009/page_31.pdf-3,UNP/2009,0,correct,
1950,BDX/2017/page_28.pdf-2,BDX/2017,0,correct,
1951,UNP/2014/page_56.pdf-4,UNP/2014,1,error,
1952,UNP/2018/page_50.pdf-3,UNP/2018,1,error,
1953,UNP/2009/page_25.pdf-4,UNP/2009,1,error,
1954,PPG/2008/page_19.pdf-4,PPG/2008,1,error,
1955,ADI/2010/page_90.pdf-3,ADI/2010,1,error,
1956,UNP/2008/page_26.pdf-4,UNP/2008,1,error,
1957,UNP/2011/page_56.pdf-4,UNP/2011,1,error,
1958,UNP/2012/page_29.pdf-3,UNP/2012,1,error,
1959,UNP/2017/page_50.pdf-3,UNP/2017,1,error,
1960,UNP/2016/page_24.pdf-2,UNP/2016,1,error,
1961,UNP/2009/page_61.pdf-3,UNP/2009,1,error,
1962,IP/2015/page_51.pdf-4,IP/2015,0,correct,
1963,APTV/2018/page_34.pdf-4,APTV/2018,0,correct,
1964,UNP/2012/page_34.pdf-3,UNP/2012,0,correct,
1965,UNP/2012/page_39.pdf-4,UNP/2012,1,error,
1966,UNP/2016/page_75.pdf-3,UNP/2016,0,correct,
1967,UNP/2012/page_30.pdf-3,UNP/2012,0,correct,
1968,UNP/2014/page_30.pdf-4,UNP/2014,1,error,
1969,BKR/2018/page_52.pdf-2,BKR/2018,0,correct,
1970,LKQ/2009/page_66.pdf-4,LKQ/2009,1,error,
1971,EMN/2004/page_82.pdf-1,EMN/2004,1,error,
1972,ANSS/2008/page_85.pdf-3,ANSS/2008,0,correct,
1973,VLO/2012/page_130.pdf-1,VLO/2012,1,error,
1974,UNP/2010/page_25.pdf-1,UNP/2010,0,correct,
1975,APTV/2013/page_48.pdf-3,APTV/2013,1,error,
1976,CMCSA/2015/page_42.pdf-3,CMCSA/2015,0,correct,
1977,BLK/2014/page_33.pdf-4,BLK/2014,1,error,
1978,UNP/2009/page_38.pdf-4,UNP/2009,1,error,
1979,HOLX/2011/page_122.pdf-4,HOLX/2011,1,error,
1980,SNPS/2013/page_61.pdf-2,SNPS/2013,1,error,
1981,BLK/2016/page_35.pdf-4,BLK/2016,1,error,
1982,UNP/2009/page_61.pdf-4,UNP/2009,1,error,
1983,UNP/2012/page_55.pdf-4,UNP/2012,1,error,
1984,UNP/2011/page_80.pdf-3,UNP/2011,1,error,
1985,BLK/2017/page_35.pdf-4,BLK/2017,1,error,
1986,SNPS/2006/page_43.pdf-2,SNPS/2006,0,correct,
1987,UNP/2011/page_35.pdf-4,UNP/2011,0,correct,
1988,LKQ/2018/page_93.pdf-1,LKQ/2018,0,correct,
1989,IP/2014/page_71.pdf-4,IP/2014,1,error,
1990,IP/2015/page_83.pdf-1,IP/2015,0,correct,
1991,PPG/2018/page_61.pdf-3,PPG/2018,0,correct,
1992,BLK/2012/page_32.pdf-4,BLK/2012,1,error,
1993,PPG/2018/page_60.pdf-4,PPG/2018,1,error,
1994,UNP/2007/page_58.pdf-1,UNP/2007,1,error,
1995,CMCSA/2015/page_158.pdf-1,CMCSA/2015,1,error,
1996,UNP/2012/page_23.pdf-4,UNP/2012,0,correct,
1997,IP/2015/page_82.pdf-1,IP/2015,0,correct,
1998,UNP/2014/page_16.pdf-4,UNP/2014,1,error,
1999,SNPS/2006/page_67.pdf-4,SNPS/2006,1,error,
2000,MO/2017/page_10.pdf-4,MO/2017,1,error,
2001,UNP/2016/page_24.pdf-3,UNP/2016,1,error,
2002,IP/2007/page_19.pdf-1,IP/2007,0,correct,
2003,KIM/2006/page_67.pdf-3,KIM/2006,1,error,
2004,IP/2007/page_32.pdf-1,IP/2007,0,correct,
2005,UNP/2015/page_14.pdf-1,UNP/2015,1,error,
2006,IP/2014/page_104.pdf-2,IP/2014,1,error,
2007,CMCSA/2004/page_30.pdf-4,CMCSA/2004,1,error,
2008,KIM/2009/page_25.pdf-3,KIM/2009,0,correct,
2009,IP/2018/page_45.pdf-2,IP/2018,0,correct,
2010,UNP/2014/page_80.pdf-3,UNP/2014,1,error,
2011,BKR/2017/page_49.pdf-1,BKR/2017,0,correct,
2012,PPG/2018/page_20.pdf-1,PPG/2018,0,correct,
2013,UNP/2008/page_59.pdf-4,UNP/2008,1,error,
2014,PPG/2016/page_42.pdf-3,PPG/2016,1,error,
2015,UNP/2013/page_14.pdf-3,UNP/2013,1,error,
2016,UNP/2011/page_80.pdf-4,UNP/2011,1,error,
2017,UNP/2012/page_30.pdf-4,UNP/2012,0,correct,
2018,ABMD/2015/page_53.pdf-3,ABMD/2015,1,error,
2019,VLO/2012/page_129.pdf-1,VLO/2012,1,error,
2020,LKQ/2016/page_48.pdf-4,LKQ/2016,1,error,
2021,UNP/2015/page_14.pdf-2,UNP/2015,1,error,
2022,AAP/2016/page_26.pdf-3,AAP/2016,1,error,
2023,UNP/2017/page_50.pdf-4,UNP/2017,1,error,
2024,UNP/2015/page_16.pdf-2,UNP/2015,1,error,
2025,BLK/2008/page_75.pdf-4,BLK/2008,0,correct,
2026,UNP/2012/page_29.pdf-4,UNP/2012,1,error,
2027,ABMD/2015/page_53.pdf-4,ABMD/2015,1,error,
2028,UNP/2009/page_89.pdf-4,UNP/2009,1,error,
2029,MO/2014/page_11.pdf-4,MO/2014,1,error,
2030,PPG/2018/page_54.pdf-4,PPG/2018,0,correct,
2031,UNP/2012/page_74.pdf-2,UNP/2012,1,error,
2032,CMCSA/2015/page_100.pdf-1,CMCSA/2015,1,error,
2033,PPG/2013/page_54.pdf-4,PPG/2013,1,error,
2034,UNP/2017/page_74.pdf-4,UNP/2017,1,error,
2035,UNP/2018/page_50.pdf-4,UNP/2018,1,error,
2036,CAT/2017/page_136.pdf-3,CAT/2017,0,correct,
2037,TFX/2018/page_47.pdf-4,TFX/2018,0,correct,
2038,UNP/2011/page_40.pdf-3,UNP/2011,1,error,
2039,UNP/2013/page_14.pdf-4,UNP/2013,1,error,
2040,UNP/2009/page_83.pdf-3,UNP/2009,0,correct,
2041,BDX/2009/page_81.pdf-4,BDX/2009,0,correct,
2042,PPG/2016/page_42.pdf-4,PPG/2016,1,error,
2043,IP/2012/page_64.pdf-4,IP/2012,1,error,
2044,IP/2013/page_101.pdf-4,IP/2013,1,error,
2045,UNP/2012/page_34.pdf-4,UNP/2012,0,correct,
2046,UNP/2009/page_83.pdf-4,UNP/2009,0,correct,
2047,UNP/2010/page_75.pdf-3,UNP/2010,0,correct,
2048,UNP/2017/page_23.pdf-4,UNP/2017,1,error,
2049,BDX/2016/page_62.pdf-3,BDX/2016,0,correct,
