reviewer_id,item_id,source_group,proposition_decisive,A_relation,AA_target,neutral_target,support_target,counter_target,neutral_is_proposition_neutral,support_is_directional,counter_is_directional,evidence_conflict,insufficient_reason,temporal_confounded,source_confounded,entity_confounded,unit_confounded,scope_confounded,format_match,final_status,rationale
reviewer1,5ece9464c9e77c0008467f48:01c21836cc42:support,AN22,yes,support,support,support,insufficient,insufficient,no,missing,yes,no,"support append missing; selected neutral repeats A or otherwise directly bears on the proposition, so it is not neutral",no,no,no,no,no,yes,construction-failure,A_relation=support; AA=support; neutral=support; support=insufficient; counter=insufficient; final_status=construction-failure because a required append is MISSING
reviewer1,5ece9464c9e77c0008467f48:01c21836cc42:refute,AN22,yes,refute,refute,refute,insufficient,insufficient,no,yes,missing,no,"counter append missing; selected neutral repeats A or otherwise directly bears on the proposition, so it is not neutral",no,no,no,no,no,yes,construction-failure,A_relation=refute; AA=refute; neutral=refute; support=insufficient; counter=insufficient; final_status=construction-failure because a required append is MISSING
reviewer1,5ec284ffc9e77c000841796e:32f98bf5a07c:support,AN08,yes,support,support,support,insufficient,insufficient,no,missing,yes,no,"support append missing; selected neutral repeats A or otherwise directly bears on the proposition, so it is not neutral",no,no,no,no,no,yes,construction-failure,A_relation=support; AA=support; neutral=support; support=insufficient; counter=insufficient; final_status=construction-failure because a required append is MISSING
reviewer1,5ec284ffc9e77c000841796e:32f98bf5a07c:refute,AN08,yes,refute,refute,refute,insufficient,insufficient,no,yes,missing,no,"counter append missing; selected neutral repeats A or otherwise directly bears on the proposition, so it is not neutral",no,no,no,no,no,yes,construction-failure,A_relation=refute; AA=refute; neutral=refute; support=insufficient; counter=insufficient; final_status=construction-failure because a required append is MISSING
reviewer1,5ee39419c9e77c0008ccfae4:5e41a0966a75:support,AN13,yes,support,support,support,insufficient,insufficient,no,missing,yes,no,"support append missing; selected neutral repeats A or otherwise directly bears on the proposition, so it is not neutral",no,no,no,no,no,yes,construction-failure,A_relation=support; AA=support; neutral=support; support=insufficient; counter=insufficient; final_status=construction-failure because a required append is MISSING
reviewer1,5ee39419c9e77c0008ccfae4:5e41a0966a75:refute,AN13,yes,refute,refute,refute,insufficient,insufficient,no,yes,missing,no,"counter append missing; selected neutral repeats A or otherwise directly bears on the proposition, so it is not neutral",no,no,no,no,no,yes,construction-failure,A_relation=refute; AA=refute; neutral=refute; support=insufficient; counter=insufficient; final_status=construction-failure because a required append is MISSING
reviewer1,5ee3949ac9e77c0008ccfd84:dabb11a3a4e5:support,AN51,yes,support,support,support,insufficient,support,no,missing,uncertain,no,"support append missing; selected neutral repeats A or otherwise directly bears on the proposition, so it is not neutral; counter cast list omits the named actors but does not explicitly establish an exhaustive cast list",no,no,no,no,no,yes,construction-failure,A_relation=support; AA=support; neutral=support; support=insufficient; counter=support; final_status=construction-failure because a required append is MISSING
reviewer1,5ee3949ac9e77c0008ccfd84:dabb11a3a4e5:refute,AN51,yes,insufficient,insufficient,insufficient,support,insufficient,no,yes,missing,no,"counter append missing; selected neutral repeats A or otherwise directly bears on the proposition, so it is not neutral; cast-list evidence is not fully decisive under a non-exhaustive-list reading",no,no,no,no,yes,yes,construction-failure,A_relation=insufficient; AA=insufficient; neutral=insufficient; support=support; counter=insufficient; final_status=construction-failure because a required append is MISSING; semantic review flags an evidence-direction limitation
reviewer1,5ea2d97bc9e77c0009cda6e4:2a8eb9fe5136:support,AN17,yes,support,support,support,insufficient,support,no,missing,no,no,"support append missing; selected neutral repeats A or otherwise directly bears on the proposition, so it is not neutral; rock-band wording is compatible with the more specific Nu Metal classification",no,no,no,no,yes,yes,construction-failure,A_relation=support; AA=support; neutral=support; support=insufficient; counter=support; final_status=construction-failure because a required append is MISSING
reviewer1,5ea2d97bc9e77c0009cda6e4:2a8eb9fe5136:refute,AN17,yes,insufficient,insufficient,insufficient,support,insufficient,no,yes,missing,no,"counter append missing; selected neutral repeats A or otherwise directly bears on the proposition, so it is not neutral; being described as a rock band does not exclude being Nu Metal",no,no,no,no,yes,yes,construction-failure,A_relation=insufficient; AA=insufficient; neutral=insufficient; support=support; counter=insufficient; final_status=construction-failure because a required append is MISSING; semantic review flags an evidence-direction limitation
reviewer1,5ebe6f32c9e77c0008409a4a:95d83ba89700:support,AN26,yes,support,support,support,insufficient,insufficient,no,missing,yes,no,"support append missing; selected neutral repeats A or otherwise directly bears on the proposition, so it is not neutral",no,no,no,no,no,yes,construction-failure,A_relation=support; AA=support; neutral=support; support=insufficient; counter=insufficient; final_status=construction-failure because a required append is MISSING
reviewer1,5ebe6f32c9e77c0008409a4a:95d83ba89700:refute,AN26,yes,refute,refute,refute,insufficient,insufficient,no,yes,missing,no,"counter append missing; selected neutral repeats A or otherwise directly bears on the proposition, so it is not neutral",no,no,no,no,no,yes,construction-failure,A_relation=refute; AA=refute; neutral=refute; support=insufficient; counter=insufficient; final_status=construction-failure because a required append is MISSING
reviewer1,5ec7d50ec9e77c0008442b24:4f32efbe7338:support,AN18,yes,support,support,support,insufficient,insufficient,no,missing,yes,no,"support append missing; selected neutral repeats A or otherwise directly bears on the proposition, so it is not neutral",no,no,no,no,no,yes,construction-failure,A_relation=support; AA=support; neutral=support; support=insufficient; counter=insufficient; final_status=construction-failure because a required append is MISSING
reviewer1,5ec7d50ec9e77c0008442b24:4f32efbe7338:refute,AN18,yes,refute,refute,insufficient,insufficient,insufficient,no,yes,missing,yes,"counter append missing; selected neutral changes a proposition-relevant fact and conflicts with A, so it is not neutral",yes,no,no,no,no,yes,construction-failure,"A_relation=refute; AA=refute; neutral=insufficient; support=insufficient; counter=insufficient; final_status=construction-failure because a required append is MISSING; selected neutral is direction-changing, not neutral"
reviewer1,5ede072fc9e77c00084d2ce9:2070a213f9db:support,AN50,yes,support,support,support,insufficient,insufficient,no,missing,yes,no,"support append missing; selected neutral repeats A or otherwise directly bears on the proposition, so it is not neutral",no,no,no,no,no,yes,construction-failure,A_relation=support; AA=support; neutral=support; support=insufficient; counter=insufficient; final_status=construction-failure because a required append is MISSING
reviewer1,5ede072fc9e77c00084d2ce9:2070a213f9db:refute,AN50,yes,refute,refute,refute,insufficient,insufficient,no,yes,missing,no,"counter append missing; selected neutral repeats A or otherwise directly bears on the proposition, so it is not neutral",no,no,no,no,no,yes,construction-failure,A_relation=refute; AA=refute; neutral=refute; support=insufficient; counter=insufficient; final_status=construction-failure because a required append is MISSING
reviewer1,5ec284fdc9e77c000841630c:02a864692fca:support,AN01,yes,support,support,insufficient,insufficient,insufficient,no,missing,yes,yes,"support append missing; selected neutral changes a proposition-relevant fact and conflicts with A, so it is not neutral",no,no,no,no,no,yes,construction-failure,"A_relation=support; AA=support; neutral=insufficient; support=insufficient; counter=insufficient; final_status=construction-failure because a required append is MISSING; selected neutral is direction-changing, not neutral"
reviewer1,5ec284fdc9e77c000841630c:02a864692fca:refute,AN01,yes,refute,refute,refute,insufficient,insufficient,no,yes,missing,no,"counter append missing; selected neutral repeats A or otherwise directly bears on the proposition, so it is not neutral",no,no,no,no,no,yes,construction-failure,A_relation=refute; AA=refute; neutral=refute; support=insufficient; counter=insufficient; final_status=construction-failure because a required append is MISSING
reviewer1,5eb2988ac9e77c0008d948d4:78774eac9930:support,BN05,yes,support,support,support,insufficient,insufficient,no,missing,yes,no,"support append missing; selected neutral repeats A or otherwise directly bears on the proposition, so it is not neutral",no,no,no,no,no,yes,construction-failure,A_relation=support; AA=support; neutral=support; support=insufficient; counter=insufficient; final_status=construction-failure because a required append is MISSING
reviewer1,5eb2988ac9e77c0008d948d4:78774eac9930:refute,BN05,yes,refute,refute,insufficient,insufficient,insufficient,no,yes,missing,yes,"counter append missing; selected neutral changes a proposition-relevant fact and conflicts with A, so it is not neutral",no,no,no,no,no,yes,construction-failure,"A_relation=refute; AA=refute; neutral=insufficient; support=insufficient; counter=insufficient; final_status=construction-failure because a required append is MISSING; selected neutral is direction-changing, not neutral"
reviewer1,5ec7d50dc9e77c00084422ab:8167d079f786:support,AN02,yes,support,support,support,insufficient,insufficient,no,missing,yes,no,"support append missing; selected neutral repeats A or otherwise directly bears on the proposition, so it is not neutral",no,no,no,no,no,yes,construction-failure,A_relation=support; AA=support; neutral=support; support=insufficient; counter=insufficient; final_status=construction-failure because a required append is MISSING
reviewer1,5ec7d50dc9e77c00084422ab:8167d079f786:refute,AN02,yes,refute,refute,refute,insufficient,insufficient,no,yes,missing,no,"counter append missing; selected neutral repeats A or otherwise directly bears on the proposition, so it is not neutral",no,no,no,no,no,yes,construction-failure,A_relation=refute; AA=refute; neutral=refute; support=insufficient; counter=insufficient; final_status=construction-failure because a required append is MISSING
reviewer1,5ea2d97bc9e77c0009cda1ca:ca02e2730ae1:support,AN30,yes,support,support,support,insufficient,insufficient,no,missing,yes,no,"support append missing; selected neutral repeats A or otherwise directly bears on the proposition, so it is not neutral",no,no,no,no,no,yes,construction-failure,A_relation=support; AA=support; neutral=support; support=insufficient; counter=insufficient; final_status=construction-failure because a required append is MISSING
reviewer1,5ea2d97bc9e77c0009cda1ca:ca02e2730ae1:refute,AN30,yes,refute,refute,refute,insufficient,insufficient,no,yes,missing,no,"counter append missing; selected neutral repeats A or otherwise directly bears on the proposition, so it is not neutral",no,no,no,no,no,yes,construction-failure,A_relation=refute; AA=refute; neutral=refute; support=insufficient; counter=insufficient; final_status=construction-failure because a required append is MISSING
reviewer1,5ebe6f2fc9e77c0008407e30:bea3f1c84a3d:support,AN27,yes,support,support,support,insufficient,insufficient,no,missing,yes,no,"support append missing; selected neutral repeats A or otherwise directly bears on the proposition, so it is not neutral",no,no,no,no,no,yes,construction-failure,A_relation=support; AA=support; neutral=support; support=insufficient; counter=insufficient; final_status=construction-failure because a required append is MISSING
reviewer1,5ebe6f2fc9e77c0008407e30:bea3f1c84a3d:refute,AN27,yes,refute,refute,insufficient,insufficient,insufficient,no,yes,missing,yes,"counter append missing; selected neutral changes a proposition-relevant fact and conflicts with A, so it is not neutral",no,no,no,no,no,yes,construction-failure,"A_relation=refute; AA=refute; neutral=insufficient; support=insufficient; counter=insufficient; final_status=construction-failure because a required append is MISSING; selected neutral is direction-changing, not neutral"
reviewer1,5ed7ad03c9e77c00084a7975:68d60548a6bd:support,AN57,yes,support,support,support,insufficient,insufficient,no,missing,yes,no,"support append missing; selected neutral repeats A or otherwise directly bears on the proposition, so it is not neutral",no,no,no,no,no,yes,construction-failure,A_relation=support; AA=support; neutral=support; support=insufficient; counter=insufficient; final_status=construction-failure because a required append is MISSING
reviewer1,5ed7ad03c9e77c00084a7975:68d60548a6bd:refute,AN57,yes,refute,refute,refute,insufficient,insufficient,no,yes,missing,no,"counter append missing; selected neutral repeats A or otherwise directly bears on the proposition, so it is not neutral",no,no,no,no,no,yes,construction-failure,A_relation=refute; AA=refute; neutral=refute; support=insufficient; counter=insufficient; final_status=construction-failure because a required append is MISSING
reviewer1,5ee39419c9e77c0008ccf86b:71f69dabdae7:support,BN07,yes,support,support,insufficient,insufficient,insufficient,no,missing,yes,yes,"support append missing; selected neutral changes a proposition-relevant fact and conflicts with A, so it is not neutral",yes,no,no,no,no,yes,construction-failure,"A_relation=support; AA=support; neutral=insufficient; support=insufficient; counter=insufficient; final_status=construction-failure because a required append is MISSING; selected neutral is direction-changing, not neutral"
reviewer1,5ee39419c9e77c0008ccf86b:71f69dabdae7:refute,BN07,yes,refute,refute,refute,insufficient,insufficient,no,yes,missing,no,"counter append missing; selected neutral repeats A or otherwise directly bears on the proposition, so it is not neutral",no,no,no,no,no,yes,construction-failure,A_relation=refute; AA=refute; neutral=refute; support=insufficient; counter=insufficient; final_status=construction-failure because a required append is MISSING
reviewer1,5ebbf32bc9e77c000929509b:13d7176cb215:support,BN02,yes,support,support,support,insufficient,support,no,missing,no,no,"support append missing; selected neutral repeats A or otherwise directly bears on the proposition, so it is not neutral; counter evidence concerns a different object (noodles vs barrel) and is not directional",no,no,yes,no,no,yes,construction-failure,A_relation=support; AA=support; neutral=support; support=insufficient; counter=support; final_status=construction-failure because a required append is MISSING; semantic review flags an evidence-direction limitation
reviewer1,5ebbf32bc9e77c000929509b:13d7176cb215:refute,BN02,yes,insufficient,insufficient,insufficient,support,insufficient,no,yes,missing,no,"counter append missing; selected neutral repeats A or otherwise directly bears on the proposition, so it is not neutral; the counterexample about throwing noodles does not establish anything about throwing a barrel",no,no,yes,no,no,yes,construction-failure,A_relation=insufficient; AA=insufficient; neutral=insufficient; support=support; counter=insufficient; final_status=construction-failure because a required append is MISSING; semantic review flags an evidence-direction limitation
reviewer1,5ebe6f2cc9e77c0008407668:01a29c27bce3:support,BN13,yes,support,support,support,insufficient,insufficient,no,missing,yes,no,"support append missing; selected neutral repeats A or otherwise directly bears on the proposition, so it is not neutral",no,no,no,no,no,yes,construction-failure,A_relation=support; AA=support; neutral=support; support=insufficient; counter=insufficient; final_status=construction-failure because a required append is MISSING
reviewer1,5ebe6f2cc9e77c0008407668:01a29c27bce3:refute,BN13,yes,refute,refute,insufficient,insufficient,insufficient,no,yes,missing,yes,"counter append missing; selected neutral changes a proposition-relevant fact and conflicts with A, so it is not neutral",no,no,no,no,no,yes,construction-failure,"A_relation=refute; AA=refute; neutral=insufficient; support=insufficient; counter=insufficient; final_status=construction-failure because a required append is MISSING; selected neutral is direction-changing, not neutral"
