review_id,item_id,source_group,edit_location_correct,positive_financial_coherence,negative_financial_coherence,unit_consistency_ok,expected_positive_direction_ok,expected_negative_direction_ok,overall_status,failure_types,evidence_or_rationale,reviewer_id,review_date_utc,independent_review_complete
48648ca0b4a8,ORLY/2017/page_30.pdf-1,ORLY/2017,,,,,,,,,,,,
f6ce329558dc,BKR/2018/page_52.pdf-1,BKR/2018,,,,,,,,,,,,
1a47b8feb051,EW/2017/page_83.pdf-1,EW/2017,,,,,,,,,,,,
f6ac77be07cd,ALLE/2015/page_81.pdf-2,ALLE/2015,,,,,,,,,,,,
d16c64982ba6,MMM/2015/page_52.pdf-1,MMM/2015,,,,,,,,,,,,
98d61b8d8f63,DG/2009/page_87.pdf-1,DG/2009,,,,,,,,,,,,
427d7ecf1fa9,SPGI/2017/page_73.pdf-2,SPGI/2017,,,,,,,,,,,,
fcfa7b82a92d,AMT/2012/page_56.pdf-2,AMT/2012,,,,,,,,,,,,
cb6846a1d0f4,RCL/2006/page_37.pdf-4,RCL/2006,,,,,,,,,,,,
a77a187605c3,EMN/2007/page_111.pdf-2,EMN/2007,,,,,,,,,,,,
e26a2db3e16a,LMT/2002/page_33.pdf-2,LMT/2002,,,,,,,,,,,,
091bb8682a48,JKHY/2016/page_25.pdf-2,JKHY/2016,,,,,,,,,,,,
86829c4ed486,DISH/2011/page_130.pdf-1,DISH/2011,,,,,,,,,,,,
ded00f99b855,MMM/2013/page_48.pdf-1,MMM/2013,,,,,,,,,,,,
71cf14695041,TROW/2013/page_25.pdf-1,TROW/2013,,,,,,,,,,,,
09e0efb4624a,STT/2006/page_96.pdf-4,STT/2006,,,,,,,,,,,,
b23e9cfaee0e,DISH/2015/page_142.pdf-2,DISH/2015,,,,,,,,,,,,
eb7f894c38ae,IP/2012/page_58.pdf-1,IP/2012,,,,,,,,,,,,
45e7fe48f394,SLG/2009/page_84.pdf-2,SLG/2009,,,,,,,,,,,,
55b490bdf08a,CDNS/2016/page_32.pdf-4,CDNS/2016,,,,,,,,,,,,
c1efc3d91ed5,L/2007/page_213.pdf-1,L/2007,,,,,,,,,,,,
0530b99b68fd,VLO/2013/page_24.pdf-1,VLO/2013,,,,,,,,,,,,
bb92ad45bfb9,AAPL/2013/page_78.pdf-3,AAPL/2013,,,,,,,,,,,,
9bff3ae4e8e9,STZ/2005/page_57.pdf-2,STZ/2005,,,,,,,,,,,,
ecb91e0e4cbc,MAS/2012/page_86.pdf-3,MAS/2012,,,,,,,,,,,,
75ad60b0e2f4,BLL/2006/page_89.pdf-1,BLL/2006,,,,,,,,,,,,
24007882208c,SNA/2007/page_80.pdf-2,SNA/2007,,,,,,,,,,,,
06f7039125d2,AAP/2012/page_61.pdf-2,AAP/2012,,,,,,,,,,,,
039e2a58e102,GPN/2014/page_71.pdf-4,GPN/2014,,,,,,,,,,,,
36738f14ef95,ADBE/2011/page_83.pdf-3,ADBE/2011,,,,,,,,,,,,
8c0a3ebfcba3,AAPL/2008/page_52.pdf-1,AAPL/2008,,,,,,,,,,,,
8ab4272b24b2,STT/2008/page_139.pdf-2,STT/2008,,,,,,,,,,,,
bf4b47a3422c,ABMD/2011/page_33.pdf-3,ABMD/2011,,,,,,,,,,,,
fa0758542c12,HUM/2018/page_46.pdf-2,HUM/2018,,,,,,,,,,,,
f3bd04b6a3d8,BLL/2007/page_75.pdf-2,BLL/2007,,,,,,,,,,,,
4ac313f10bc9,AES/2018/page_168.pdf-3,AES/2018,,,,,,,,,,,,
2c7641fcee70,CMCSA/2004/page_30.pdf-1,CMCSA/2004,,,,,,,,,,,,
b07065880902,ETR/2004/page_185.pdf-1,ETR/2004,,,,,,,,,,,,
f783609fb57b,RSG/2014/page_22.pdf-1,RSG/2014,,,,,,,,,,,,
8939275de686,RL/2013/page_13.pdf-2,RL/2013,,,,,,,,,,,,
a6c943a79e47,AWK/2015/page_106.pdf-1,AWK/2015,,,,,,,,,,,,
90cad1bc1eb5,ABC/2005/page_40.pdf-1,ABC/2005,,,,,,,,,,,,
66a6768f90ee,AAP/2007/page_83.pdf-1,AAP/2007,,,,,,,,,,,,
8acbfb8586d7,MKTX/2004/page_24.pdf-1,MKTX/2004,,,,,,,,,,,,
b37340b725f4,SLG/2010/page_50.pdf-3,SLG/2010,,,,,,,,,,,,
03878273dc9d,IQV/2016/page_57.pdf-1,IQV/2016,,,,,,,,,,,,
983f6aaa580f,BDX/2009/page_81.pdf-4,BDX/2009,,,,,,,,,,,,
fd4262700a63,NTAP/2014/page_33.pdf-2,NTAP/2014,,,,,,,,,,,,
011f81f3eadf,DVN/2012/page_100.pdf-2,DVN/2012,,,,,,,,,,,,
12620eb90548,DVN/2010/page_70.pdf-1,DVN/2010,,,,,,,,,,,,
