row_index,item_id,source_group,outer_fold
0,INTC/2013/page_71.pdf-4,INTC/2013,4
1,AAL/2015/page_74.pdf-1,AAL/2015,3
2,AAL/2014/page_89.pdf-3,AAL/2014,1
3,GS/2014/page_134.pdf-3,GS/2014,3
4,MAA/2018/page_19.pdf-2,MAA/2018,1
5,HII/2018/page_64.pdf-4,HII/2018,2
6,FIS/2016/page_64.pdf-4,FIS/2016,0
7,FBHS/2017/page_46.pdf-2,FBHS/2017,0
8,BKNG/2015/page_38.pdf-2,BKNG/2015,3
9,STT/2012/page_42.pdf-4,STT/2012,4
10,FIS/2016/page_64.pdf-3,FIS/2016,0
11,ETR/2009/page_107.pdf-2,ETR/2009,2
12,AAP/2006/page_85.pdf-2,AAP/2006,4
13,AOS/2007/page_17.pdf-1,AOS/2007,1
14,UNP/2016/page_75.pdf-2,UNP/2016,3
15,UAA/2016/page_83.pdf-3,UAA/2016,0
16,MA/2010/page_107.pdf-1,MA/2010,2
17,HOLX/2011/page_122.pdf-2,HOLX/2011,2
18,ZBH/2008/page_70.pdf-1,ZBH/2008,2
19,AAPL/2013/page_27.pdf-2,AAPL/2013,4
20,RL/2011/page_12.pdf-1,RL/2011,0
21,DISCA/2013/page_60.pdf-1,DISCA/2013,4
22,OKE/2008/page_38.pdf-2,OKE/2008,4
23,ETR/2004/page_216.pdf-4,ETR/2004,1
24,HWM/2015/page_95.pdf-2,HWM/2015,1
25,AWK/2012/page_118.pdf-3,AWK/2012,0
26,APD/2019/page_53.pdf-2,APD/2019,1
27,AAL/2015/page_74.pdf-3,AAL/2015,3
28,ETFC/2013/page_84.pdf-1,ETFC/2013,0
29,ETR/2016/page_24.pdf-4,ETR/2016,1
30,AES/2011/page_230.pdf-4,AES/2011,1
31,ETR/2016/page_403.pdf-3,ETR/2016,1
32,APTV/2015/page_50.pdf-1,APTV/2015,0
33,AMAT/2018/page_31.pdf-3,AMAT/2018,1
34,CDNS/2012/page_31.pdf-2,CDNS/2012,2
35,AAL/2014/page_80.pdf-1,AAL/2014,1
36,ADI/2019/page_77.pdf-2,ADI/2019,4
37,HUM/2018/page_46.pdf-2,HUM/2018,0
38,PKG/2004/page_23.pdf-4,PKG/2004,1
39,IPG/2014/page_37.pdf-3,IPG/2014,1
40,RE/2010/page_120.pdf-1,RE/2010,2
41,JPM/2016/page_140.pdf-1,JPM/2016,1
42,WELL/2016/page_61.pdf-4,WELL/2016,0
43,GS/2013/page_193.pdf-1,GS/2013,3
44,HUM/2015/page_46.pdf-2,HUM/2015,3
45,KIM/2010/page_94.pdf-2,KIM/2010,4
46,DRE/2010/page_56.pdf-2,DRE/2010,4
47,AAL/2014/page_89.pdf-2,AAL/2014,1
48,BLL/2007/page_75.pdf-2,BLL/2007,2
49,VNO/2010/page_173.pdf-1,VNO/2010,1
50,RL/2010/page_11.pdf-1,RL/2010,4
51,LMT/2016/page_83.pdf-4,LMT/2016,1
52,UNP/2012/page_29.pdf-1,UNP/2012,4
53,UPS/2015/page_35.pdf-2,UPS/2015,0
54,UNP/2010/page_24.pdf-1,UNP/2010,3
55,REGN/2010/page_72.pdf-3,REGN/2010,1
56,ORLY/2009/page_77.pdf-4,ORLY/2009,0
57,HIG/2004/page_192.pdf-1,HIG/2004,0
58,AES/2011/page_270.pdf-2,AES/2011,1
59,GPN/2016/page_83.pdf-1,GPN/2016,1
60,RE/2006/page_122.pdf-2,RE/2006,3
61,BDX/2016/page_62.pdf-1,BDX/2016,0
62,MRO/2012/page_39.pdf-3,MRO/2012,3
63,VTR/2006/page_88.pdf-4,VTR/2006,0
64,HOLX/2006/page_102.pdf-1,HOLX/2006,1
65,MMM/2007/page_66.pdf-2,MMM/2007,2
66,UAA/2016/page_83.pdf-1,UAA/2016,0
67,AAPL/2011/page_24.pdf-1,AAPL/2011,2
68,VNO/2006/page_95.pdf-2,VNO/2006,1
69,DVN/2010/page_70.pdf-2,DVN/2010,3
70,AWK/2015/page_106.pdf-1,AWK/2015,0
71,WELL/2017/page_48.pdf-1,WELL/2017,0
72,CME/2010/page_71.pdf-5,CME/2010,4
73,APD/2019/page_108.pdf-2,APD/2019,1
74,TROW/2009/page_24.pdf-3,TROW/2009,4
75,ZBH/2008/page_86.pdf-2,ZBH/2008,2
76,DVN/2014/page_88.pdf-1,DVN/2014,1
77,ETR/2004/page_158.pdf-2,ETR/2004,1
78,SNPS/2012/page_62.pdf-2,SNPS/2012,1
79,HFC/2017/page_103.pdf-3,HFC/2017,1
80,HUM/2007/page_18.pdf-1,HUM/2007,1
81,CE/2016/page_88.pdf-2,CE/2016,0
82,ETR/2016/page_444.pdf-3,ETR/2016,1
83,RCL/2012/page_80.pdf-2,RCL/2012,1
84,AAP/2016/page_65.pdf-2,AAP/2016,1
85,RSG/2014/page_73.pdf-2,RSG/2014,3
86,ETR/2008/page_130.pdf-4,ETR/2008,0
87,AWK/2015/page_115.pdf-2,AWK/2015,0
88,VTR/2007/page_97.pdf-1,VTR/2007,4
89,JPM/2013/page_124.pdf-2,JPM/2013,2
90,RL/2014/page_11.pdf-1,RL/2014,4
91,K/2012/page_44.pdf-2,K/2012,3
92,HWM/2018/page_69.pdf-1,HWM/2018,1
93,DVN/2014/page_88.pdf-3,DVN/2014,1
94,JPM/2014/page_128.pdf-1,JPM/2014,2
95,HIG/2016/page_253.pdf-2,HIG/2016,3
96,GS/2013/page_97.pdf-1,GS/2013,3
97,GPN/2007/page_39.pdf-1,GPN/2007,0
98,GIS/2018/page_82.pdf-1,GIS/2018,3
99,ILMN/2006/page_92.pdf-2,ILMN/2006,0
100,RL/2011/page_12.pdf-2,RL/2011,0
101,CB/2008/page_144.pdf-3,CB/2008,4
102,UAA/2016/page_81.pdf-4,UAA/2016,0
103,VLO/2012/page_27.pdf-1,VLO/2012,3
104,PNC/2013/page_158.pdf-2,PNC/2013,0
105,IP/2014/page_101.pdf-1,IP/2014,4
106,RSG/2013/page_16.pdf-2,RSG/2013,4
107,MA/2009/page_115.pdf-1,MA/2009,4
108,DRE/2002/page_30.pdf-3,DRE/2002,0
109,RSG/2014/page_22.pdf-1,RSG/2014,3
110,HUM/2004/page_78.pdf-1,HUM/2004,1
111,CE/2010/page_150.pdf-3,CE/2010,3
112,ADBE/2011/page_83.pdf-4,ADBE/2011,3
113,GPN/2014/page_71.pdf-4,GPN/2014,1
114,HUM/2012/page_109.pdf-1,HUM/2012,4
115,PPG/2018/page_61.pdf-1,PPG/2018,0
116,HWM/2015/page_92.pdf-1,HWM/2015,1
117,PNC/2012/page_98.pdf-2,PNC/2012,3
118,LMT/2010/page_24.pdf-2,LMT/2010,0
119,LMT/2015/page_106.pdf-3,LMT/2015,2
120,HOLX/2007/page_154.pdf-2,HOLX/2007,4
121,AMT/2007/page_111.pdf-4,AMT/2007,4
122,ETR/2017/page_20.pdf-3,ETR/2017,4
123,BLK/2016/page_75.pdf-2,BLK/2016,1
124,MRO/2009/page_138.pdf-1,MRO/2009,4
125,GPN/2009/page_69.pdf-2,GPN/2009,1
126,ETR/2008/page_130.pdf-3,ETR/2008,0
127,JPM/2016/page_141.pdf-1,JPM/2016,1
128,EW/2016/page_72.pdf-2,EW/2016,1
129,KHC/2016/page_94.pdf-2,KHC/2016,1
130,MRO/2008/page_135.pdf-2,MRO/2008,2
131,ETR/2017/page_477.pdf-1,ETR/2017,4
132,RSG/2017/page_14.pdf-1,RSG/2017,2
133,MAS/2010/page_29.pdf-1,MAS/2010,0
134,BLL/2011/page_29.pdf-4,BLL/2011,0
135,LMT/2017/page_101.pdf-4,LMT/2017,0
136,LKQ/2010/page_72.pdf-2,LKQ/2010,2
137,UA/2011/page_70.pdf-1,UA/2011,2
138,CE/2005/page_167.pdf-4,CE/2005,0
139,GS/2014/page_62.pdf-1,GS/2014,3
140,IPG/2018/page_52.pdf-1,IPG/2018,2
141,AES/2010/page_225.pdf-3,AES/2010,4
142,IPG/2018/page_104.pdf-2,IPG/2018,2
143,TROW/2011/page_13.pdf-1,TROW/2011,1
144,IPG/2015/page_24.pdf-4,IPG/2015,4
145,UNP/2012/page_23.pdf-1,UNP/2012,4
146,JPM/2014/page_128.pdf-4,JPM/2014,2
147,ETR/2016/page_144.pdf-3,ETR/2016,1
148,IP/2012/page_57.pdf-2,IP/2012,3
149,ADBE/2013/page_68.pdf-3,ADBE/2013,2
150,RSG/2015/page_18.pdf-2,RSG/2015,3
151,HUM/2015/page_46.pdf-1,HUM/2015,3
152,PKG/2004/page_21.pdf-4,PKG/2004,1
153,JKHY/2016/page_25.pdf-2,JKHY/2016,0
154,AAP/2013/page_68.pdf-1,AAP/2013,2
155,UNP/2008/page_83.pdf-1,UNP/2008,0
156,CE/2010/page_150.pdf-2,CE/2010,3
157,TFX/2018/page_47.pdf-1,TFX/2018,3
158,GS/2016/page_161.pdf-1,GS/2016,0
159,TSCO/2018/page_31.pdf-2,TSCO/2018,2
160,LLY/2008/page_39.pdf-1,LLY/2008,1
161,SNPS/2012/page_64.pdf-1,SNPS/2012,1
162,ETR/2015/page_50.pdf-1,ETR/2015,2
163,APD/2019/page_100.pdf-1,APD/2019,1
164,DISCA/2008/page_141.pdf-3,DISCA/2008,2
165,PNC/2007/page_93.pdf-2,PNC/2007,1
166,MA/2009/page_123.pdf-3,MA/2009,4
167,LMT/2016/page_85.pdf-2,LMT/2016,1
168,AES/2010/page_133.pdf-1,AES/2010,4
169,AAL/2015/page_131.pdf-2,AAL/2015,3
170,GPN/2009/page_69.pdf-4,GPN/2009,1
171,PPG/2018/page_61.pdf-2,PPG/2018,0
172,GPN/2017/page_30.pdf-1,GPN/2017,0
173,GS/2016/page_183.pdf-3,GS/2016,0
174,NTAP/2014/page_33.pdf-2,NTAP/2014,2
175,HIG/2004/page_125.pdf-2,HIG/2004,0
176,HIG/2004/page_81.pdf-3,HIG/2004,0
177,K/2012/page_80.pdf-3,K/2012,3
178,MA/2009/page_123.pdf-4,MA/2009,4
179,AES/2010/page_133.pdf-2,AES/2010,4
180,BLL/2007/page_46.pdf-4,BLL/2007,2
181,AAPL/2015/page_24.pdf-3,AAPL/2015,3
182,HOLX/2007/page_127.pdf-1,HOLX/2007,4
183,ETR/2008/page_130.pdf-2,ETR/2008,0
184,RL/2014/page_13.pdf-1,RL/2014,4
185,APD/2018/page_113.pdf-2,APD/2018,2
186,IP/2014/page_71.pdf-1,IP/2014,4
187,RL/2010/page_11.pdf-2,RL/2010,4
188,ILMN/2008/page_77.pdf-4,ILMN/2008,4
189,CDW/2015/page_53.pdf-1,CDW/2015,2
190,AWK/2012/page_118.pdf-2,AWK/2012,0
191,LKQ/2012/page_25.pdf-2,LKQ/2012,1
192,SLB/2010/page_58.pdf-2,SLB/2010,3
193,ETR/2017/page_19.pdf-1,ETR/2017,4
194,GS/2018/page_175.pdf-2,GS/2018,2
195,C/2009/page_200.pdf-2,C/2009,2
196,HWM/2015/page_94.pdf-1,HWM/2015,1
197,CB/2009/page_220.pdf-3,CB/2009,1
198,RSG/2017/page_14.pdf-2,RSG/2017,2
199,K/2013/page_27.pdf-3,K/2013,4
200,IP/2014/page_66.pdf-1,IP/2014,4
201,MA/2008/page_70.pdf-2,MA/2008,4
202,MRO/2008/page_119.pdf-3,MRO/2008,2
203,RSG/2018/page_13.pdf-1,RSG/2018,1
204,PM/2015/page_103.pdf-3,PM/2015,3
205,LKQ/2012/page_25.pdf-1,LKQ/2012,1
206,RSG/2017/page_74.pdf-2,RSG/2017,2
207,UA/2011/page_71.pdf-2,UA/2011,2
208,AMT/2007/page_114.pdf-3,AMT/2007,4
209,AMT/2012/page_111.pdf-4,AMT/2012,2
210,AWK/2015/page_127.pdf-4,AWK/2015,0
211,LKQ/2016/page_48.pdf-2,LKQ/2016,0
212,AWK/2017/page_128.pdf-3,AWK/2017,4
213,EW/2014/page_35.pdf-2,EW/2014,3
214,EOG/2016/page_80.pdf-1,EOG/2016,3
215,AAPL/2013/page_27.pdf-4,AAPL/2013,4
216,ETR/2017/page_20.pdf-1,ETR/2017,4
217,ETR/2008/page_313.pdf-2,ETR/2008,0
218,PNC/2017/page_76.pdf-1,PNC/2017,1
219,ETFC/2015/page_25.pdf-1,ETFC/2015,3
220,SNPS/2012/page_61.pdf-3,SNPS/2012,1
221,HWM/2015/page_123.pdf-2,HWM/2015,1
222,LMT/2013/page_26.pdf-2,LMT/2013,2
223,AWK/2013/page_123.pdf-3,AWK/2013,4
224,DRE/2016/page_59.pdf-1,DRE/2016,2
225,EW/2016/page_36.pdf-1,EW/2016,1
226,DRE/2007/page_39.pdf-1,DRE/2007,1
227,C/2008/page_193.pdf-1,C/2008,3
228,BLL/2006/page_94.pdf-2,BLL/2006,1
229,KMI/2018/page_14.pdf-2,KMI/2018,3
230,CE/2010/page_134.pdf-1,CE/2010,3
231,JPM/2015/page_77.pdf-5,JPM/2015,3
232,MMM/2015/page_52.pdf-1,MMM/2015,1
233,AAL/2015/page_51.pdf-3,AAL/2015,3
234,BLK/2014/page_33.pdf-1,BLK/2014,4
235,HIG/2014/page_126.pdf-3,HIG/2014,3
236,ETR/2016/page_18.pdf-3,ETR/2016,1
237,RL/2014/page_11.pdf-2,RL/2014,4
238,AON/2013/page_32.pdf-1,AON/2013,3
239,JPM/2013/page_158.pdf-2,JPM/2013,2
240,FIS/2012/page_30.pdf-1,FIS/2012,3
241,BKR/2017/page_105.pdf-1,BKR/2017,4
242,CE/2009/page_121.pdf-3,CE/2009,4
243,UNP/2009/page_89.pdf-1,UNP/2009,2
244,VTR/2006/page_88.pdf-1,VTR/2006,0
245,AAL/2014/page_59.pdf-2,AAL/2014,1
246,SWKS/2012/page_116.pdf-2,SWKS/2012,0
247,MRO/2009/page_127.pdf-3,MRO/2009,4
248,DISH/2011/page_130.pdf-2,DISH/2011,3
249,DVN/2011/page_84.pdf-1,DVN/2011,2
250,MMM/2012/page_105.pdf-1,MMM/2012,2
251,LMT/2013/page_26.pdf-1,LMT/2013,2
252,EOG/2018/page_99.pdf-1,EOG/2018,3
253,AAPL/2018/page_23.pdf-2,AAPL/2018,1
254,PNC/2011/page_209.pdf-3,PNC/2011,4
255,AAPL/2011/page_37.pdf-1,AAPL/2011,2
256,CDNS/2012/page_31.pdf-1,CDNS/2012,2
257,ETR/2004/page_258.pdf-1,ETR/2004,1
258,JPM/2015/page_77.pdf-3,JPM/2015,3
259,INTC/2013/page_47.pdf-1,INTC/2013,4
260,C/2008/page_193.pdf-4,C/2008,3
261,WELL/2017/page_48.pdf-3,WELL/2017,0
262,JPM/2008/page_177.pdf-1,JPM/2008,4
263,INTC/2013/page_47.pdf-2,INTC/2013,4
264,EOG/2017/page_85.pdf-1,EOG/2017,1
265,DISH/2015/page_142.pdf-2,DISH/2015,2
266,GS/2018/page_108.pdf-4,GS/2018,2
267,BLL/2007/page_87.pdf-3,BLL/2007,2
268,IP/2007/page_38.pdf-2,IP/2007,1
269,TFX/2017/page_48.pdf-1,TFX/2017,4
270,LMT/2015/page_52.pdf-4,LMT/2015,2
271,LLY/2008/page_45.pdf-2,LLY/2008,1
272,AMT/2012/page_111.pdf-1,AMT/2012,2
273,AAL/2015/page_15.pdf-3,AAL/2015,3
274,IQV/2016/page_57.pdf-2,IQV/2016,0
275,V/2009/page_88.pdf-1,V/2009,2
276,BLL/2010/page_39.pdf-3,BLL/2010,1
277,CDNS/2018/page_82.pdf-4,CDNS/2018,1
278,ETR/2016/page_17.pdf-3,ETR/2016,1
279,IP/2005/page_31.pdf-1,IP/2005,2
280,ADBE/2018/page_71.pdf-2,ADBE/2018,1
281,MRO/2008/page_145.pdf-1,MRO/2008,2
282,RL/2016/page_9.pdf-1,RL/2016,2
283,WELL/2017/page_48.pdf-4,WELL/2017,0
284,MMM/2007/page_36.pdf-1,MMM/2007,2
285,HWM/2015/page_87.pdf-1,HWM/2015,1
286,ETR/2008/page_212.pdf-4,ETR/2008,0
287,ETR/2008/page_212.pdf-1,ETR/2008,0
288,IP/2015/page_44.pdf-2,IP/2015,1
289,AAPL/2004/page_83.pdf-2,AAPL/2004,3
290,CDNS/2007/page_30.pdf-3,CDNS/2007,2
291,JPM/2003/page_44.pdf-4,JPM/2003,4
292,UNP/2009/page_61.pdf-2,UNP/2009,2
293,UNP/2015/page_80.pdf-1,UNP/2015,0
294,VTR/2007/page_97.pdf-4,VTR/2007,4
295,MRO/2008/page_42.pdf-3,MRO/2008,2
296,DRE/2009/page_59.pdf-1,DRE/2009,0
297,GIS/2018/page_59.pdf-1,GIS/2018,3
298,MAA/2018/page_19.pdf-1,MAA/2018,1
299,AWK/2015/page_112.pdf-3,AWK/2015,0
300,GPN/2009/page_68.pdf-2,GPN/2009,1
301,AES/2011/page_270.pdf-1,AES/2011,1
302,AAL/2014/page_92.pdf-4,AAL/2014,1
303,WELL/2016/page_61.pdf-2,WELL/2016,0
304,C/2009/page_141.pdf-1,C/2009,2
305,GS/2017/page_176.pdf-1,GS/2017,2
306,AWK/2018/page_131.pdf-2,AWK/2018,1
307,DVN/2007/page_78.pdf-1,DVN/2007,4
308,AMT/2006/page_107.pdf-3,AMT/2006,0
309,GPN/2007/page_18.pdf-1,GPN/2007,0
310,DVN/2017/page_31.pdf-2,DVN/2017,0
311,UNP/2008/page_26.pdf-2,UNP/2008,0
312,UNP/2013/page_14.pdf-2,UNP/2013,3
313,MRO/2008/page_41.pdf-4,MRO/2008,2
314,AAL/2015/page_183.pdf-4,AAL/2015,3
315,AMAT/2015/page_33.pdf-1,AMAT/2015,3
316,UAA/2016/page_83.pdf-4,UAA/2016,0
317,APD/2018/page_41.pdf-1,APD/2018,2
318,TMUS/2016/page_32.pdf-3,TMUS/2016,2
319,RCL/2005/page_40.pdf-4,RCL/2005,3
320,JPM/2012/page_109.pdf-1,JPM/2012,3
321,GS/2015/page_80.pdf-2,GS/2015,0
322,JPM/2012/page_157.pdf-1,JPM/2012,3
323,AWK/2017/page_136.pdf-2,AWK/2017,4
324,SNA/2007/page_80.pdf-2,SNA/2007,1
325,IP/2014/page_101.pdf-2,IP/2014,4
326,ETR/2002/page_266.pdf-2,ETR/2002,1
327,STT/2009/page_122.pdf-3,STT/2009,2
328,DISH/2014/page_142.pdf-2,DISH/2014,3
329,K/2013/page_27.pdf-2,K/2013,4
330,FIS/2016/page_64.pdf-1,FIS/2016,0
331,ORLY/2015/page_28.pdf-4,ORLY/2015,4
332,DISCA/2012/page_54.pdf-2,DISCA/2012,1
333,IP/2005/page_31.pdf-2,IP/2005,2
334,VTR/2006/page_88.pdf-2,VTR/2006,0
335,C/2009/page_248.pdf-3,C/2009,2
336,IPG/2009/page_67.pdf-4,IPG/2009,2
337,MRO/2008/page_70.pdf-3,MRO/2008,2
338,TROW/2011/page_13.pdf-2,TROW/2011,1
339,STT/2012/page_42.pdf-1,STT/2012,4
340,LMT/2015/page_86.pdf-1,LMT/2015,2
341,CE/2010/page_150.pdf-1,CE/2010,3
342,ETFC/2007/page_22.pdf-4,ETFC/2007,0
343,INTC/2013/page_47.pdf-3,INTC/2013,4
344,PKG/2001/page_78.pdf-1,PKG/2001,1
345,K/2012/page_44.pdf-1,K/2012,3
346,STZ/2005/page_57.pdf-4,STZ/2005,0
347,EL/2009/page_112.pdf-2,EL/2009,4
348,AAPL/2015/page_56.pdf-1,AAPL/2015,3
349,JPM/2009/page_183.pdf-5,JPM/2009,3
350,ETR/2009/page_141.pdf-2,ETR/2009,2
351,UAA/2016/page_83.pdf-2,UAA/2016,0
352,UPS/2013/page_56.pdf-3,UPS/2013,4
353,GPN/2016/page_69.pdf-2,GPN/2016,1
354,AAPL/2006/page_93.pdf-1,AAPL/2006,4
355,ETR/2008/page_343.pdf-4,ETR/2008,0
356,STT/2012/page_42.pdf-3,STT/2012,4
357,AWK/2018/page_142.pdf-4,AWK/2018,1
358,BLK/2016/page_35.pdf-2,BLK/2016,1
359,CE/2010/page_134.pdf-4,CE/2010,3
360,ETR/2004/page_186.pdf-1,ETR/2004,1
361,RL/2016/page_9.pdf-2,RL/2016,2
362,SNPS/2012/page_64.pdf-2,SNPS/2012,1
363,HIG/2014/page_126.pdf-2,HIG/2014,3
364,LMT/2016/page_87.pdf-2,LMT/2016,1
365,GS/2013/page_184.pdf-2,GS/2013,3
366,ILMN/2006/page_92.pdf-3,ILMN/2006,0
367,GS/2012/page_64.pdf-1,GS/2012,4
368,AWK/2018/page_150.pdf-2,AWK/2018,1
369,UA/2011/page_66.pdf-1,UA/2011,2
370,BKNG/2017/page_35.pdf-3,BKNG/2017,2
371,PKG/2001/page_86.pdf-3,PKG/2001,1
372,LMT/2007/page_39.pdf-2,LMT/2007,1
373,FIS/2010/page_89.pdf-4,FIS/2010,4
374,AAP/2011/page_16.pdf-1,AAP/2011,1
375,JPM/2012/page_109.pdf-2,JPM/2012,3
376,CE/2016/page_88.pdf-1,CE/2016,0
377,AAL/2015/page_83.pdf-2,AAL/2015,3
378,AMT/2005/page_83.pdf-1,AMT/2005,0
379,UNP/2008/page_81.pdf-1,UNP/2008,0
380,KMI/2014/page_18.pdf-1,KMI/2014,3
381,VTR/2007/page_48.pdf-2,VTR/2007,4
382,IP/2007/page_38.pdf-1,IP/2007,1
383,AAPL/2006/page_79.pdf-2,AAPL/2006,4
384,C/2009/page_194.pdf-3,C/2009,2
385,AMT/2014/page_64.pdf-1,AMT/2014,4
386,GS/2013/page_193.pdf-3,GS/2013,3
387,UPS/2013/page_34.pdf-2,UPS/2013,4
388,AMT/2007/page_116.pdf-3,AMT/2007,4
389,BLL/2010/page_33.pdf-2,BLL/2010,1
390,ADBE/2014/page_99.pdf-2,ADBE/2014,2
391,VNO/2010/page_88.pdf-2,VNO/2010,1
392,ETR/2004/page_335.pdf-2,ETR/2004,1
393,UPS/2015/page_35.pdf-3,UPS/2015,0
394,IP/2015/page_51.pdf-1,IP/2015,1
395,AWK/2017/page_154.pdf-1,AWK/2017,4
396,LMT/2016/page_105.pdf-4,LMT/2016,1
397,JPM/2014/page_128.pdf-2,JPM/2014,2
398,MKTX/2014/page_39.pdf-3,MKTX/2014,0
399,HIG/2016/page_250.pdf-1,HIG/2016,3
400,ETR/2015/page_24.pdf-2,ETR/2015,2
401,IP/2012/page_64.pdf-1,IP/2012,3
402,UNP/2017/page_23.pdf-1,UNP/2017,1
403,C/2009/page_141.pdf-2,C/2009,2
404,ETR/2008/page_27.pdf-1,ETR/2008,0
405,ETR/2008/page_401.pdf-3,ETR/2008,0
406,ETR/2017/page_441.pdf-3,ETR/2017,4
407,ETR/2015/page_18.pdf-3,ETR/2015,2
408,AMT/2012/page_123.pdf-2,AMT/2012,2
409,ETR/2004/page_86.pdf-1,ETR/2004,1
410,AAPL/2011/page_65.pdf-1,AAPL/2011,2
411,JPM/2016/page_73.pdf-4,JPM/2016,1
412,AMT/2012/page_119.pdf-3,AMT/2012,2
413,AAL/2015/page_183.pdf-1,AAL/2015,3
414,RCL/2014/page_80.pdf-3,RCL/2014,2
415,AMT/2014/page_120.pdf-2,AMT/2014,4
416,RSG/2018/page_47.pdf-2,RSG/2018,1
417,SWKS/2008/page_105.pdf-3,SWKS/2008,2
418,MRO/2009/page_57.pdf-2,MRO/2009,4
419,C/2008/page_217.pdf-2,C/2008,3
420,BLK/2017/page_35.pdf-2,BLK/2017,2
421,LMT/2017/page_101.pdf-1,LMT/2017,0
422,DISCA/2016/page_30.pdf-2,DISCA/2016,0
423,BLK/2012/page_32.pdf-1,BLK/2012,2
424,CDNS/2007/page_30.pdf-2,CDNS/2007,2
425,OKE/2007/page_51.pdf-1,OKE/2007,1
426,JPM/2015/page_77.pdf-2,JPM/2015,3
427,ETR/2015/page_50.pdf-2,ETR/2015,2
428,GS/2013/page_195.pdf-4,GS/2013,3
429,UAA/2016/page_81.pdf-1,UAA/2016,0
430,TROW/2011/page_13.pdf-3,TROW/2011,1
431,STZ/2010/page_51.pdf-2,STZ/2010,3
432,AAL/2015/page_183.pdf-3,AAL/2015,3
433,AWK/2018/page_178.pdf-2,AWK/2018,1
434,UNP/2013/page_24.pdf-1,UNP/2013,3
435,UNP/2010/page_30.pdf-1,UNP/2010,3
436,KHC/2018/page_27.pdf-3,KHC/2018,3
437,UNP/2014/page_32.pdf-2,UNP/2014,2
438,MA/2008/page_116.pdf-3,MA/2008,4
439,UPS/2015/page_108.pdf-1,UPS/2015,0
440,CMCSA/2004/page_30.pdf-1,CMCSA/2004,3
441,DISCA/2016/page_30.pdf-3,DISCA/2016,0
442,ADBE/2012/page_87.pdf-1,ADBE/2012,1
443,VTR/2007/page_97.pdf-3,VTR/2007,4
444,LMT/2015/page_86.pdf-2,LMT/2015,2
445,FIS/2012/page_11.pdf-2,FIS/2012,3
446,STZ/2005/page_57.pdf-2,STZ/2005,0
447,CME/2010/page_71.pdf-4,CME/2010,4
448,AWK/2015/page_109.pdf-3,AWK/2015,0
449,TSCO/2017/page_73.pdf-1,TSCO/2017,1
450,IP/2012/page_58.pdf-1,IP/2012,3
451,LMT/2017/page_83.pdf-1,LMT/2017,0
452,AMAT/2018/page_31.pdf-1,AMAT/2018,1
453,GS/2012/page_177.pdf-4,GS/2012,4
454,JPM/2009/page_132.pdf-1,JPM/2009,3
455,AAPL/2011/page_38.pdf-4,AAPL/2011,2
456,GS/2018/page_134.pdf-4,GS/2018,2
457,JPM/2008/page_177.pdf-4,JPM/2008,4
458,KHC/2018/page_27.pdf-1,KHC/2018,3
459,RL/2014/page_13.pdf-2,RL/2014,4
460,ETR/2008/page_438.pdf-1,ETR/2008,0
461,AMAT/2012/page_35.pdf-1,AMAT/2012,1
462,APTV/2015/page_47.pdf-2,APTV/2015,0
463,INTC/2013/page_40.pdf-3,INTC/2013,4
464,AAPL/2002/page_63.pdf-2,AAPL/2002,2
465,ETR/2017/page_19.pdf-2,ETR/2017,4
466,AOS/2007/page_17.pdf-2,AOS/2007,1
467,IPG/2009/page_89.pdf-1,IPG/2009,2
468,FITB/2008/page_69.pdf-4,FITB/2008,3
469,AWK/2018/page_178.pdf-1,AWK/2018,1
470,DRE/2002/page_30.pdf-1,DRE/2002,0
471,MAS/2010/page_86.pdf-2,MAS/2010,0
472,AWK/2015/page_112.pdf-1,AWK/2015,0
473,ETFC/2011/page_23.pdf-2,ETFC/2011,2
474,ETR/2004/page_163.pdf-5,ETR/2004,1
475,AMAT/2016/page_32.pdf-1,AMAT/2016,3
476,ILMN/2008/page_77.pdf-1,ILMN/2008,4
477,MAR/2005/page_52.pdf-1,MAR/2005,0
478,TSCO/2017/page_28.pdf-2,TSCO/2017,1
479,MRO/2009/page_32.pdf-4,MRO/2009,4
480,STT/2008/page_139.pdf-3,STT/2008,0
481,AAP/2011/page_16.pdf-2,AAP/2011,1
482,BKNG/2015/page_38.pdf-3,BKNG/2015,3
483,DISCA/2016/page_30.pdf-4,DISCA/2016,0
484,PNC/2012/page_98.pdf-4,PNC/2012,3
485,ETR/2017/page_441.pdf-1,ETR/2017,4
486,AOS/2016/page_19.pdf-2,AOS/2016,0
487,C/2008/page_176.pdf-3,C/2008,3
488,LMT/2013/page_26.pdf-3,LMT/2013,2
489,JKHY/2016/page_61.pdf-1,JKHY/2016,0
490,AAL/2015/page_187.pdf-2,AAL/2015,3
491,SNA/2007/page_47.pdf-1,SNA/2007,1
492,NKE/2015/page_37.pdf-4,NKE/2015,2
493,ETR/2008/page_362.pdf-3,ETR/2008,0
494,ETR/2004/page_160.pdf-2,ETR/2004,1
495,LMT/2016/page_85.pdf-1,LMT/2016,1
496,LMT/2016/page_83.pdf-2,LMT/2016,1
497,C/2009/page_48.pdf-1,C/2009,2
498,JPM/2003/page_100.pdf-1,JPM/2003,4
499,PKG/2004/page_21.pdf-2,PKG/2004,1
500,ETR/2017/page_25.pdf-4,ETR/2017,4
501,ETR/2016/page_352.pdf-1,ETR/2016,1
502,BLL/2010/page_58.pdf-1,BLL/2010,1
503,AES/2011/page_230.pdf-3,AES/2011,1
504,RL/2018/page_9.pdf-2,RL/2018,1
505,STT/2006/page_92.pdf-4,STT/2006,0
506,MAS/2010/page_29.pdf-4,MAS/2010,0
507,JPM/2008/page_86.pdf-2,JPM/2008,4
508,AMAT/2015/page_14.pdf-3,AMAT/2015,3
509,INTC/2013/page_40.pdf-2,INTC/2013,4
510,ETR/2008/page_438.pdf-2,ETR/2008,0
511,WELL/2016/page_61.pdf-1,WELL/2016,0
512,MKTX/2004/page_24.pdf-1,MKTX/2004,3
513,AMT/2014/page_88.pdf-2,AMT/2014,4
514,AMT/2012/page_123.pdf-3,AMT/2012,2
515,FIS/2012/page_11.pdf-3,FIS/2012,3
516,RL/2009/page_20.pdf-1,RL/2009,1
517,PNC/2013/page_85.pdf-2,PNC/2013,0
518,EL/2009/page_112.pdf-1,EL/2009,4
519,CDNS/2018/page_82.pdf-3,CDNS/2018,1
520,RE/2017/page_145.pdf-3,RE/2017,0
521,AAL/2014/page_89.pdf-1,AAL/2014,1
522,RSG/2015/page_18.pdf-1,RSG/2015,3
523,RSG/2012/page_145.pdf-1,RSG/2012,4
524,DVN/2010/page_70.pdf-1,DVN/2010,3
525,CNC/2003/page_41.pdf-1,CNC/2003,1
526,AAL/2014/page_92.pdf-1,AAL/2014,1
527,HFC/2017/page_103.pdf-5,HFC/2017,1
528,AAPL/2017/page_23.pdf-2,AAPL/2017,2
529,V/2008/page_165.pdf-2,V/2008,0
530,GPN/2017/page_76.pdf-2,GPN/2017,0
531,UNP/2018/page_50.pdf-1,UNP/2018,0
532,IPG/2017/page_26.pdf-2,IPG/2017,1
533,V/2013/page_113.pdf-1,V/2013,4
534,RSG/2008/page_127.pdf-2,RSG/2008,0
535,MA/2008/page_113.pdf-4,MA/2008,4
536,SLG/2012/page_61.pdf-2,SLG/2012,2
537,AWK/2018/page_172.pdf-3,AWK/2018,1
538,ETFC/2013/page_155.pdf-1,ETFC/2013,0
539,LMT/2016/page_50.pdf-3,LMT/2016,1
540,HOLX/2005/page_27.pdf-1,HOLX/2005,0
541,LMT/2017/page_26.pdf-2,LMT/2017,0
542,AAL/2015/page_183.pdf-2,AAL/2015,3
543,CB/2009/page_220.pdf-1,CB/2009,1
544,HUM/2005/page_80.pdf-3,HUM/2005,2
545,JKHY/2015/page_20.pdf-1,JKHY/2015,3
546,GS/2016/page_183.pdf-4,GS/2016,0
547,C/2009/page_255.pdf-2,C/2009,2
548,VNO/2010/page_88.pdf-1,VNO/2010,1
549,EW/2014/page_35.pdf-1,EW/2014,3
550,AAPL/2015/page_68.pdf-3,AAPL/2015,3
551,PKG/2018/page_66.pdf-1,PKG/2018,2
552,RSG/2008/page_141.pdf-1,RSG/2008,0
553,TROW/2013/page_25.pdf-3,TROW/2013,3
554,HFC/2017/page_103.pdf-1,HFC/2017,1
555,GS/2012/page_177.pdf-2,GS/2012,4
556,RCL/2017/page_38.pdf-2,RCL/2017,0
557,SLB/2010/page_90.pdf-1,SLB/2010,3
558,UNP/2008/page_71.pdf-2,UNP/2008,0
559,UPS/2013/page_34.pdf-3,UPS/2013,4
560,STT/2006/page_92.pdf-3,STT/2006,0
561,LLY/2018/page_99.pdf-3,LLY/2018,2
562,C/2008/page_219.pdf-1,C/2008,3
563,ETR/2016/page_352.pdf-2,ETR/2016,1
564,UNP/2009/page_83.pdf-2,UNP/2009,2
565,C/2008/page_207.pdf-2,C/2008,3
566,LMT/2016/page_50.pdf-4,LMT/2016,1
567,LKQ/2009/page_66.pdf-2,LKQ/2009,2
568,ORLY/2017/page_30.pdf-1,ORLY/2017,2
569,C/2009/page_194.pdf-2,C/2009,2
570,FITB/2008/page_69.pdf-3,FITB/2008,3
571,AAPL/2018/page_23.pdf-1,AAPL/2018,1
572,UNP/2018/page_50.pdf-2,UNP/2018,0
573,APD/2013/page_44.pdf-1,APD/2013,0
574,SNPS/2012/page_61.pdf-4,SNPS/2012,1
575,SLG/2009/page_99.pdf-4,SLG/2009,2
576,EW/2016/page_36.pdf-2,EW/2016,1
577,SNPS/2006/page_68.pdf-2,SNPS/2006,0
578,KHC/2016/page_94.pdf-1,KHC/2016,1
579,RCL/2012/page_80.pdf-1,RCL/2012,1
580,HIG/2013/page_124.pdf-3,HIG/2013,4
581,ADI/2012/page_65.pdf-1,ADI/2012,3
582,C/2009/page_279.pdf-2,C/2009,2
583,APTV/2013/page_48.pdf-2,APTV/2013,3
584,AMAT/2016/page_30.pdf-3,AMAT/2016,3
585,AAL/2015/page_131.pdf-3,AAL/2015,3
586,WRK/2019/page_31.pdf-3,WRK/2019,3
587,ORLY/2018/page_30.pdf-1,ORLY/2018,0
588,BLL/2006/page_89.pdf-1,BLL/2006,1
589,AMT/2016/page_69.pdf-3,AMT/2016,0
590,ETR/2008/page_343.pdf-3,ETR/2008,0
591,AWK/2014/page_45.pdf-2,AWK/2014,4
592,AAPL/2006/page_79.pdf-4,AAPL/2006,4
593,APTV/2015/page_50.pdf-2,APTV/2015,0
594,AAP/2013/page_32.pdf-2,AAP/2013,2
595,APD/2014/page_71.pdf-1,APD/2014,4
596,LMT/2010/page_24.pdf-4,LMT/2010,0
597,ETR/2016/page_505.pdf-2,ETR/2016,1
598,PKG/2004/page_21.pdf-3,PKG/2004,1
599,STT/2008/page_139.pdf-1,STT/2008,0
600,VNO/2003/page_102.pdf-2,VNO/2003,3
601,GS/2014/page_62.pdf-2,GS/2014,3
602,HST/2018/page_115.pdf-2,HST/2018,3
603,ORLY/2016/page_29.pdf-3,ORLY/2016,1
604,UNP/2017/page_74.pdf-2,UNP/2017,1
605,VTR/2007/page_48.pdf-4,VTR/2007,4
606,IPG/2014/page_37.pdf-1,IPG/2014,1
607,TSCO/2018/page_31.pdf-1,TSCO/2018,2
608,PPG/2018/page_60.pdf-1,PPG/2018,0
609,ADBE/2014/page_99.pdf-3,ADBE/2014,2
610,AWK/2015/page_106.pdf-3,AWK/2015,0
611,AWK/2017/page_172.pdf-1,AWK/2017,4
612,DISCA/2012/page_54.pdf-3,DISCA/2012,1
613,AWK/2017/page_154.pdf-4,AWK/2017,4
614,AWK/2013/page_123.pdf-1,AWK/2013,4
615,RL/2015/page_9.pdf-2,RL/2015,3
616,NKE/2015/page_37.pdf-3,NKE/2015,2
617,HUM/2012/page_109.pdf-2,HUM/2012,4
618,AWK/2015/page_127.pdf-2,AWK/2015,0
619,AAP/2016/page_65.pdf-1,AAP/2016,1
620,GS/2014/page_134.pdf-1,GS/2014,3
621,RCL/2006/page_37.pdf-2,RCL/2006,2
622,PKG/2006/page_68.pdf-4,PKG/2006,4
623,ALLE/2018/page_121.pdf-2,ALLE/2018,1
624,AAPL/2014/page_78.pdf-1,AAPL/2014,2
625,IPG/2018/page_104.pdf-3,IPG/2018,2
626,IPG/2018/page_26.pdf-1,IPG/2018,2
627,FIS/2007/page_33.pdf-1,FIS/2007,0
628,TFX/2015/page_42.pdf-1,TFX/2015,3
629,C/2016/page_120.pdf-2,C/2016,4
630,LMT/2016/page_85.pdf-3,LMT/2016,1
631,RSG/2017/page_74.pdf-1,RSG/2017,2
632,RCL/2017/page_38.pdf-1,RCL/2017,0
633,AAPL/2002/page_63.pdf-3,AAPL/2002,2
634,RCL/2016/page_37.pdf-3,RCL/2016,1
635,AAPL/2002/page_26.pdf-4,AAPL/2002,2
636,AAP/2016/page_26.pdf-2,AAP/2016,1
637,APD/2019/page_100.pdf-2,APD/2019,1
638,UPS/2017/page_111.pdf-1,UPS/2017,3
639,PPG/2005/page_20.pdf-2,PPG/2005,4
640,RL/2015/page_9.pdf-1,RL/2015,3
641,HIG/2004/page_192.pdf-4,HIG/2004,0
642,RSG/2009/page_78.pdf-2,RSG/2009,4
643,AWK/2015/page_21.pdf-2,AWK/2015,0
644,AON/2015/page_29.pdf-2,AON/2015,2
645,LMT/2010/page_24.pdf-1,LMT/2010,0
646,BKR/2018/page_127.pdf-1,BKR/2018,3
647,UNP/2010/page_55.pdf-2,UNP/2010,3
648,PPG/2012/page_70.pdf-1,PPG/2012,2
649,MMM/2007/page_37.pdf-1,MMM/2007,2
650,EW/2014/page_68.pdf-1,EW/2014,3
651,APD/2018/page_113.pdf-1,APD/2018,2
652,AMAT/2016/page_30.pdf-2,AMAT/2016,3
653,FIS/2016/page_64.pdf-2,FIS/2016,0
654,AMT/2016/page_69.pdf-1,AMT/2016,0
655,STT/2017/page_63.pdf-3,STT/2017,4
656,PNC/2008/page_144.pdf-1,PNC/2008,0
657,ETR/2002/page_266.pdf-1,ETR/2002,1
658,RSG/2013/page_92.pdf-1,RSG/2013,4
659,PNC/2011/page_74.pdf-1,PNC/2011,4
660,PNC/2012/page_110.pdf-1,PNC/2012,3
661,AMAT/2015/page_31.pdf-1,AMAT/2015,3
662,LMT/2016/page_52.pdf-1,LMT/2016,1
663,PNC/2014/page_151.pdf-2,PNC/2014,0
664,LMT/2017/page_101.pdf-3,LMT/2017,0
665,KHC/2018/page_27.pdf-4,KHC/2018,3
666,AAL/2015/page_15.pdf-4,AAL/2015,3
667,AMAT/2016/page_32.pdf-2,AMAT/2016,3
668,JPM/2016/page_73.pdf-1,JPM/2016,1
669,ECL/2017/page_68.pdf-1,ECL/2017,4
670,ETR/2016/page_403.pdf-1,ETR/2016,1
671,ORLY/2016/page_29.pdf-2,ORLY/2016,1
672,HIG/2004/page_81.pdf-1,HIG/2004,0
673,VNO/2012/page_190.pdf-2,VNO/2012,1
674,IPG/2018/page_78.pdf-1,IPG/2018,2
675,ADBE/2011/page_116.pdf-1,ADBE/2011,3
676,PNC/2017/page_168.pdf-1,PNC/2017,1
677,MRO/2009/page_107.pdf-4,MRO/2009,4
678,EW/2017/page_83.pdf-2,EW/2017,0
679,AAPL/2002/page_23.pdf-1,AAPL/2002,2
680,ADBE/2014/page_87.pdf-3,ADBE/2014,2
681,UNP/2007/page_79.pdf-1,UNP/2007,1
682,UPS/2017/page_111.pdf-2,UPS/2017,3
683,PNC/2014/page_94.pdf-3,PNC/2014,0
684,DRE/2010/page_36.pdf-1,DRE/2010,4
685,PPG/2013/page_54.pdf-1,PPG/2013,0
686,AWK/2017/page_128.pdf-1,AWK/2017,4
687,HUM/2005/page_18.pdf-2,HUM/2005,2
688,HWM/2018/page_67.pdf-2,HWM/2018,1
689,DVN/2017/page_31.pdf-1,DVN/2017,0
690,ECL/2017/page_68.pdf-3,ECL/2017,4
691,AWK/2017/page_154.pdf-2,AWK/2017,4
692,HIG/2016/page_253.pdf-1,HIG/2016,3
693,RE/2006/page_122.pdf-3,RE/2006,3
694,MMM/2007/page_64.pdf-2,MMM/2007,2
695,UPS/2007/page_32.pdf-1,UPS/2007,4
696,TMUS/2016/page_32.pdf-1,TMUS/2016,2
697,ECL/2015/page_70.pdf-4,ECL/2015,3
698,ETR/2017/page_373.pdf-1,ETR/2017,4
699,ETR/2016/page_382.pdf-1,ETR/2016,1
700,HWM/2015/page_172.pdf-1,HWM/2015,1
701,AAPL/2004/page_83.pdf-1,AAPL/2004,3
702,CDNS/2016/page_32.pdf-1,CDNS/2016,4
703,EOG/2018/page_89.pdf-1,EOG/2018,3
704,RSG/2015/page_133.pdf-1,RSG/2015,3
705,MRO/2012/page_40.pdf-1,MRO/2012,3
706,INTC/2013/page_47.pdf-4,INTC/2013,4
707,ETR/2016/page_17.pdf-4,ETR/2016,1
708,C/2008/page_219.pdf-2,C/2008,3
709,C/2009/page_248.pdf-4,C/2009,2
710,IPG/2018/page_26.pdf-2,IPG/2018,2
711,AMAT/2012/page_37.pdf-1,AMAT/2012,1
712,UNP/2016/page_75.pdf-1,UNP/2016,3
713,MA/2008/page_116.pdf-1,MA/2008,4
714,UNP/2010/page_75.pdf-1,UNP/2010,3
715,LMT/2016/page_87.pdf-1,LMT/2016,1
716,REGN/2010/page_64.pdf-3,REGN/2010,1
717,AMT/2016/page_69.pdf-4,AMT/2016,0
718,UPS/2017/page_31.pdf-2,UPS/2017,3
719,TFX/2014/page_44.pdf-2,TFX/2014,4
720,HST/2018/page_115.pdf-3,HST/2018,3
721,ETR/2008/page_154.pdf-4,ETR/2008,0
722,AAP/2013/page_68.pdf-2,AAP/2013,2
723,CDNS/2016/page_32.pdf-3,CDNS/2016,4
724,C/2009/page_41.pdf-2,C/2009,2
725,CE/2009/page_121.pdf-4,CE/2009,4
726,ETR/2004/page_335.pdf-3,ETR/2004,1
727,KHC/2017/page_21.pdf-2,KHC/2017,0
728,JPM/2009/page_206.pdf-4,JPM/2009,3
729,DISCA/2008/page_141.pdf-1,DISCA/2008,2
730,AWK/2015/page_21.pdf-1,AWK/2015,0
731,GS/2015/page_80.pdf-1,GS/2015,0
732,JPM/2008/page_86.pdf-1,JPM/2008,4
733,AAL/2015/page_51.pdf-4,AAL/2015,3
734,AAL/2014/page_80.pdf-4,AAL/2014,1
735,RE/2010/page_120.pdf-3,RE/2010,2
736,TROW/2011/page_13.pdf-4,TROW/2011,1
737,REGN/2010/page_68.pdf-1,REGN/2010,1
738,EW/2017/page_83.pdf-1,EW/2017,0
739,ETFC/2007/page_22.pdf-3,ETFC/2007,0
740,WELL/2017/page_48.pdf-2,WELL/2017,0
741,STT/2009/page_109.pdf-1,STT/2009,2
742,CB/2009/page_220.pdf-2,CB/2009,1
743,ILMN/2007/page_84.pdf-2,ILMN/2007,1
744,AON/2013/page_54.pdf-3,AON/2013,3
745,ETR/2008/page_435.pdf-1,ETR/2008,0
746,PKG/2006/page_68.pdf-2,PKG/2006,4
747,JPM/2003/page_44.pdf-3,JPM/2003,4
748,AAL/2015/page_15.pdf-1,AAL/2015,3
749,STT/2009/page_122.pdf-2,STT/2009,2
750,AWK/2017/page_128.pdf-2,AWK/2017,4
751,UPS/2015/page_108.pdf-3,UPS/2015,0
752,SNPS/2012/page_61.pdf-1,SNPS/2012,1
753,MRO/2009/page_36.pdf-2,MRO/2009,4
754,ETR/2016/page_382.pdf-4,ETR/2016,1
755,HIG/2011/page_184.pdf-1,HIG/2011,4
756,JPM/2007/page_164.pdf-1,JPM/2007,2
757,IP/2013/page_64.pdf-2,IP/2013,3
758,MRO/2009/page_58.pdf-2,MRO/2009,4
759,GRMN/2008/page_84.pdf-1,GRMN/2008,0
760,CME/2010/page_45.pdf-3,CME/2010,4
761,MRO/2009/page_36.pdf-1,MRO/2009,4
762,ETR/2004/page_335.pdf-1,ETR/2004,1
763,UNP/2012/page_79.pdf-1,UNP/2012,4
764,PNC/2014/page_205.pdf-1,PNC/2014,0
765,ETR/2009/page_21.pdf-4,ETR/2009,2
766,GPN/2015/page_82.pdf-3,GPN/2015,4
767,VTR/2007/page_48.pdf-1,VTR/2007,4
768,UNP/2013/page_78.pdf-1,UNP/2013,3
769,AON/2015/page_50.pdf-1,AON/2015,2
770,AAPL/2006/page_79.pdf-1,AAPL/2006,4
771,AMAT/2018/page_31.pdf-2,AMAT/2018,1
772,TFX/2014/page_44.pdf-1,TFX/2014,4
773,KHC/2017/page_21.pdf-3,KHC/2017,0
774,CDNS/2016/page_32.pdf-4,CDNS/2016,4
775,PNC/2014/page_161.pdf-1,PNC/2014,0
776,C/2008/page_26.pdf-2,C/2008,3
777,ORLY/2016/page_29.pdf-1,ORLY/2016,1
778,HUM/2010/page_101.pdf-1,HUM/2010,0
779,STT/2008/page_112.pdf-3,STT/2008,0
780,BLL/2011/page_29.pdf-1,BLL/2011,0
781,ADBE/2011/page_83.pdf-2,ADBE/2011,3
782,DISCA/2012/page_54.pdf-4,DISCA/2012,1
783,JPM/2012/page_148.pdf-2,JPM/2012,3
784,JPM/2012/page_148.pdf-3,JPM/2012,3
785,ILMN/2006/page_92.pdf-1,ILMN/2006,0
786,IQV/2016/page_57.pdf-1,IQV/2016,0
787,HST/2018/page_115.pdf-1,HST/2018,3
788,C/2008/page_189.pdf-4,C/2008,3
789,K/2013/page_27.pdf-4,K/2013,4
790,UAA/2016/page_80.pdf-4,UAA/2016,0
791,RSG/2013/page_69.pdf-1,RSG/2013,4
792,BLL/2010/page_39.pdf-1,BLL/2010,1
793,PNC/2014/page_151.pdf-3,PNC/2014,0
794,JPM/2009/page_183.pdf-4,JPM/2009,3
795,AON/2011/page_91.pdf-2,AON/2011,3
796,HIG/2013/page_124.pdf-2,HIG/2013,4
797,TROW/2008/page_23.pdf-3,TROW/2008,3
798,IP/2016/page_52.pdf-2,IP/2016,3
799,AAL/2015/page_83.pdf-1,AAL/2015,3
800,FIS/2007/page_102.pdf-1,FIS/2007,0
801,MRO/2009/page_57.pdf-1,MRO/2009,4
802,ETR/2017/page_352.pdf-3,ETR/2017,4
803,FIS/2007/page_102.pdf-2,FIS/2007,0
804,ADBE/2018/page_71.pdf-3,ADBE/2018,1
805,C/2009/page_194.pdf-1,C/2009,2
806,ETFC/2007/page_116.pdf-1,ETFC/2007,0
807,AMT/2015/page_58.pdf-3,AMT/2015,3
808,ETR/2016/page_375.pdf-2,ETR/2016,1
809,GS/2013/page_195.pdf-3,GS/2013,3
810,IP/2005/page_32.pdf-2,IP/2005,2
811,PKG/2009/page_63.pdf-1,PKG/2009,3
812,CE/2010/page_134.pdf-3,CE/2010,3
813,PKG/2006/page_68.pdf-3,PKG/2006,4
814,DVN/2011/page_84.pdf-2,DVN/2011,2
815,MRO/2009/page_36.pdf-4,MRO/2009,4
816,V/2012/page_28.pdf-2,V/2012,0
817,AWK/2018/page_162.pdf-1,AWK/2018,1
818,BKNG/2015/page_38.pdf-1,BKNG/2015,3
819,RCL/2014/page_80.pdf-2,RCL/2014,2
820,LLY/2008/page_43.pdf-1,LLY/2008,1
821,LMT/2013/page_87.pdf-2,LMT/2013,2
822,C/2008/page_189.pdf-3,C/2008,3
823,MA/2009/page_112.pdf-1,MA/2009,4
824,JPM/2014/page_127.pdf-4,JPM/2014,2
825,RSG/2009/page_78.pdf-1,RSG/2009,4
826,IP/2014/page_65.pdf-2,IP/2014,4
827,IP/2012/page_57.pdf-1,IP/2012,3
828,AMT/2006/page_107.pdf-1,AMT/2006,0
829,ETR/2016/page_343.pdf-2,ETR/2016,1
830,ADBE/2009/page_98.pdf-2,ADBE/2009,0
831,PNC/2016/page_73.pdf-1,PNC/2016,4
832,AOS/2016/page_19.pdf-1,AOS/2016,0
833,AMT/2015/page_58.pdf-2,AMT/2015,3
834,LMT/2016/page_83.pdf-3,LMT/2016,1
835,AWK/2014/page_45.pdf-4,AWK/2014,4
836,CE/2005/page_167.pdf-1,CE/2005,0
837,ALLE/2015/page_81.pdf-1,ALLE/2015,3
838,ORLY/2018/page_30.pdf-3,ORLY/2018,0
839,REGN/2010/page_64.pdf-1,REGN/2010,1
840,ETFC/2015/page_27.pdf-3,ETFC/2015,3
841,V/2008/page_130.pdf-2,V/2008,0
842,ETR/2016/page_444.pdf-1,ETR/2016,1
843,FIS/2012/page_30.pdf-3,FIS/2012,3
844,AAPL/2014/page_26.pdf-1,AAPL/2014,2
845,IP/2013/page_64.pdf-1,IP/2013,3
846,CDNS/2007/page_30.pdf-1,CDNS/2007,2
847,GPN/2014/page_71.pdf-3,GPN/2014,1
848,MAS/2013/page_27.pdf-3,MAS/2013,0
849,GPN/2015/page_82.pdf-1,GPN/2015,4
850,AMT/2016/page_57.pdf-3,AMT/2016,0
851,MMM/2005/page_72.pdf-1,MMM/2005,4
852,ETR/2004/page_261.pdf-3,ETR/2004,1
853,AWK/2018/page_178.pdf-4,AWK/2018,1
854,ADBE/2011/page_83.pdf-3,ADBE/2011,3
855,ETR/2009/page_21.pdf-2,ETR/2009,2
856,APD/2014/page_71.pdf-2,APD/2014,4
857,JKHY/2016/page_25.pdf-1,JKHY/2016,0
858,C/2008/page_207.pdf-1,C/2008,3
859,INTC/2013/page_40.pdf-1,INTC/2013,4
860,AAPL/2011/page_24.pdf-3,AAPL/2011,2
861,ALLE/2015/page_81.pdf-2,ALLE/2015,3
862,ETR/2017/page_332.pdf-1,ETR/2017,4
863,JPM/2005/page_70.pdf-1,JPM/2005,3
864,GS/2017/page_176.pdf-4,GS/2017,2
865,ECL/2017/page_68.pdf-2,ECL/2017,4
866,GPN/2008/page_95.pdf-4,GPN/2008,2
867,ETFC/2013/page_84.pdf-2,ETFC/2013,0
868,HWM/2015/page_87.pdf-2,HWM/2015,1
869,FIS/2016/page_49.pdf-3,FIS/2016,0
870,PKG/2018/page_66.pdf-4,PKG/2018,2
871,GPN/2016/page_83.pdf-4,GPN/2016,1
872,JPM/2014/page_127.pdf-2,JPM/2014,2
873,SLG/2009/page_84.pdf-2,SLG/2009,2
874,CE/2005/page_56.pdf-3,CE/2005,0
875,MA/2008/page_116.pdf-4,MA/2008,4
876,FIS/2010/page_89.pdf-3,FIS/2010,4
877,HUM/2018/page_46.pdf-3,HUM/2018,0
878,C/2009/page_279.pdf-4,C/2009,2
879,EOG/2017/page_103.pdf-1,EOG/2017,1
880,V/2009/page_89.pdf-2,V/2009,2
881,AON/2011/page_121.pdf-3,AON/2011,3
882,HIG/2004/page_67.pdf-1,HIG/2004,0
883,PNC/2012/page_110.pdf-2,PNC/2012,3
884,EMR/2017/page_53.pdf-2,EMR/2017,2
885,CB/2010/page_113.pdf-2,CB/2010,3
886,ALXN/2007/page_96.pdf-1,ALXN/2007,0
887,C/2009/page_42.pdf-2,C/2009,2
888,ETFC/2011/page_23.pdf-1,ETFC/2011,2
889,MA/2010/page_107.pdf-3,MA/2010,2
890,PKG/2001/page_86.pdf-4,PKG/2001,1
891,ADBE/2009/page_81.pdf-4,ADBE/2009,0
892,AAPL/2002/page_23.pdf-2,AAPL/2002,2
893,ETR/2008/page_187.pdf-3,ETR/2008,0
894,PM/2018/page_108.pdf-2,PM/2018,2
895,SNPS/2012/page_62.pdf-1,SNPS/2012,1
896,HWM/2017/page_75.pdf-2,HWM/2017,2
897,ETFC/2015/page_27.pdf-2,ETFC/2015,3
898,HUM/2018/page_129.pdf-4,HUM/2018,0
899,PNC/2014/page_205.pdf-2,PNC/2014,0
900,CB/2010/page_113.pdf-4,CB/2010,3
901,ETR/2017/page_401.pdf-2,ETR/2017,4
902,ETR/2008/page_401.pdf-2,ETR/2008,0
903,EMR/2017/page_53.pdf-1,EMR/2017,2
904,C/2016/page_120.pdf-3,C/2016,4
905,LMT/2017/page_26.pdf-3,LMT/2017,0
906,MKTX/2014/page_39.pdf-2,MKTX/2014,0
907,GPN/2008/page_39.pdf-3,GPN/2008,2
908,ETR/2017/page_352.pdf-2,ETR/2017,4
909,AAL/2015/page_15.pdf-2,AAL/2015,3
910,MA/2008/page_113.pdf-3,MA/2008,4
911,SNA/2013/page_56.pdf-2,SNA/2013,2
912,HIG/2004/page_192.pdf-2,HIG/2004,0
913,EW/2014/page_90.pdf-1,EW/2014,3
914,HIG/2012/page_132.pdf-1,HIG/2012,3
915,AWK/2018/page_172.pdf-4,AWK/2018,1
916,ETR/2008/page_267.pdf-1,ETR/2008,0
917,HOLX/2011/page_122.pdf-1,HOLX/2011,2
918,CME/2010/page_71.pdf-1,CME/2010,4
919,PPG/2018/page_32.pdf-2,PPG/2018,0
920,VTR/2006/page_88.pdf-3,VTR/2006,0
921,AWK/2013/page_123.pdf-4,AWK/2013,4
922,RL/2013/page_13.pdf-1,RL/2013,3
923,HWM/2018/page_67.pdf-1,HWM/2018,1
924,GIS/2015/page_38.pdf-1,GIS/2015,3
925,JPM/2014/page_127.pdf-5,JPM/2014,2
926,REGN/2010/page_72.pdf-2,REGN/2010,1
927,UPS/2010/page_33.pdf-3,UPS/2010,3
928,KMI/2010/page_2.pdf-1,KMI/2010,4
929,HIG/2013/page_124.pdf-1,HIG/2013,4
930,HWM/2018/page_41.pdf-1,HWM/2018,1
931,BLL/2007/page_78.pdf-2,BLL/2007,2
932,MAS/2012/page_86.pdf-4,MAS/2012,1
933,IPG/2018/page_26.pdf-3,IPG/2018,2
934,AAP/2013/page_32.pdf-1,AAP/2013,2
935,IPG/2017/page_26.pdf-3,IPG/2017,1
936,DRE/2009/page_60.pdf-2,DRE/2009,0
937,LMT/2016/page_105.pdf-3,LMT/2016,1
938,HIG/2016/page_250.pdf-2,HIG/2016,3
939,LMT/2013/page_47.pdf-2,LMT/2013,2
940,TFX/2017/page_48.pdf-2,TFX/2017,4
941,AAP/2012/page_61.pdf-2,AAP/2012,0
942,ETR/2013/page_136.pdf-3,ETR/2013,1
943,IP/2014/page_66.pdf-2,IP/2014,4
944,AMAT/2015/page_31.pdf-3,AMAT/2015,3
945,C/2009/page_255.pdf-4,C/2009,2
946,UNP/2016/page_24.pdf-1,UNP/2016,3
947,AMT/2014/page_131.pdf-2,AMT/2014,4
948,IPG/2015/page_24.pdf-3,IPG/2015,4
949,AAPL/2017/page_23.pdf-1,AAPL/2017,2
950,DISH/2011/page_130.pdf-1,DISH/2011,3
951,MRO/2009/page_132.pdf-2,MRO/2009,4
952,ETR/2008/page_212.pdf-2,ETR/2008,0
953,LMT/2002/page_33.pdf-3,LMT/2002,3
954,GPN/2017/page_72.pdf-1,GPN/2017,0
955,RL/2018/page_9.pdf-1,RL/2018,1
956,AWK/2017/page_172.pdf-3,AWK/2017,4
957,ETR/2016/page_24.pdf-3,ETR/2016,1
958,AWK/2014/page_122.pdf-2,AWK/2014,4
959,AON/2011/page_91.pdf-1,AON/2011,3
960,ETR/2016/page_144.pdf-2,ETR/2016,1
961,ADBE/2012/page_87.pdf-4,ADBE/2012,1
962,APTV/2018/page_34.pdf-1,APTV/2018,1
963,AAP/2012/page_61.pdf-1,AAP/2012,0
964,MRO/2009/page_107.pdf-2,MRO/2009,4
965,ETR/2004/page_125.pdf-2,ETR/2004,1
966,STT/2008/page_73.pdf-2,STT/2008,0
967,GS/2014/page_167.pdf-3,GS/2014,3
968,AAL/2014/page_89.pdf-4,AAL/2014,1
969,GPN/2007/page_39.pdf-2,GPN/2007,0
970,STT/2009/page_109.pdf-3,STT/2009,2
971,IP/2015/page_51.pdf-2,IP/2015,1
972,UNP/2009/page_38.pdf-1,UNP/2009,2
973,C/2009/page_279.pdf-3,C/2009,2
974,STT/2017/page_63.pdf-2,STT/2017,4
975,ETR/2017/page_379.pdf-3,ETR/2017,4
976,IP/2016/page_52.pdf-1,IP/2016,3
977,ADBE/2012/page_87.pdf-3,ADBE/2012,1
978,IP/2012/page_56.pdf-2,IP/2012,3
979,ETR/2008/page_401.pdf-1,ETR/2008,0
980,GPN/2009/page_69.pdf-3,GPN/2009,1
981,JKHY/2018/page_16.pdf-3,JKHY/2018,4
982,IP/2013/page_101.pdf-1,IP/2013,3
983,PPG/2018/page_60.pdf-2,PPG/2018,0
984,AMT/2016/page_57.pdf-2,AMT/2016,0
985,C/2008/page_193.pdf-2,C/2008,3
986,GS/2018/page_134.pdf-3,GS/2018,2
987,HWM/2015/page_89.pdf-2,HWM/2015,1
988,ETR/2017/page_373.pdf-2,ETR/2017,4
989,ETR/2008/page_33.pdf-2,ETR/2008,0
990,STT/2017/page_100.pdf-1,STT/2017,4
991,SNPS/2009/page_59.pdf-1,SNPS/2009,1
992,APTV/2014/page_46.pdf-2,APTV/2014,2
993,DISH/2015/page_142.pdf-1,DISH/2015,2
994,GS/2012/page_186.pdf-3,GS/2012,4
995,UPS/2013/page_34.pdf-1,UPS/2013,4
996,ETR/2009/page_21.pdf-3,ETR/2009,2
997,ETR/2017/page_379.pdf-1,ETR/2017,4
998,UNP/2017/page_50.pdf-2,UNP/2017,1
999,RCL/2005/page_40.pdf-2,RCL/2005,3
1000,RE/2006/page_31.pdf-1,RE/2006,3
1001,C/2009/page_48.pdf-2,C/2009,2
1002,BLL/2011/page_29.pdf-3,BLL/2011,0
1003,EMR/2017/page_66.pdf-1,EMR/2017,2
1004,MRO/2008/page_146.pdf-4,MRO/2008,2
1005,JPM/2008/page_177.pdf-3,JPM/2008,4
1006,GIS/2017/page_46.pdf-1,GIS/2017,2
1007,AMT/2012/page_56.pdf-2,AMT/2012,2
1008,UPS/2013/page_56.pdf-2,UPS/2013,4
1009,UPS/2015/page_108.pdf-4,UPS/2015,0
1010,AAPL/2011/page_38.pdf-1,AAPL/2011,2
1011,ADBE/2012/page_113.pdf-1,ADBE/2012,1
1012,BDX/2009/page_81.pdf-2,BDX/2009,1
1013,BLL/2010/page_58.pdf-2,BLL/2010,1
1014,AAPL/2014/page_78.pdf-3,AAPL/2014,2
1015,UNP/2012/page_47.pdf-1,UNP/2012,4
1016,ECL/2017/page_96.pdf-2,ECL/2017,4
1017,MAR/2010/page_55.pdf-1,MAR/2010,4
1018,IP/2013/page_62.pdf-2,IP/2013,3
1019,IPG/2018/page_100.pdf-1,IPG/2018,2
1020,MA/2008/page_125.pdf-1,MA/2008,4
1021,BLK/2012/page_31.pdf-1,BLK/2012,2
1022,AAPL/2002/page_63.pdf-1,AAPL/2002,2
1023,AAPL/2015/page_24.pdf-2,AAPL/2015,3
1024,REGN/2010/page_72.pdf-1,REGN/2010,1
1025,EOG/2017/page_93.pdf-1,EOG/2017,1
1026,AWK/2018/page_150.pdf-1,AWK/2018,1
1027,MA/2009/page_120.pdf-2,MA/2009,4
1028,VTR/2007/page_48.pdf-3,VTR/2007,4
1029,ECL/2015/page_70.pdf-3,ECL/2015,3
1030,ORLY/2017/page_30.pdf-3,ORLY/2017,2
1031,MO/2016/page_76.pdf-1,MO/2016,4
1032,ETR/2016/page_144.pdf-4,ETR/2016,1
1033,K/2012/page_80.pdf-2,K/2012,3
1034,GPN/2015/page_83.pdf-3,GPN/2015,4
1035,PNC/2011/page_209.pdf-5,PNC/2011,4
1036,ADBE/2013/page_84.pdf-1,ADBE/2013,2
1037,UAA/2016/page_81.pdf-2,UAA/2016,0
1038,CDNS/2016/page_32.pdf-2,CDNS/2016,4
1039,MRO/2008/page_42.pdf-1,MRO/2008,2
1040,GS/2012/page_64.pdf-2,GS/2012,4
1041,AAL/2014/page_80.pdf-2,AAL/2014,1
1042,AAPL/2015/page_56.pdf-2,AAPL/2015,3
1043,JPM/2015/page_83.pdf-2,JPM/2015,3
1044,RL/2015/page_11.pdf-2,RL/2015,3
1045,GPN/2010/page_92.pdf-3,GPN/2010,1
1046,JPM/2016/page_141.pdf-3,JPM/2016,1
1047,STT/2011/page_85.pdf-1,STT/2011,4
1048,CB/2008/page_144.pdf-1,CB/2008,4
1049,BLL/2007/page_75.pdf-4,BLL/2007,2
1050,DRE/2002/page_13.pdf-1,DRE/2002,0
1051,BKNG/2017/page_35.pdf-4,BKNG/2017,2
1052,JPM/2015/page_132.pdf-2,JPM/2015,3
1053,AAL/2015/page_83.pdf-3,AAL/2015,3
1054,UNP/2014/page_16.pdf-2,UNP/2014,2
1055,EW/2014/page_90.pdf-2,EW/2014,3
1056,MA/2009/page_115.pdf-3,MA/2009,4
1057,AAP/2016/page_26.pdf-1,AAP/2016,1
1058,SLG/2010/page_50.pdf-3,SLG/2010,3
1059,RL/2011/page_14.pdf-2,RL/2011,0
1060,ILMN/2008/page_77.pdf-2,ILMN/2008,4
1061,AMT/2006/page_107.pdf-2,AMT/2006,0
1062,MAS/2012/page_92.pdf-2,MAS/2012,1
1063,RL/2008/page_21.pdf-2,RL/2008,1
1064,GS/2018/page_108.pdf-3,GS/2018,2
1065,UPS/2017/page_111.pdf-3,UPS/2017,3
1066,ETR/2009/page_141.pdf-3,ETR/2009,2
1067,ETR/2016/page_18.pdf-1,ETR/2016,1
1068,UPS/2012/page_51.pdf-1,UPS/2012,1
1069,HUM/2018/page_46.pdf-4,HUM/2018,0
1070,ORLY/2015/page_28.pdf-3,ORLY/2015,4
1071,APTV/2018/page_34.pdf-2,APTV/2018,1
1072,ZBH/2009/page_71.pdf-1,ZBH/2009,0
1073,ETFC/2015/page_27.pdf-1,ETFC/2015,3
1074,LMT/2005/page_76.pdf-3,LMT/2005,2
1075,TROW/2008/page_23.pdf-2,TROW/2008,3
1076,MMM/2013/page_26.pdf-2,MMM/2013,3
1077,AAPL/2002/page_63.pdf-4,AAPL/2002,2
1078,LKQ/2009/page_66.pdf-1,LKQ/2009,2
1079,JPM/2009/page_183.pdf-2,JPM/2009,3
1080,JPM/2016/page_73.pdf-2,JPM/2016,1
1081,GPN/2017/page_72.pdf-3,GPN/2017,0
1082,GPN/2008/page_39.pdf-2,GPN/2008,2
1083,INTC/2013/page_71.pdf-1,INTC/2013,4
1084,C/2008/page_217.pdf-1,C/2008,3
1085,UNP/2012/page_24.pdf-1,UNP/2012,4
1086,ADBE/2013/page_68.pdf-1,ADBE/2013,2
1087,AAPL/2013/page_78.pdf-3,AAPL/2013,4
1088,ORLY/2017/page_30.pdf-4,ORLY/2017,2
1089,ETR/2017/page_414.pdf-2,ETR/2017,4
1090,GIS/2019/page_53.pdf-1,GIS/2019,2
1091,FIS/2012/page_11.pdf-1,FIS/2012,3
1092,RCL/2016/page_37.pdf-2,RCL/2016,1
1093,GS/2016/page_81.pdf-2,GS/2016,0
1094,EW/2016/page_72.pdf-1,EW/2016,1
1095,GS/2013/page_184.pdf-4,GS/2013,3
1096,AES/2011/page_216.pdf-1,AES/2011,1
1097,ETFC/2007/page_116.pdf-4,ETFC/2007,0
1098,RE/2017/page_145.pdf-2,RE/2017,0
1099,AAP/2006/page_85.pdf-1,AAP/2006,4
1100,DISCA/2008/page_141.pdf-4,DISCA/2008,2
1101,STT/2008/page_139.pdf-2,STT/2008,0
1102,TMUS/2016/page_32.pdf-4,TMUS/2016,2
1103,DVN/2007/page_78.pdf-2,DVN/2007,4
1104,STT/2006/page_92.pdf-2,STT/2006,0
1105,UPS/2017/page_31.pdf-3,UPS/2017,3
1106,ECL/2015/page_70.pdf-1,ECL/2015,3
1107,UPS/2007/page_32.pdf-4,UPS/2007,4
1108,RE/2010/page_138.pdf-5,RE/2010,2
1109,HII/2018/page_64.pdf-3,HII/2018,2
1110,UNP/2012/page_39.pdf-2,UNP/2012,4
1111,ETR/2008/page_187.pdf-1,ETR/2008,0
1112,LMT/2016/page_117.pdf-1,LMT/2016,1
1113,AAPL/2011/page_38.pdf-2,AAPL/2011,2
1114,AWK/2014/page_45.pdf-1,AWK/2014,4
1115,SNA/2007/page_80.pdf-1,SNA/2007,1
1116,ETR/2004/page_335.pdf-4,ETR/2004,1
1117,CMCSA/2004/page_30.pdf-2,CMCSA/2004,3
1118,JPM/2014/page_128.pdf-3,JPM/2014,2
1119,IPG/2018/page_104.pdf-1,IPG/2018,2
1120,HOLX/2005/page_61.pdf-2,HOLX/2005,0
1121,IPG/2009/page_67.pdf-3,IPG/2009,2
1122,DISH/2002/page_94.pdf-2,DISH/2002,4
1123,HOLX/2007/page_154.pdf-1,HOLX/2007,4
1124,AWK/2017/page_172.pdf-4,AWK/2017,4
1125,UPS/2010/page_33.pdf-1,UPS/2010,3
1126,ETFC/2014/page_22.pdf-1,ETFC/2014,2
1127,ALXN/2007/page_96.pdf-2,ALXN/2007,0
1128,TFX/2018/page_47.pdf-2,TFX/2018,3
1129,GS/2012/page_129.pdf-2,GS/2012,4
1130,UNP/2010/page_55.pdf-1,UNP/2010,3
1131,AWK/2015/page_110.pdf-1,AWK/2015,0
1132,CME/2010/page_109.pdf-1,CME/2010,4
1133,GPN/2017/page_30.pdf-2,GPN/2017,0
1134,C/2009/page_279.pdf-1,C/2009,2
1135,IP/2012/page_64.pdf-2,IP/2012,3
1136,ETR/2017/page_401.pdf-1,ETR/2017,4
1137,CB/2010/page_114.pdf-3,CB/2010,3
1138,CE/2010/page_134.pdf-2,CE/2010,3
1139,IPG/2018/page_78.pdf-3,IPG/2018,2
1140,ETR/2009/page_21.pdf-1,ETR/2009,2
1141,HWM/2015/page_80.pdf-2,HWM/2015,1
1142,MA/2009/page_112.pdf-3,MA/2009,4
1143,PNC/2014/page_94.pdf-2,PNC/2014,0
1144,ETR/2016/page_444.pdf-2,ETR/2016,1
1145,PNC/2013/page_66.pdf-1,PNC/2013,0
1146,HOLX/2011/page_127.pdf-1,HOLX/2011,2
1147,RL/2015/page_11.pdf-1,RL/2015,3
1148,UNP/2013/page_35.pdf-1,UNP/2013,3
1149,LMT/2010/page_39.pdf-2,LMT/2010,0
1150,ETR/2008/page_267.pdf-2,ETR/2008,0
1151,IP/2012/page_98.pdf-1,IP/2012,3
1152,HOLX/2008/page_140.pdf-1,HOLX/2008,2
1153,AAPL/2002/page_26.pdf-2,AAPL/2002,2
1154,CB/2008/page_83.pdf-1,CB/2008,4
1155,IPG/2016/page_37.pdf-1,IPG/2016,0
1156,AMT/2012/page_56.pdf-1,AMT/2012,2
1157,AON/2009/page_70.pdf-2,AON/2009,4
1158,RSG/2014/page_22.pdf-2,RSG/2014,3
1159,HIG/2004/page_81.pdf-2,HIG/2004,0
1160,AMT/2012/page_104.pdf-2,AMT/2012,2
1161,AWK/2015/page_112.pdf-4,AWK/2015,0
1162,HUM/2010/page_101.pdf-2,HUM/2010,0
1163,HIG/2011/page_195.pdf-1,HIG/2011,4
1164,C/2009/page_255.pdf-3,C/2009,2
1165,HIG/2004/page_125.pdf-4,HIG/2004,0
1166,APD/2018/page_54.pdf-2,APD/2018,2
1167,GPN/2015/page_83.pdf-1,GPN/2015,4
1168,HUM/2007/page_18.pdf-3,HUM/2007,1
1169,AON/2011/page_38.pdf-1,AON/2011,3
1170,PNC/2011/page_209.pdf-4,PNC/2011,4
1171,UNP/2014/page_14.pdf-2,UNP/2014,2
1172,JKHY/2016/page_25.pdf-3,JKHY/2016,0
1173,PNC/2013/page_97.pdf-1,PNC/2013,0
1174,RL/2013/page_13.pdf-2,RL/2013,3
1175,ETR/2016/page_403.pdf-4,ETR/2016,1
1176,MMM/2013/page_48.pdf-1,MMM/2013,3
1177,GPN/2007/page_18.pdf-2,GPN/2007,0
1178,AWK/2014/page_45.pdf-3,AWK/2014,4
1179,SLG/2009/page_84.pdf-1,SLG/2009,2
1180,CE/2009/page_121.pdf-2,CE/2009,4
1181,MAS/2010/page_29.pdf-3,MAS/2010,0
1182,ETR/2008/page_266.pdf-4,ETR/2008,0
1183,ETR/2008/page_362.pdf-1,ETR/2008,0
1184,ALXN/2007/page_49.pdf-2,ALXN/2007,0
1185,JPM/2003/page_28.pdf-4,JPM/2003,4
1186,MRO/2009/page_132.pdf-1,MRO/2009,4
1187,UNP/2011/page_78.pdf-1,UNP/2011,2
1188,JPM/2009/page_206.pdf-5,JPM/2009,3
1189,IP/2005/page_32.pdf-1,IP/2005,2
1190,UNP/2011/page_35.pdf-1,UNP/2011,2
1191,AMT/2016/page_57.pdf-1,AMT/2016,0
1192,LMT/2015/page_86.pdf-3,LMT/2015,2
1193,C/2009/page_255.pdf-1,C/2009,2
1194,MRO/2012/page_39.pdf-2,MRO/2012,3
1195,BKNG/2017/page_35.pdf-1,BKNG/2017,2
1196,SPGI/2017/page_73.pdf-2,SPGI/2017,1
1197,STT/2017/page_63.pdf-1,STT/2017,4
1198,HUM/2007/page_18.pdf-4,HUM/2007,1
1199,PNC/2011/page_209.pdf-2,PNC/2011,4
1200,AES/2010/page_225.pdf-2,AES/2010,4
1201,CME/2010/page_109.pdf-3,CME/2010,4
1202,IP/2007/page_30.pdf-2,IP/2007,1
1203,SNPS/2006/page_67.pdf-1,SNPS/2006,0
1204,AWK/2018/page_162.pdf-4,AWK/2018,1
1205,GPN/2017/page_76.pdf-1,GPN/2017,0
1206,ALLE/2017/page_44.pdf-1,ALLE/2017,2
1207,MRO/2009/page_32.pdf-1,MRO/2009,4
1208,FIS/2007/page_52.pdf-4,FIS/2007,0
1209,RL/2009/page_20.pdf-2,RL/2009,1
1210,AAPL/2013/page_27.pdf-1,AAPL/2013,4
1211,UPS/2010/page_33.pdf-2,UPS/2010,3
1212,ETR/2016/page_24.pdf-2,ETR/2016,1
1213,IPG/2015/page_24.pdf-2,IPG/2015,4
1214,BLL/2006/page_45.pdf-3,BLL/2006,1
1215,MO/2014/page_11.pdf-2,MO/2014,4
1216,RL/2011/page_14.pdf-1,RL/2011,0
1217,ORLY/2009/page_77.pdf-1,ORLY/2009,0
1218,IP/2014/page_71.pdf-2,IP/2014,4
1219,AAPL/2015/page_56.pdf-3,AAPL/2015,3
1220,GPN/2015/page_80.pdf-3,GPN/2015,4
1221,AAPL/2015/page_24.pdf-1,AAPL/2015,3
1222,HOLX/2006/page_103.pdf-1,HOLX/2006,1
1223,ANSS/2016/page_85.pdf-1,ANSS/2016,2
1224,EXPD/2017/page_30.pdf-2,EXPD/2017,4
1225,DRE/2002/page_30.pdf-2,DRE/2002,0
1226,RSG/2015/page_75.pdf-2,RSG/2015,3
1227,PKG/2001/page_86.pdf-2,PKG/2001,1
1228,LLY/2018/page_99.pdf-1,LLY/2018,2
1229,GPN/2016/page_69.pdf-1,GPN/2016,1
1230,RE/2006/page_31.pdf-2,RE/2006,3
1231,HWM/2018/page_69.pdf-2,HWM/2018,1
1232,TSCO/2017/page_68.pdf-1,TSCO/2017,1
1233,V/2009/page_89.pdf-1,V/2009,2
1234,UNP/2014/page_24.pdf-1,UNP/2014,2
1235,UPS/2017/page_31.pdf-1,UPS/2017,3
1236,AAPL/2014/page_26.pdf-3,AAPL/2014,2
1237,GPN/2008/page_99.pdf-4,GPN/2008,2
1238,HOLX/2005/page_27.pdf-2,HOLX/2005,0
1239,MAS/2013/page_27.pdf-4,MAS/2013,0
1240,ETR/2004/page_158.pdf-1,ETR/2004,1
1241,UNP/2013/page_30.pdf-1,UNP/2013,3
1242,ALXN/2007/page_49.pdf-1,ALXN/2007,0
1243,HUM/2018/page_46.pdf-1,HUM/2018,0
1244,IPG/2015/page_38.pdf-2,IPG/2015,4
1245,UNP/2013/page_25.pdf-1,UNP/2013,3
1246,ETFC/2007/page_22.pdf-2,ETFC/2007,0
1247,EW/2014/page_68.pdf-2,EW/2014,3
1248,MRO/2008/page_119.pdf-2,MRO/2008,2
1249,C/2009/page_248.pdf-2,C/2009,2
1250,AAL/2015/page_187.pdf-1,AAL/2015,3
1251,GS/2012/page_177.pdf-3,GS/2012,4
1252,AAPL/2015/page_68.pdf-1,AAPL/2015,3
1253,HUM/2018/page_129.pdf-2,HUM/2018,0
1254,CB/2008/page_83.pdf-2,CB/2008,4
1255,C/2016/page_207.pdf-3,C/2016,4
1256,UNP/2008/page_35.pdf-1,UNP/2008,0
1257,AES/2010/page_225.pdf-1,AES/2010,4
1258,UNP/2008/page_59.pdf-1,UNP/2008,0
1259,LMT/2010/page_24.pdf-3,LMT/2010,0
1260,GIS/2018/page_59.pdf-2,GIS/2018,3
1261,ETR/2008/page_212.pdf-3,ETR/2008,0
1262,ORLY/2018/page_30.pdf-4,ORLY/2018,0
1263,LMT/2015/page_106.pdf-1,LMT/2015,2
1264,LMT/2002/page_33.pdf-1,LMT/2002,3
1265,C/2016/page_120.pdf-4,C/2016,4
1266,RSG/2010/page_157.pdf-1,RSG/2010,0
1267,UPS/2007/page_32.pdf-3,UPS/2007,4
1268,V/2013/page_116.pdf-3,V/2013,4
1269,MMM/2007/page_90.pdf-1,MMM/2007,2
1270,LLY/2008/page_45.pdf-4,LLY/2008,1
1271,AAPL/2013/page_78.pdf-1,AAPL/2013,4
1272,JPM/2009/page_132.pdf-3,JPM/2009,3
1273,UPS/2017/page_111.pdf-4,UPS/2017,3
1274,STT/2009/page_122.pdf-4,STT/2009,2
1275,AAL/2015/page_51.pdf-2,AAL/2015,3
1276,AES/2001/page_77.pdf-1,AES/2001,2
1277,EXPD/2017/page_30.pdf-1,EXPD/2017,4
1278,HIG/2004/page_67.pdf-2,HIG/2004,0
1279,NTAP/2014/page_33.pdf-1,NTAP/2014,2
1280,JPM/2016/page_140.pdf-4,JPM/2016,1
1281,DG/2009/page_87.pdf-1,DG/2009,0
1282,UPS/2007/page_32.pdf-2,UPS/2007,4
1283,JKHY/2018/page_16.pdf-1,JKHY/2018,4
1284,ADBE/2014/page_70.pdf-4,ADBE/2014,2
1285,ETR/2008/page_153.pdf-3,ETR/2008,0
1286,PNC/2012/page_98.pdf-1,PNC/2012,3
1287,DISCA/2013/page_60.pdf-3,DISCA/2013,4
1288,IP/2013/page_101.pdf-2,IP/2013,3
1289,VTR/2007/page_97.pdf-2,VTR/2007,4
1290,VTR/2006/page_48.pdf-4,VTR/2006,0
1291,CDNS/2016/page_76.pdf-2,CDNS/2016,4
1292,GS/2017/page_176.pdf-3,GS/2017,2
1293,ETR/2017/page_401.pdf-3,ETR/2017,4
1294,V/2008/page_165.pdf-1,V/2008,0
1295,IPG/2016/page_86.pdf-1,IPG/2016,0
1296,GPN/2017/page_72.pdf-2,GPN/2017,0
1297,IPG/2006/page_41.pdf-2,IPG/2006,4
1298,UPS/2015/page_35.pdf-1,UPS/2015,0
1299,CDNS/2007/page_30.pdf-4,CDNS/2007,2
1300,STT/2017/page_100.pdf-4,STT/2017,4
1301,HWM/2015/page_73.pdf-1,HWM/2015,1
1302,AWK/2012/page_12.pdf-1,AWK/2012,0
1303,MAS/2012/page_86.pdf-3,MAS/2012,1
1304,AWK/2018/page_131.pdf-1,AWK/2018,1
1305,ADBE/2018/page_66.pdf-3,ADBE/2018,1
1306,MRO/2008/page_119.pdf-1,MRO/2008,2
1307,ETR/2004/page_261.pdf-4,ETR/2004,1
1308,UPS/2010/page_33.pdf-4,UPS/2010,3
1309,ETR/2004/page_86.pdf-2,ETR/2004,1
1310,C/2008/page_26.pdf-1,C/2008,3
1311,WRK/2019/page_31.pdf-2,WRK/2019,3
1312,MRO/2009/page_32.pdf-2,MRO/2009,4
1313,HFC/2011/page_85.pdf-1,HFC/2011,4
1314,C/2009/page_42.pdf-1,C/2009,2
1315,PPG/2005/page_20.pdf-1,PPG/2005,4
1316,AAPL/2015/page_68.pdf-2,AAPL/2015,3
1317,BLK/2009/page_98.pdf-1,BLK/2009,3
1318,ETR/2008/page_343.pdf-1,ETR/2008,0
1319,ETR/2004/page_159.pdf-3,ETR/2004,1
1320,MMM/2007/page_58.pdf-1,MMM/2007,2
1321,AON/2009/page_70.pdf-1,AON/2009,4
1322,GIS/2019/page_53.pdf-2,GIS/2019,2
1323,AWK/2013/page_12.pdf-2,AWK/2013,4
1324,BLK/2017/page_87.pdf-2,BLK/2017,2
1325,GS/2016/page_81.pdf-1,GS/2016,0
1326,ETR/2008/page_343.pdf-2,ETR/2008,0
1327,ETFC/2007/page_116.pdf-3,ETFC/2007,0
1328,BLL/2011/page_29.pdf-2,BLL/2011,0
1329,C/2008/page_105.pdf-3,C/2008,3
1330,GPN/2009/page_69.pdf-1,GPN/2009,1
1331,ADI/2010/page_50.pdf-1,ADI/2010,4
1332,JPM/2008/page_41.pdf-2,JPM/2008,4
1333,MAS/2013/page_27.pdf-1,MAS/2013,0
1334,HIG/2013/page_212.pdf-2,HIG/2013,4
1335,UNP/2010/page_79.pdf-2,UNP/2010,3
1336,HUM/2005/page_18.pdf-3,HUM/2005,2
1337,AMT/2012/page_121.pdf-2,AMT/2012,2
1338,UA/2015/page_77.pdf-1,UA/2015,2
1339,RSG/2015/page_75.pdf-1,RSG/2015,3
1340,AMAT/2015/page_14.pdf-1,AMAT/2015,3
1341,IPG/2016/page_46.pdf-2,IPG/2016,0
1342,VNO/2008/page_183.pdf-2,VNO/2008,0
1343,AES/2011/page_230.pdf-2,AES/2011,1
1344,LMT/2015/page_106.pdf-2,LMT/2015,2
1345,ILMN/2007/page_84.pdf-1,ILMN/2007,1
1346,IP/2013/page_61.pdf-2,IP/2013,3
1347,C/2008/page_207.pdf-3,C/2008,3
1348,AES/2011/page_131.pdf-4,AES/2011,1
1349,AAL/2014/page_80.pdf-3,AAL/2014,1
1350,HWM/2017/page_77.pdf-2,HWM/2017,2
1351,RCL/2005/page_40.pdf-3,RCL/2005,3
1352,TFX/2015/page_42.pdf-2,TFX/2015,3
1353,MMM/2005/page_53.pdf-1,MMM/2005,4
1354,OKE/2007/page_51.pdf-2,OKE/2007,1
1355,AWK/2015/page_127.pdf-3,AWK/2015,0
1356,ETR/2008/page_435.pdf-2,ETR/2008,0
1357,GPN/2008/page_95.pdf-2,GPN/2008,2
1358,RL/2009/page_22.pdf-2,RL/2009,1
1359,DRE/2010/page_59.pdf-1,DRE/2010,4
1360,UNP/2008/page_34.pdf-2,UNP/2008,0
1361,MRO/2013/page_40.pdf-1,MRO/2013,0
1362,GS/2016/page_161.pdf-2,GS/2016,0
1363,ALLE/2017/page_44.pdf-2,ALLE/2017,2
1364,CME/2010/page_45.pdf-4,CME/2010,4
1365,GS/2014/page_134.pdf-4,GS/2014,3
1366,RCL/2017/page_38.pdf-3,RCL/2017,0
1367,ADI/2019/page_77.pdf-1,ADI/2019,4
1368,IPG/2015/page_24.pdf-1,IPG/2015,4
1369,AMAT/2015/page_14.pdf-2,AMAT/2015,3
1370,ETR/2017/page_477.pdf-2,ETR/2017,4
1371,UNP/2014/page_80.pdf-1,UNP/2014,2
1372,AAL/2015/page_131.pdf-4,AAL/2015,3
1373,AAL/2015/page_51.pdf-1,AAL/2015,3
1374,AAPL/2014/page_67.pdf-2,AAPL/2014,2
1375,BKNG/2015/page_38.pdf-4,BKNG/2015,3
1376,PKG/2009/page_63.pdf-3,PKG/2009,3
1377,PKG/2004/page_23.pdf-3,PKG/2004,1
1378,BLL/2006/page_45.pdf-2,BLL/2006,1
1379,INTC/2013/page_71.pdf-3,INTC/2013,4
1380,GPN/2016/page_29.pdf-2,GPN/2016,1
1381,RSG/2018/page_13.pdf-2,RSG/2018,1
1382,ETR/2008/page_33.pdf-1,ETR/2008,0
1383,LMT/2015/page_55.pdf-1,LMT/2015,2
1384,KMI/2010/page_164.pdf-3,KMI/2010,4
1385,MRO/2009/page_35.pdf-2,MRO/2009,4
1386,DRE/2007/page_39.pdf-4,DRE/2007,1
1387,IPG/2017/page_49.pdf-4,IPG/2017,1
1388,IPG/2014/page_23.pdf-1,IPG/2014,1
1389,SWKS/2011/page_112.pdf-1,SWKS/2011,1
1390,RE/2010/page_120.pdf-2,RE/2010,2
1391,VNO/2005/page_69.pdf-2,VNO/2005,2
1392,RL/2009/page_22.pdf-1,RL/2009,1
1393,MA/2009/page_115.pdf-4,MA/2009,4
1394,SNA/2013/page_93.pdf-4,SNA/2013,2
1395,HUM/2018/page_129.pdf-1,HUM/2018,0
1396,GPN/2009/page_68.pdf-1,GPN/2009,1
1397,NKE/2015/page_37.pdf-1,NKE/2015,2
1398,ETFC/2007/page_22.pdf-1,ETFC/2007,0
1399,AWK/2014/page_122.pdf-1,AWK/2014,4
1400,UNP/2008/page_71.pdf-3,UNP/2008,0
1401,EMN/2007/page_111.pdf-2,EMN/2007,4
1402,MO/2017/page_79.pdf-1,MO/2017,3
1403,UNP/2009/page_26.pdf-2,UNP/2009,2
1404,APTV/2015/page_47.pdf-3,APTV/2015,0
1405,UNP/2015/page_76.pdf-2,UNP/2015,0
1406,VLO/2012/page_27.pdf-2,VLO/2012,3
1407,BLK/2008/page_75.pdf-3,BLK/2008,4
1408,ANSS/2016/page_85.pdf-2,ANSS/2016,2
1409,IP/2015/page_44.pdf-3,IP/2015,1
1410,UNP/2013/page_29.pdf-2,UNP/2013,3
1411,MO/2014/page_76.pdf-1,MO/2014,4
1412,UNP/2013/page_29.pdf-3,UNP/2013,3
1413,IP/2007/page_38.pdf-3,IP/2007,1
1414,UNP/2011/page_56.pdf-3,UNP/2011,2
1415,BLK/2016/page_35.pdf-3,BLK/2016,1
1416,APTV/2018/page_36.pdf-3,APTV/2018,1
1417,UNP/2015/page_76.pdf-3,UNP/2015,0
1418,SNPS/2006/page_68.pdf-3,SNPS/2006,0
1419,UNP/2015/page_80.pdf-3,UNP/2015,0
1420,CAT/2017/page_113.pdf-3,CAT/2017,3
1421,UNP/2011/page_35.pdf-3,UNP/2011,2
1422,UNP/2015/page_31.pdf-2,UNP/2015,0
1423,IP/2013/page_70.pdf-3,IP/2013,3
1424,UNP/2010/page_79.pdf-3,UNP/2010,3
1425,APTV/2015/page_50.pdf-3,APTV/2015,0
1426,BKR/2018/page_59.pdf-3,BKR/2018,3
1427,UNP/2008/page_71.pdf-4,UNP/2008,0
1428,UNP/2010/page_33.pdf-2,UNP/2010,3
1429,PPG/2018/page_60.pdf-3,PPG/2018,0
1430,APTV/2014/page_46.pdf-3,APTV/2014,2
1431,IP/2007/page_34.pdf-1,IP/2007,1
1432,BLK/2012/page_31.pdf-3,BLK/2012,2
1433,PPG/2005/page_20.pdf-3,PPG/2005,4
1434,UNP/2013/page_35.pdf-2,UNP/2013,3
1435,CMCSA/2015/page_70.pdf-1,CMCSA/2015,1
1436,UNP/2012/page_47.pdf-2,UNP/2012,4
1437,UNP/2017/page_23.pdf-3,UNP/2017,1
1438,MO/2017/page_10.pdf-3,MO/2017,3
1439,UNP/2008/page_81.pdf-3,UNP/2008,0
1440,MO/2014/page_11.pdf-3,MO/2014,4
1441,UNP/2008/page_59.pdf-3,UNP/2008,0
1442,UNP/2011/page_78.pdf-3,UNP/2011,2
1443,UNP/2009/page_26.pdf-3,UNP/2009,2
1444,EXPD/2017/page_30.pdf-3,EXPD/2017,4
1445,MO/2016/page_76.pdf-2,MO/2016,4
1446,UNP/2014/page_16.pdf-3,UNP/2014,2
1447,IP/2015/page_46.pdf-3,IP/2015,1
1448,BKR/2017/page_49.pdf-2,BKR/2017,4
1449,UNP/2009/page_89.pdf-3,UNP/2009,2
1450,UNP/2014/page_14.pdf-3,UNP/2014,2
1451,IP/2014/page_101.pdf-3,IP/2014,4
1452,UNP/2009/page_38.pdf-3,UNP/2009,2
1453,AAP/2011/page_16.pdf-3,AAP/2011,1
1454,IP/2012/page_57.pdf-4,IP/2012,3
1455,UNP/2012/page_55.pdf-3,UNP/2012,4
1456,VLO/2013/page_24.pdf-2,VLO/2013,4
1457,BLK/2012/page_31.pdf-4,BLK/2012,2
1458,ABMD/2015/page_93.pdf-3,ABMD/2015,3
1459,IP/2013/page_105.pdf-1,IP/2013,3
1460,BLK/2012/page_82.pdf-3,BLK/2012,2
1461,UNP/2012/page_23.pdf-3,UNP/2012,4
1462,UNP/2009/page_25.pdf-3,UNP/2009,2
1463,UNP/2017/page_74.pdf-3,UNP/2017,1
1464,ABMD/2011/page_33.pdf-3,ABMD/2011,4
1465,UNP/2007/page_79.pdf-2,UNP/2007,1
1466,PPG/2018/page_54.pdf-3,PPG/2018,0
1467,UNP/2013/page_24.pdf-2,UNP/2013,3
1468,UNP/2015/page_31.pdf-1,UNP/2015,0
1469,BLK/2014/page_33.pdf-3,BLK/2014,4
1470,IP/2012/page_84.pdf-1,IP/2012,3
1471,TFX/2014/page_44.pdf-4,TFX/2014,4
1472,PPG/2015/page_40.pdf-3,PPG/2015,4
1473,BDX/2016/page_62.pdf-2,BDX/2016,0
1474,UNP/2010/page_75.pdf-2,UNP/2010,3
1475,UNP/2013/page_35.pdf-3,UNP/2013,3
1476,UNP/2014/page_56.pdf-3,UNP/2014,2
1477,UNP/2010/page_25.pdf-2,UNP/2010,3
1478,ANSS/2016/page_85.pdf-3,ANSS/2016,2
1479,UNP/2008/page_83.pdf-3,UNP/2008,0
1480,BLK/2016/page_75.pdf-3,BLK/2016,1
1481,ABMD/2011/page_33.pdf-4,ABMD/2011,4
1482,UNP/2008/page_83.pdf-4,UNP/2008,0
1483,IP/2013/page_62.pdf-4,IP/2013,3
1484,UNP/2011/page_25.pdf-4,UNP/2011,2
1485,UNP/2008/page_26.pdf-3,UNP/2008,0
1486,PPG/2015/page_40.pdf-4,PPG/2015,4
1487,IP/2016/page_52.pdf-3,IP/2016,3
1488,AAP/2012/page_61.pdf-3,AAP/2012,0
1489,MO/2017/page_79.pdf-2,MO/2017,3
1490,IP/2014/page_105.pdf-2,IP/2014,4
1491,UNP/2014/page_24.pdf-3,UNP/2014,2
1492,LKQ/2009/page_77.pdf-3,LKQ/2009,2
1493,UNP/2012/page_39.pdf-3,UNP/2012,4
1494,UNP/2012/page_74.pdf-1,UNP/2012,4
1495,UNP/2011/page_78.pdf-4,UNP/2011,2
1496,UNP/2014/page_24.pdf-4,UNP/2014,2
1497,UNP/2009/page_31.pdf-2,UNP/2009,2
1498,CMCSA/2015/page_165.pdf-1,CMCSA/2015,1
1499,LKQ/2010/page_72.pdf-3,LKQ/2010,2
1500,UNP/2013/page_24.pdf-3,UNP/2013,3
1501,UNP/2010/page_30.pdf-2,UNP/2010,3
1502,UNP/2014/page_14.pdf-4,UNP/2014,2
1503,TFX/2015/page_42.pdf-3,TFX/2015,3
1504,UNP/2015/page_16.pdf-1,UNP/2015,0
1505,IP/2005/page_83.pdf-1,IP/2005,2
1506,MO/2016/page_76.pdf-3,MO/2016,4
1507,UNP/2007/page_79.pdf-3,UNP/2007,1
1508,PPG/2005/page_20.pdf-4,PPG/2005,4
1509,IP/2005/page_32.pdf-3,IP/2005,2
1510,LKQ/2018/page_102.pdf-4,LKQ/2018,4
1511,UNP/2009/page_31.pdf-3,UNP/2009,2
1512,BDX/2017/page_28.pdf-2,BDX/2017,0
1513,UNP/2014/page_56.pdf-4,UNP/2014,2
1514,UNP/2018/page_50.pdf-3,UNP/2018,0
1515,UNP/2009/page_25.pdf-4,UNP/2009,2
1516,BLK/2016/page_75.pdf-4,BLK/2016,1
1517,PPG/2008/page_19.pdf-4,PPG/2008,3
1518,UNP/2008/page_26.pdf-4,UNP/2008,0
1519,UNP/2011/page_56.pdf-4,UNP/2011,2
1520,UNP/2017/page_50.pdf-3,UNP/2017,1
1521,UNP/2016/page_24.pdf-2,UNP/2016,3
1522,IP/2015/page_51.pdf-4,IP/2015,1
1523,UNP/2012/page_34.pdf-3,UNP/2012,4
1524,UNP/2012/page_39.pdf-4,UNP/2012,4
1525,UNP/2016/page_75.pdf-3,UNP/2016,3
1526,UNP/2012/page_30.pdf-3,UNP/2012,4
1527,BKR/2018/page_52.pdf-2,BKR/2018,3
1528,LKQ/2009/page_66.pdf-4,LKQ/2009,2
1529,EMN/2004/page_82.pdf-1,EMN/2004,0
1530,VLO/2012/page_130.pdf-1,VLO/2012,3
1531,UNP/2010/page_25.pdf-1,UNP/2010,3
1532,APTV/2013/page_48.pdf-3,APTV/2013,3
1533,UNP/2009/page_38.pdf-4,UNP/2009,2
1534,HOLX/2011/page_122.pdf-4,HOLX/2011,2
1535,SNPS/2013/page_61.pdf-2,SNPS/2013,0
1536,BLK/2016/page_35.pdf-4,BLK/2016,1
1537,UNP/2009/page_61.pdf-4,UNP/2009,2
1538,UNP/2012/page_55.pdf-4,UNP/2012,4
1539,UNP/2011/page_80.pdf-3,UNP/2011,2
1540,BLK/2017/page_35.pdf-4,BLK/2017,2
1541,UNP/2011/page_35.pdf-4,UNP/2011,2
1542,LKQ/2018/page_93.pdf-1,LKQ/2018,4
1543,IP/2014/page_71.pdf-4,IP/2014,4
1544,IP/2015/page_83.pdf-1,IP/2015,1
1545,PPG/2018/page_61.pdf-3,PPG/2018,0
1546,BLK/2012/page_32.pdf-4,BLK/2012,2
1547,PPG/2018/page_60.pdf-4,PPG/2018,0
1548,CMCSA/2015/page_158.pdf-1,CMCSA/2015,1
1549,UNP/2012/page_23.pdf-4,UNP/2012,4
1550,IP/2015/page_82.pdf-1,IP/2015,1
1551,UNP/2014/page_16.pdf-4,UNP/2014,2
1552,SNPS/2006/page_67.pdf-4,SNPS/2006,0
1553,MO/2017/page_10.pdf-4,MO/2017,3
1554,UNP/2016/page_24.pdf-3,UNP/2016,3
1555,IP/2007/page_19.pdf-1,IP/2007,1
1556,KIM/2006/page_67.pdf-3,KIM/2006,1
1557,UNP/2015/page_14.pdf-1,UNP/2015,0
1558,IP/2014/page_104.pdf-2,IP/2014,4
1559,CMCSA/2004/page_30.pdf-4,CMCSA/2004,3
1560,KIM/2009/page_25.pdf-3,KIM/2009,0
1561,IP/2018/page_45.pdf-2,IP/2018,0
1562,UNP/2014/page_80.pdf-3,UNP/2014,2
1563,BKR/2017/page_49.pdf-1,BKR/2017,4
1564,PPG/2018/page_20.pdf-1,PPG/2018,0
1565,UNP/2008/page_59.pdf-4,UNP/2008,0
1566,PPG/2016/page_42.pdf-3,PPG/2016,3
1567,UNP/2013/page_14.pdf-3,UNP/2013,3
1568,UNP/2011/page_80.pdf-4,UNP/2011,2
1569,UNP/2012/page_30.pdf-4,UNP/2012,4
1570,ABMD/2015/page_53.pdf-3,ABMD/2015,3
1571,VLO/2012/page_129.pdf-1,VLO/2012,3
1572,LKQ/2016/page_48.pdf-4,LKQ/2016,0
1573,UNP/2015/page_14.pdf-2,UNP/2015,0
1574,AAP/2016/page_26.pdf-3,AAP/2016,1
1575,UNP/2017/page_50.pdf-4,UNP/2017,1
1576,UNP/2015/page_16.pdf-2,UNP/2015,0
1577,ABMD/2015/page_53.pdf-4,ABMD/2015,3
1578,UNP/2009/page_89.pdf-4,UNP/2009,2
1579,MO/2014/page_11.pdf-4,MO/2014,4
1580,PPG/2018/page_54.pdf-4,PPG/2018,0
1581,UNP/2012/page_74.pdf-2,UNP/2012,4
1582,CMCSA/2015/page_100.pdf-1,CMCSA/2015,1
1583,PPG/2013/page_54.pdf-4,PPG/2013,0
1584,UNP/2017/page_74.pdf-4,UNP/2017,1
1585,UNP/2018/page_50.pdf-4,UNP/2018,0
1586,CAT/2017/page_136.pdf-3,CAT/2017,3
1587,TFX/2018/page_47.pdf-4,TFX/2018,3
1588,UNP/2011/page_40.pdf-3,UNP/2011,2
1589,UNP/2013/page_14.pdf-4,UNP/2013,3
1590,UNP/2009/page_83.pdf-3,UNP/2009,2
1591,BDX/2009/page_81.pdf-4,BDX/2009,1
1592,PPG/2016/page_42.pdf-4,PPG/2016,3
1593,IP/2012/page_64.pdf-4,IP/2012,3
1594,IP/2013/page_101.pdf-4,IP/2013,3
1595,UNP/2009/page_83.pdf-4,UNP/2009,2
1596,BDX/2016/page_62.pdf-3,BDX/2016,0
