id,correct,error,label_status,label_reason
INTC/2013/page_71.pdf-4,0,1,error,
ETR/2008/page_313.pdf-3,0,1,error,
IPG/2009/page_89.pdf-3,0,1,error,
PNC/2012/page_110.pdf-3,,,unlabeled,invalid_or_missing_gold_numeric_answer
AAL/2015/page_74.pdf-1,0,1,error,
ETR/2008/page_376.pdf-2,0,1,error,
AAL/2014/page_89.pdf-3,0,1,error,
GS/2014/page_134.pdf-3,1,0,correct,
MAA/2018/page_19.pdf-2,1,0,correct,
HII/2018/page_64.pdf-4,0,1,error,
TSCO/2017/page_68.pdf-3,,,unlabeled,invalid_or_missing_gold_numeric_answer
FIS/2016/page_64.pdf-4,0,1,error,
FBHS/2017/page_46.pdf-2,0,1,error,
BKNG/2015/page_38.pdf-2,0,1,error,
STT/2012/page_42.pdf-4,0,1,error,
FIS/2016/page_64.pdf-3,0,1,error,
LLY/2008/page_45.pdf-1,0,1,error,
ETR/2009/page_107.pdf-2,0,1,error,
AAP/2006/page_85.pdf-2,0,1,error,
AOS/2007/page_17.pdf-1,1,0,correct,
UNP/2016/page_75.pdf-2,0,1,error,
UAA/2016/page_83.pdf-3,0,1,error,
MA/2010/page_107.pdf-1,1,0,correct,
HOLX/2011/page_122.pdf-2,1,0,correct,
ZBH/2008/page_70.pdf-1,0,1,error,
AAPL/2013/page_27.pdf-2,0,1,error,
RL/2011/page_12.pdf-1,0,1,error,
DISCA/2013/page_60.pdf-1,1,0,correct,
OKE/2008/page_38.pdf-2,0,1,error,
ETR/2004/page_216.pdf-4,0,1,error,
HWM/2015/page_95.pdf-2,0,1,error,
AWK/2012/page_118.pdf-3,0,1,error,
APD/2019/page_53.pdf-2,1,0,correct,
AAL/2015/page_74.pdf-3,0,1,error,
ETFC/2013/page_84.pdf-1,0,1,error,
ETR/2016/page_24.pdf-4,1,0,correct,
AES/2011/page_230.pdf-4,0,1,error,
ETR/2016/page_403.pdf-3,1,0,correct,
APTV/2015/page_50.pdf-1,1,0,correct,
AMAT/2018/page_31.pdf-3,1,0,correct,
CDNS/2012/page_31.pdf-2,0,1,error,
AAL/2014/page_80.pdf-1,1,0,correct,
ADI/2019/page_77.pdf-2,0,1,error,
HUM/2018/page_46.pdf-2,1,0,correct,
JPM/2009/page_132.pdf-2,,,unlabeled,invalid_original_numeric_answer
PKG/2004/page_23.pdf-4,0,1,error,
ETR/2016/page_315.pdf-2,1,0,correct,
IPG/2014/page_37.pdf-3,1,0,correct,
HIG/2012/page_132.pdf-2,0,1,error,
RE/2010/page_120.pdf-1,0,1,error,
JPM/2016/page_140.pdf-1,0,1,error,
LMT/2016/page_52.pdf-3,0,1,error,
WELL/2016/page_61.pdf-4,1,0,correct,
GS/2013/page_193.pdf-1,0,1,error,
HUM/2015/page_46.pdf-2,1,0,correct,
ETR/2016/page_324.pdf-1,1,0,correct,
KIM/2010/page_94.pdf-2,0,1,error,
DRE/2010/page_56.pdf-2,0,1,error,
ETR/2008/page_356.pdf-2,0,1,error,
AAL/2014/page_89.pdf-2,0,1,error,
BLL/2007/page_75.pdf-2,0,1,error,
VNO/2010/page_173.pdf-1,0,1,error,
RL/2010/page_11.pdf-1,0,1,error,
LMT/2016/page_83.pdf-4,0,1,error,
UNP/2012/page_29.pdf-1,0,1,error,
UPS/2015/page_35.pdf-2,1,0,correct,
JPM/2007/page_152.pdf-2,0,1,error,
UNP/2010/page_24.pdf-1,1,0,correct,
REGN/2010/page_72.pdf-3,0,1,error,
RCL/2014/page_80.pdf-1,1,0,correct,
ORLY/2009/page_77.pdf-4,1,0,correct,
HIG/2004/page_192.pdf-1,1,0,correct,
AES/2011/page_270.pdf-2,1,0,correct,
ETR/2004/page_20.pdf-2,0,1,error,
GPN/2016/page_83.pdf-1,1,0,correct,
GPN/2016/page_67.pdf-2,1,0,correct,
RE/2006/page_122.pdf-2,1,0,correct,
AWK/2014/page_122.pdf-3,0,1,error,
ETR/2008/page_337.pdf-3,0,1,error,
BDX/2016/page_62.pdf-1,1,0,correct,
MRO/2012/page_39.pdf-3,1,0,correct,
VTR/2006/page_88.pdf-4,0,1,error,
HOLX/2006/page_102.pdf-1,0,1,error,
STT/2006/page_96.pdf-4,0,1,error,
MMM/2007/page_66.pdf-2,0,1,error,
UAA/2016/page_83.pdf-1,0,1,error,
AAPL/2011/page_24.pdf-1,1,0,correct,
ETR/2016/page_18.pdf-2,1,0,correct,
CE/2005/page_167.pdf-3,1,0,correct,
VNO/2006/page_95.pdf-2,1,0,correct,
DVN/2010/page_70.pdf-2,0,1,error,
AWK/2015/page_106.pdf-1,1,0,correct,
STT/2006/page_96.pdf-1,1,0,correct,
WELL/2017/page_48.pdf-1,1,0,correct,
ETR/2008/page_376.pdf-4,1,0,correct,
CME/2010/page_71.pdf-5,0,1,error,
APD/2019/page_108.pdf-2,1,0,correct,
AAPL/2008/page_52.pdf-1,1,0,correct,
MRO/2012/page_41.pdf-3,1,0,correct,
TROW/2009/page_24.pdf-3,0,1,error,
ZBH/2008/page_86.pdf-2,1,0,correct,
DVN/2014/page_88.pdf-1,1,0,correct,
CDNS/2016/page_76.pdf-1,0,1,error,
ETR/2004/page_158.pdf-2,0,1,error,
SNPS/2012/page_62.pdf-2,0,1,error,
HFC/2017/page_103.pdf-3,1,0,correct,
AWK/2018/page_162.pdf-3,0,1,error,
HUM/2007/page_18.pdf-1,0,1,error,
STT/2007/page_65.pdf-2,1,0,correct,
CE/2016/page_88.pdf-2,0,1,error,
ETR/2016/page_444.pdf-3,1,0,correct,
V/2008/page_130.pdf-1,,,unlabeled,invalid_original_numeric_answer
RCL/2012/page_80.pdf-2,1,0,correct,
AAP/2016/page_65.pdf-2,1,0,correct,
RSG/2014/page_73.pdf-2,0,1,error,
ETR/2008/page_130.pdf-4,1,0,correct,
AWK/2015/page_115.pdf-2,1,0,correct,
VTR/2007/page_97.pdf-1,0,1,error,
JPM/2013/page_124.pdf-2,0,1,error,
RL/2014/page_11.pdf-1,0,1,error,
K/2012/page_44.pdf-2,1,0,correct,
ETR/2017/page_175.pdf-1,0,1,error,
BLK/2014/page_33.pdf-2,0,1,error,
AWK/2015/page_115.pdf-1,,,unlabeled,invalid_original_numeric_answer
HWM/2018/page_69.pdf-1,1,0,correct,
DVN/2014/page_88.pdf-3,1,0,correct,
ANSS/2008/page_85.pdf-1,0,1,error,
STT/2008/page_73.pdf-1,1,0,correct,
JPM/2014/page_128.pdf-1,0,1,error,
GPN/2013/page_71.pdf-3,0,1,error,
HIG/2016/page_253.pdf-2,1,0,correct,
GS/2013/page_97.pdf-1,0,1,error,
GPN/2007/page_39.pdf-1,1,0,correct,
GIS/2018/page_82.pdf-1,1,0,correct,
ILMN/2006/page_92.pdf-2,0,1,error,
RL/2011/page_12.pdf-2,0,1,error,
CB/2008/page_144.pdf-3,1,0,correct,
UAA/2016/page_81.pdf-4,0,1,error,
VLO/2012/page_27.pdf-1,1,0,correct,
PNC/2013/page_158.pdf-2,0,1,error,
IP/2014/page_101.pdf-1,0,1,error,
RSG/2013/page_16.pdf-2,1,0,correct,
MA/2009/page_115.pdf-1,0,1,error,
DRE/2002/page_30.pdf-3,0,1,error,
L/2007/page_213.pdf-1,1,0,correct,
RSG/2014/page_22.pdf-1,1,0,correct,
HUM/2004/page_78.pdf-1,1,0,correct,
CE/2010/page_150.pdf-3,1,0,correct,
ADBE/2011/page_83.pdf-4,0,1,error,
GPN/2014/page_71.pdf-4,0,1,error,
HUM/2012/page_109.pdf-1,1,0,correct,
ADBE/2012/page_87.pdf-2,,,unlabeled,invalid_or_missing_gold_numeric_answer
SWKS/2011/page_112.pdf-2,0,1,error,
AON/2015/page_77.pdf-3,0,1,error,
PPG/2018/page_61.pdf-1,1,0,correct,
HWM/2015/page_92.pdf-1,0,1,error,
PNC/2012/page_98.pdf-2,0,1,error,
ETR/2016/page_396.pdf-4,0,1,error,
LMT/2010/page_24.pdf-2,0,1,error,
LMT/2015/page_106.pdf-3,1,0,correct,
IPG/2014/page_37.pdf-2,0,1,error,
HOLX/2007/page_154.pdf-2,0,1,error,
AMT/2007/page_111.pdf-4,1,0,correct,
ETR/2017/page_20.pdf-3,1,0,correct,
UNP/2014/page_56.pdf-2,0,1,error,
JKHY/2015/page_20.pdf-2,0,1,error,
BLK/2016/page_75.pdf-2,0,1,error,
MRO/2009/page_138.pdf-1,0,1,error,
GPN/2009/page_69.pdf-2,0,1,error,
ETR/2008/page_130.pdf-3,1,0,correct,
JPM/2016/page_141.pdf-1,0,1,error,
EW/2016/page_72.pdf-2,0,1,error,
KHC/2016/page_94.pdf-2,1,0,correct,
MRO/2008/page_135.pdf-2,0,1,error,
ETR/2017/page_477.pdf-1,1,0,correct,
RSG/2017/page_14.pdf-1,0,1,error,
MAS/2010/page_29.pdf-1,1,0,correct,
BLL/2011/page_29.pdf-4,0,1,error,
LMT/2017/page_101.pdf-4,0,1,error,
HII/2018/page_113.pdf-1,1,0,correct,
LKQ/2010/page_72.pdf-2,0,1,error,
WRK/2019/page_31.pdf-1,1,0,correct,
SLB/2003/page_57.pdf-1,0,1,error,
UA/2011/page_70.pdf-1,0,1,error,
MMM/2007/page_68.pdf-2,1,0,correct,
CE/2005/page_167.pdf-4,0,1,error,
GS/2014/page_62.pdf-1,0,1,error,
IPG/2018/page_52.pdf-1,0,1,error,
NWS/2016/page_148.pdf-2,0,1,error,
UNP/2014/page_30.pdf-2,1,0,correct,
AES/2010/page_225.pdf-3,0,1,error,
HOLX/2007/page_130.pdf-1,0,1,error,
IPG/2018/page_104.pdf-2,0,1,error,
TROW/2011/page_13.pdf-1,0,1,error,
IPG/2015/page_24.pdf-4,1,0,correct,
AON/2010/page_100.pdf-4,1,0,correct,
UNP/2012/page_23.pdf-1,0,1,error,
ETR/2017/page_325.pdf-1,0,1,error,
DVN/2015/page_117.pdf-1,0,1,error,
JPM/2014/page_128.pdf-4,0,1,error,
ETR/2016/page_144.pdf-3,1,0,correct,
IP/2012/page_57.pdf-2,0,1,error,
STT/2017/page_101.pdf-4,,,unlabeled,invalid_original_numeric_answer
ADBE/2013/page_68.pdf-3,0,1,error,
RSG/2015/page_18.pdf-2,1,0,correct,
AES/2018/page_168.pdf-3,0,1,error,
HUM/2015/page_46.pdf-1,0,1,error,
PKG/2004/page_21.pdf-4,0,1,error,
JKHY/2016/page_25.pdf-2,1,0,correct,
AAP/2013/page_68.pdf-1,0,1,error,
UNP/2008/page_83.pdf-1,0,1,error,
CE/2010/page_150.pdf-2,1,0,correct,
TFX/2018/page_47.pdf-1,1,0,correct,
GS/2016/page_161.pdf-1,0,1,error,
TSCO/2018/page_31.pdf-2,0,1,error,
LLY/2008/page_39.pdf-1,0,1,error,
SNPS/2012/page_64.pdf-1,1,0,correct,
GPN/2008/page_88.pdf-1,1,0,correct,
IP/2015/page_46.pdf-1,0,1,error,
ETR/2015/page_50.pdf-1,0,1,error,
APD/2019/page_100.pdf-1,0,1,error,
DISCA/2008/page_141.pdf-3,1,0,correct,
PNC/2007/page_93.pdf-2,1,0,correct,
MA/2009/page_123.pdf-3,1,0,correct,
LMT/2016/page_85.pdf-2,0,1,error,
AON/2015/page_77.pdf-4,,,unlabeled,invalid_original_numeric_answer
ZBH/2008/page_72.pdf-3,0,1,error,
AES/2010/page_133.pdf-1,0,1,error,
UNP/2014/page_56.pdf-1,0,1,error,
AAL/2015/page_131.pdf-2,0,1,error,
GPN/2009/page_69.pdf-4,0,1,error,
PPG/2018/page_61.pdf-2,1,0,correct,
SNPS/2012/page_61.pdf-2,0,1,error,
AON/2013/page_54.pdf-1,1,0,correct,
GPN/2017/page_30.pdf-1,0,1,error,
GS/2016/page_183.pdf-3,0,1,error,
NTAP/2014/page_33.pdf-2,1,0,correct,
HIG/2004/page_125.pdf-2,1,0,correct,
UNP/2013/page_78.pdf-2,0,1,error,
SPGI/2017/page_81.pdf-1,,,unlabeled,invalid_or_missing_gold_numeric_answer
HIG/2004/page_81.pdf-3,0,1,error,
K/2012/page_80.pdf-3,1,0,correct,
MA/2009/page_123.pdf-4,0,1,error,
AES/2010/page_133.pdf-2,0,1,error,
BLL/2007/page_46.pdf-4,1,0,correct,
AAPL/2015/page_24.pdf-3,1,0,correct,
HOLX/2007/page_127.pdf-1,0,1,error,
ETR/2008/page_130.pdf-2,1,0,correct,
RL/2014/page_13.pdf-1,0,1,error,
APD/2018/page_113.pdf-2,1,0,correct,
CMCSA/2015/page_42.pdf-2,1,0,correct,
IP/2014/page_71.pdf-1,0,1,error,
RL/2010/page_11.pdf-2,0,1,error,
ILMN/2008/page_77.pdf-4,1,0,correct,
CDW/2015/page_53.pdf-1,0,1,error,
AWK/2012/page_118.pdf-2,0,1,error,
LKQ/2012/page_25.pdf-2,0,1,error,
GRMN/2008/page_98.pdf-1,0,1,error,
SLB/2010/page_58.pdf-2,1,0,correct,
ETR/2017/page_19.pdf-1,0,1,error,
GS/2018/page_175.pdf-2,0,1,error,
C/2009/page_200.pdf-2,0,1,error,
HWM/2015/page_94.pdf-1,1,0,correct,
IP/2013/page_61.pdf-1,0,1,error,
SNPS/2012/page_62.pdf-3,0,1,error,
DVN/2014/page_112.pdf-1,0,1,error,
CB/2009/page_220.pdf-3,0,1,error,
ETR/2016/page_396.pdf-2,1,0,correct,
IP/2012/page_55.pdf-2,0,1,error,
MA/2010/page_107.pdf-2,1,0,correct,
RSG/2017/page_14.pdf-2,1,0,correct,
K/2013/page_27.pdf-3,1,0,correct,
DRE/2002/page_18.pdf-2,0,1,error,
IP/2014/page_66.pdf-1,0,1,error,
MA/2008/page_70.pdf-2,1,0,correct,
MRO/2008/page_119.pdf-3,1,0,correct,
SNPS/2009/page_59.pdf-3,0,1,error,
RSG/2018/page_13.pdf-1,1,0,correct,
PM/2015/page_103.pdf-3,0,1,error,
LKQ/2012/page_25.pdf-1,1,0,correct,
RSG/2017/page_74.pdf-2,1,0,correct,
UA/2011/page_71.pdf-2,0,1,error,
AMT/2007/page_114.pdf-3,1,0,correct,
AMT/2012/page_111.pdf-4,0,1,error,
AWK/2015/page_127.pdf-4,0,1,error,
LKQ/2016/page_48.pdf-2,1,0,correct,
AWK/2017/page_128.pdf-3,0,1,error,
EW/2014/page_35.pdf-2,0,1,error,
AAP/2007/page_83.pdf-1,1,0,correct,
ABMD/2011/page_33.pdf-1,,,unlabeled,invalid_or_missing_gold_numeric_answer
EOG/2016/page_80.pdf-1,0,1,error,
AAPL/2013/page_27.pdf-4,1,0,correct,
ETR/2017/page_20.pdf-1,0,1,error,
ETR/2008/page_313.pdf-2,1,0,correct,
IPG/2016/page_24.pdf-2,1,0,correct,
PNC/2017/page_76.pdf-1,0,1,error,
ETFC/2015/page_25.pdf-1,0,1,error,
ETR/2016/page_342.pdf-2,0,1,error,
SNPS/2012/page_61.pdf-3,0,1,error,
HWM/2015/page_123.pdf-2,1,0,correct,
LMT/2013/page_26.pdf-2,0,1,error,
AWK/2013/page_123.pdf-3,0,1,error,
DRE/2016/page_59.pdf-1,0,1,error,
GS/2012/page_186.pdf-4,,,unlabeled,invalid_original_numeric_answer
GPN/2013/page_71.pdf-2,1,0,correct,
EW/2016/page_36.pdf-1,0,1,error,
DRE/2007/page_39.pdf-1,1,0,correct,
C/2008/page_193.pdf-1,0,1,error,
BLL/2006/page_94.pdf-2,0,1,error,
KMI/2018/page_14.pdf-2,0,1,error,
CE/2010/page_134.pdf-1,0,1,error,
JPM/2015/page_77.pdf-5,1,0,correct,
ETR/2016/page_17.pdf-2,0,1,error,
MMM/2015/page_52.pdf-1,1,0,correct,
ADBE/2009/page_98.pdf-1,0,1,error,
AAL/2015/page_51.pdf-3,0,1,error,
BLK/2014/page_33.pdf-1,0,1,error,
HIG/2014/page_126.pdf-3,0,1,error,
ETR/2016/page_18.pdf-3,1,0,correct,
RL/2014/page_11.pdf-2,0,1,error,
AON/2013/page_32.pdf-1,1,0,correct,
STT/2017/page_101.pdf-3,,,unlabeled,invalid_original_numeric_answer
JPM/2013/page_158.pdf-2,0,1,error,
ADBE/2018/page_66.pdf-2,,,unlabeled,invalid_original_numeric_answer
FIS/2012/page_30.pdf-1,1,0,correct,
BKR/2017/page_105.pdf-1,0,1,error,
CE/2009/page_121.pdf-3,1,0,correct,
UNP/2009/page_89.pdf-1,0,1,error,
VTR/2006/page_88.pdf-1,0,1,error,
AAL/2014/page_59.pdf-2,0,1,error,
SWKS/2012/page_116.pdf-2,0,1,error,
MRO/2013/page_49.pdf-2,1,0,correct,
REGN/2010/page_68.pdf-2,0,1,error,
MRO/2009/page_127.pdf-3,0,1,error,
DISH/2011/page_130.pdf-2,0,1,error,
DVN/2011/page_84.pdf-1,0,1,error,
MMM/2012/page_105.pdf-1,1,0,correct,
LMT/2013/page_26.pdf-1,0,1,error,
EOG/2018/page_99.pdf-1,0,1,error,
AAPL/2018/page_23.pdf-2,1,0,correct,
DVN/2015/page_92.pdf-3,1,0,correct,
PNC/2011/page_209.pdf-3,0,1,error,
AAPL/2011/page_37.pdf-1,0,1,error,
CDNS/2012/page_31.pdf-1,0,1,error,
ETR/2004/page_258.pdf-1,1,0,correct,
JPM/2015/page_77.pdf-3,1,0,correct,
INTC/2013/page_47.pdf-1,0,1,error,
C/2008/page_193.pdf-4,1,0,correct,
WELL/2017/page_48.pdf-3,1,0,correct,
DVN/2011/page_99.pdf-3,0,1,error,
JPM/2008/page_177.pdf-1,1,0,correct,
FIS/2016/page_49.pdf-1,0,1,error,
INTC/2013/page_47.pdf-2,1,0,correct,
EOG/2017/page_85.pdf-1,0,1,error,
DISH/2015/page_142.pdf-2,0,1,error,
GS/2018/page_108.pdf-4,0,1,error,
AMT/2005/page_83.pdf-2,,,unlabeled,invalid_or_missing_gold_numeric_answer
BLL/2007/page_87.pdf-3,0,1,error,
IP/2007/page_38.pdf-2,0,1,error,
TFX/2017/page_48.pdf-1,1,0,correct,
LMT/2015/page_52.pdf-4,1,0,correct,
CB/2008/page_217.pdf-2,0,1,error,
LLY/2008/page_45.pdf-2,1,0,correct,
AMT/2012/page_111.pdf-1,0,1,error,
AAL/2015/page_15.pdf-3,0,1,error,
UPS/2012/page_51.pdf-3,0,1,error,
PNC/2011/page_74.pdf-2,1,0,correct,
ETR/2017/page_175.pdf-3,0,1,error,
ETR/2004/page_258.pdf-2,1,0,correct,
JPM/2013/page_158.pdf-3,0,1,error,
IQV/2016/page_57.pdf-2,1,0,correct,
VTR/2003/page_39.pdf-1,,,unlabeled,invalid_or_missing_gold_numeric_answer
V/2009/page_88.pdf-1,1,0,correct,
BLL/2010/page_39.pdf-3,0,1,error,
GS/2012/page_129.pdf-3,1,0,correct,
CDNS/2018/page_82.pdf-4,0,1,error,
ETR/2016/page_17.pdf-3,0,1,error,
AAPL/2013/page_27.pdf-3,,,unlabeled,invalid_original_numeric_answer
IP/2005/page_31.pdf-1,0,1,error,
ADBE/2018/page_71.pdf-2,1,0,correct,
MRO/2008/page_145.pdf-1,1,0,correct,
RL/2016/page_9.pdf-1,0,1,error,
WELL/2017/page_48.pdf-4,1,0,correct,
BLL/2007/page_46.pdf-3,0,1,error,
MMM/2007/page_36.pdf-1,0,1,error,
ETR/2008/page_153.pdf-1,0,1,error,
KMI/2010/page_164.pdf-2,1,0,correct,
HWM/2015/page_87.pdf-1,1,0,correct,
ETR/2008/page_212.pdf-4,0,1,error,
ETR/2008/page_212.pdf-1,0,1,error,
IP/2015/page_44.pdf-2,0,1,error,
AWK/2014/page_7.pdf-1,0,1,error,
AAPL/2004/page_83.pdf-2,1,0,correct,
LMT/2013/page_81.pdf-3,0,1,error,
LMT/2010/page_37.pdf-2,1,0,correct,
CDNS/2007/page_30.pdf-3,1,0,correct,
ETR/2017/page_414.pdf-3,1,0,correct,
JPM/2003/page_44.pdf-4,1,0,correct,
AAPL/2011/page_37.pdf-2,0,1,error,
UNP/2009/page_61.pdf-2,1,0,correct,
UNP/2015/page_80.pdf-1,1,0,correct,
ETR/2004/page_159.pdf-2,1,0,correct,
VTR/2007/page_97.pdf-4,0,1,error,
MRO/2008/page_42.pdf-3,0,1,error,
DRE/2009/page_59.pdf-1,0,1,error,
GIS/2018/page_59.pdf-1,1,0,correct,
AMT/2006/page_96.pdf-2,0,1,error,
MAA/2018/page_19.pdf-1,0,1,error,
ETR/2008/page_337.pdf-2,1,0,correct,
AWK/2015/page_112.pdf-3,0,1,error,
GPN/2009/page_68.pdf-2,0,1,error,
AES/2011/page_270.pdf-1,0,1,error,
AAL/2014/page_92.pdf-4,0,1,error,
WELL/2016/page_61.pdf-2,0,1,error,
C/2009/page_141.pdf-1,0,1,error,
ETR/2015/page_24.pdf-1,1,0,correct,
MRO/2009/page_137.pdf-2,,,unlabeled,invalid_or_missing_gold_numeric_answer
AON/2009/page_90.pdf-4,0,1,error,
JPM/2007/page_152.pdf-3,1,0,correct,
ETR/2008/page_336.pdf-2,0,1,error,
AES/2011/page_261.pdf-2,0,1,error,
GS/2017/page_176.pdf-1,0,1,error,
VTR/2003/page_39.pdf-4,0,1,error,
GS/2013/page_195.pdf-1,,,unlabeled,invalid_original_numeric_answer
AWK/2018/page_131.pdf-2,0,1,error,
DVN/2007/page_78.pdf-1,0,1,error,
AMT/2006/page_107.pdf-3,0,1,error,
GPN/2007/page_18.pdf-1,0,1,error,
ETR/2013/page_15.pdf-3,1,0,correct,
DVN/2017/page_31.pdf-2,0,1,error,
UNP/2008/page_26.pdf-2,0,1,error,
CME/2010/page_45.pdf-5,,,unlabeled,invalid_original_numeric_answer
PNC/2014/page_203.pdf-2,1,0,correct,
UNP/2013/page_14.pdf-2,1,0,correct,
MRO/2008/page_41.pdf-4,0,1,error,
AAL/2015/page_183.pdf-4,0,1,error,
AMAT/2015/page_33.pdf-1,0,1,error,
UAA/2016/page_83.pdf-4,1,0,correct,
APD/2018/page_41.pdf-1,0,1,error,
AON/2015/page_72.pdf-1,0,1,error,
DVN/2014/page_112.pdf-2,1,0,correct,
TMUS/2016/page_32.pdf-3,0,1,error,
RCL/2005/page_40.pdf-4,0,1,error,
C/2008/page_189.pdf-1,,,unlabeled,invalid_or_missing_gold_numeric_answer
JPM/2012/page_109.pdf-1,1,0,correct,
GS/2015/page_80.pdf-2,1,0,correct,
JPM/2012/page_157.pdf-1,1,0,correct,
AWK/2017/page_136.pdf-2,0,1,error,
SNA/2007/page_80.pdf-2,1,0,correct,
IP/2014/page_101.pdf-2,0,1,error,
ETR/2002/page_266.pdf-2,0,1,error,
STT/2009/page_122.pdf-3,0,1,error,
DISH/2014/page_142.pdf-2,0,1,error,
K/2013/page_27.pdf-2,0,1,error,
FIS/2016/page_64.pdf-1,1,0,correct,
ORLY/2015/page_28.pdf-4,1,0,correct,
HFC/2011/page_92.pdf-4,1,0,correct,
DISCA/2012/page_54.pdf-2,0,1,error,
IP/2005/page_31.pdf-2,1,0,correct,
VTR/2006/page_88.pdf-2,0,1,error,
C/2009/page_248.pdf-3,1,0,correct,
IPG/2009/page_67.pdf-4,1,0,correct,
MRO/2008/page_70.pdf-3,1,0,correct,
TROW/2011/page_13.pdf-2,0,1,error,
STT/2012/page_42.pdf-1,1,0,correct,
C/2009/page_41.pdf-1,0,1,error,
LMT/2015/page_86.pdf-1,1,0,correct,
CE/2010/page_150.pdf-1,0,1,error,
ETFC/2007/page_22.pdf-4,0,1,error,
INTC/2013/page_47.pdf-3,0,1,error,
PKG/2001/page_78.pdf-1,0,1,error,
K/2012/page_44.pdf-1,0,1,error,
STZ/2005/page_57.pdf-4,1,0,correct,
EL/2009/page_112.pdf-2,0,1,error,
AAPL/2015/page_56.pdf-1,1,0,correct,
JPM/2009/page_183.pdf-5,0,1,error,
ETR/2009/page_141.pdf-2,0,1,error,
UAA/2016/page_83.pdf-2,0,1,error,
ETR/2013/page_93.pdf-1,0,1,error,
UPS/2013/page_56.pdf-3,0,1,error,
GPN/2016/page_69.pdf-2,0,1,error,
AAPL/2006/page_93.pdf-1,0,1,error,
ETR/2008/page_343.pdf-4,1,0,correct,
STT/2012/page_42.pdf-3,0,1,error,
C/2009/page_38.pdf-2,1,0,correct,
AWK/2018/page_142.pdf-4,1,0,correct,
BLK/2016/page_35.pdf-2,0,1,error,
CE/2010/page_134.pdf-4,0,1,error,
ETR/2004/page_186.pdf-1,0,1,error,
RL/2016/page_9.pdf-2,0,1,error,
SNPS/2012/page_64.pdf-2,1,0,correct,
HIG/2014/page_126.pdf-2,1,0,correct,
LMT/2016/page_87.pdf-2,0,1,error,
LMT/2002/page_33.pdf-4,0,1,error,
UPS/2007/page_103.pdf-3,1,0,correct,
GS/2013/page_184.pdf-2,0,1,error,
ILMN/2006/page_92.pdf-3,0,1,error,
RSG/2018/page_139.pdf-2,,,unlabeled,invalid_or_missing_gold_numeric_answer
GS/2012/page_64.pdf-1,0,1,error,
AWK/2018/page_150.pdf-2,0,1,error,
UA/2011/page_66.pdf-1,0,1,error,
BKNG/2017/page_35.pdf-3,1,0,correct,
DISCA/2011/page_35.pdf-4,1,0,correct,
PKG/2001/page_86.pdf-3,0,1,error,
CB/2008/page_144.pdf-2,0,1,error,
LMT/2007/page_39.pdf-2,0,1,error,
FIS/2010/page_89.pdf-4,0,1,error,
IPG/2015/page_38.pdf-1,1,0,correct,
AAP/2011/page_16.pdf-1,1,0,correct,
ETR/2017/page_343.pdf-2,0,1,error,
JPM/2012/page_109.pdf-2,1,0,correct,
AWK/2017/page_143.pdf-4,0,1,error,
CE/2016/page_88.pdf-1,1,0,correct,
ETR/2015/page_133.pdf-1,1,0,correct,
AAL/2015/page_83.pdf-2,0,1,error,
AMT/2005/page_83.pdf-1,0,1,error,
UNP/2008/page_81.pdf-1,0,1,error,
KMI/2014/page_18.pdf-1,1,0,correct,
VTR/2007/page_48.pdf-2,1,0,correct,
IP/2007/page_38.pdf-1,0,1,error,
AAPL/2006/page_79.pdf-2,0,1,error,
C/2009/page_194.pdf-3,,,unlabeled,invalid_original_numeric_answer
LMT/2013/page_44.pdf-2,1,0,correct,
AMT/2014/page_64.pdf-1,0,1,error,
GS/2013/page_193.pdf-3,0,1,error,
UPS/2013/page_34.pdf-2,1,0,correct,
AMT/2007/page_116.pdf-3,0,1,error,
BLL/2010/page_33.pdf-2,0,1,error,
JKHY/2015/page_20.pdf-3,0,1,error,
ADBE/2014/page_99.pdf-2,0,1,error,
LMT/2017/page_26.pdf-1,1,0,correct,
ETR/2016/page_343.pdf-4,0,1,error,
UNP/2010/page_27.pdf-1,0,1,error,
BLK/2008/page_75.pdf-2,0,1,error,
VNO/2010/page_88.pdf-2,1,0,correct,
ETR/2017/page_25.pdf-2,0,1,error,
KIM/2009/page_145.pdf-1,0,1,error,
ETR/2015/page_133.pdf-4,0,1,error,
ETR/2004/page_335.pdf-2,1,0,correct,
UPS/2015/page_35.pdf-3,1,0,correct,
IP/2015/page_51.pdf-1,0,1,error,
UNP/2012/page_55.pdf-2,0,1,error,
AWK/2017/page_154.pdf-1,0,1,error,
LMT/2016/page_105.pdf-4,1,0,correct,
ETR/2016/page_175.pdf-4,0,1,error,
JPM/2014/page_128.pdf-2,1,0,correct,
LLY/2008/page_45.pdf-3,0,1,error,
MKTX/2014/page_39.pdf-3,1,0,correct,
HIG/2016/page_250.pdf-1,1,0,correct,
BKNG/2017/page_35.pdf-2,,,unlabeled,invalid_or_missing_gold_numeric_answer
ETR/2015/page_24.pdf-2,1,0,correct,
IP/2012/page_64.pdf-1,0,1,error,
UNP/2017/page_23.pdf-1,0,1,error,
SLG/2010/page_50.pdf-1,0,1,error,
C/2009/page_141.pdf-2,0,1,error,
LMT/2010/page_36.pdf-1,1,0,correct,
ETR/2008/page_27.pdf-1,1,0,correct,
ETR/2008/page_401.pdf-3,0,1,error,
ETR/2017/page_441.pdf-3,1,0,correct,
ETR/2015/page_18.pdf-3,0,1,error,
IPG/2014/page_23.pdf-2,1,0,correct,
AMT/2012/page_123.pdf-2,0,1,error,
ETR/2004/page_86.pdf-1,1,0,correct,
AAPL/2011/page_65.pdf-1,1,0,correct,
JPM/2016/page_73.pdf-4,1,0,correct,
AMT/2012/page_119.pdf-3,1,0,correct,
AAL/2015/page_183.pdf-1,0,1,error,
RSG/2013/page_16.pdf-1,1,0,correct,
RCL/2014/page_80.pdf-3,0,1,error,
LMT/2002/page_33.pdf-2,,,unlabeled,invalid_original_numeric_answer
AMT/2014/page_120.pdf-2,0,1,error,
RSG/2018/page_47.pdf-2,1,0,correct,
SWKS/2008/page_105.pdf-3,0,1,error,
MRO/2009/page_57.pdf-2,1,0,correct,
ETR/2016/page_342.pdf-1,0,1,error,
C/2008/page_217.pdf-2,0,1,error,
BLK/2017/page_35.pdf-2,1,0,correct,
LMT/2017/page_101.pdf-1,1,0,correct,
DISCA/2016/page_30.pdf-2,1,0,correct,
BLK/2012/page_32.pdf-1,1,0,correct,
CDNS/2007/page_30.pdf-2,0,1,error,
ETR/2008/page_154.pdf-3,1,0,correct,
OKE/2007/page_51.pdf-1,0,1,error,
JPM/2015/page_77.pdf-2,0,1,error,
ETR/2015/page_50.pdf-2,1,0,correct,
GS/2013/page_195.pdf-4,1,0,correct,
LKQ/2010/page_72.pdf-1,1,0,correct,
STT/2007/page_65.pdf-1,0,1,error,
IP/2005/page_27.pdf-1,0,1,error,
UAA/2016/page_81.pdf-1,0,1,error,
ETR/2008/page_266.pdf-3,0,1,error,
TROW/2011/page_13.pdf-3,0,1,error,
STZ/2010/page_51.pdf-2,1,0,correct,
AAL/2015/page_183.pdf-3,0,1,error,
AWK/2018/page_178.pdf-2,1,0,correct,
ETR/2004/page_160.pdf-1,0,1,error,
UNP/2013/page_24.pdf-1,1,0,correct,
UNP/2010/page_30.pdf-1,1,0,correct,
KHC/2018/page_27.pdf-3,1,0,correct,
AMT/2007/page_99.pdf-1,1,0,correct,
IP/2018/page_50.pdf-2,0,1,error,
ADBE/2013/page_89.pdf-4,1,0,correct,
UNP/2014/page_32.pdf-2,0,1,error,
ETFC/2012/page_85.pdf-2,0,1,error,
MA/2008/page_116.pdf-3,1,0,correct,
UPS/2015/page_108.pdf-1,0,1,error,
CMCSA/2004/page_30.pdf-1,0,1,error,
DISCA/2016/page_30.pdf-3,1,0,correct,
RCL/2016/page_37.pdf-1,,,unlabeled,invalid_or_missing_gold_numeric_answer
ADBE/2012/page_87.pdf-1,1,0,correct,
VTR/2007/page_97.pdf-3,1,0,correct,
GPN/2014/page_71.pdf-2,1,0,correct,
LMT/2015/page_86.pdf-2,0,1,error,
FIS/2012/page_11.pdf-2,0,1,error,
ETR/2015/page_133.pdf-3,0,1,error,
STZ/2005/page_57.pdf-2,1,0,correct,
CME/2010/page_71.pdf-4,0,1,error,
AMAT/2012/page_35.pdf-2,0,1,error,
AWK/2015/page_109.pdf-3,0,1,error,
TSCO/2017/page_73.pdf-1,0,1,error,
IP/2012/page_58.pdf-1,0,1,error,
LMT/2017/page_83.pdf-1,0,1,error,
AMAT/2018/page_31.pdf-1,1,0,correct,
GS/2012/page_177.pdf-4,0,1,error,
JPM/2009/page_132.pdf-1,1,0,correct,
AAPL/2011/page_38.pdf-4,0,1,error,
GS/2018/page_134.pdf-4,1,0,correct,
JPM/2008/page_177.pdf-4,0,1,error,
KHC/2018/page_27.pdf-1,0,1,error,
DISCA/2013/page_60.pdf-2,0,1,error,
LLY/2008/page_43.pdf-2,0,1,error,
RL/2014/page_13.pdf-2,0,1,error,
ETR/2008/page_438.pdf-1,1,0,correct,
APD/2014/page_36.pdf-1,0,1,error,
LMT/2010/page_39.pdf-1,0,1,error,
AMAT/2012/page_35.pdf-1,0,1,error,
APTV/2015/page_47.pdf-2,0,1,error,
INTC/2013/page_40.pdf-3,1,0,correct,
PNC/2013/page_65.pdf-1,0,1,error,
AAPL/2002/page_63.pdf-2,0,1,error,
ETR/2017/page_19.pdf-2,1,0,correct,
AOS/2007/page_17.pdf-2,0,1,error,
IPG/2009/page_89.pdf-1,0,1,error,
FITB/2008/page_69.pdf-4,0,1,error,
GPN/2016/page_84.pdf-3,0,1,error,
AWK/2018/page_178.pdf-1,0,1,error,
DRE/2002/page_30.pdf-1,1,0,correct,
MAS/2010/page_86.pdf-2,0,1,error,
AWK/2015/page_112.pdf-1,0,1,error,
ETFC/2011/page_23.pdf-2,0,1,error,
ETR/2004/page_163.pdf-5,0,1,error,
IPG/2014/page_37.pdf-4,,,unlabeled,invalid_original_numeric_answer
CMCSA/2015/page_42.pdf-1,1,0,correct,
AMAT/2016/page_32.pdf-1,1,0,correct,
ILMN/2008/page_77.pdf-1,0,1,error,
MAR/2005/page_52.pdf-1,1,0,correct,
TSCO/2017/page_28.pdf-2,1,0,correct,
MRO/2009/page_32.pdf-4,0,1,error,
STT/2008/page_139.pdf-3,1,0,correct,
AAP/2011/page_16.pdf-2,1,0,correct,
MAR/2010/page_55.pdf-2,0,1,error,
MMM/2007/page_66.pdf-1,0,1,error,
BKNG/2015/page_38.pdf-3,0,1,error,
DISCA/2016/page_30.pdf-4,1,0,correct,
ABMD/2015/page_93.pdf-2,0,1,error,
JPM/2016/page_141.pdf-2,1,0,correct,
PNC/2012/page_98.pdf-4,0,1,error,
ETR/2017/page_441.pdf-1,1,0,correct,
AOS/2016/page_19.pdf-2,1,0,correct,
C/2008/page_176.pdf-3,0,1,error,
ETR/2004/page_19.pdf-2,1,0,correct,
HST/2018/page_160.pdf-2,1,0,correct,
MA/2008/page_125.pdf-4,0,1,error,
ETR/2015/page_24.pdf-3,1,0,correct,
LMT/2013/page_26.pdf-3,0,1,error,
JKHY/2016/page_61.pdf-1,1,0,correct,
AAL/2015/page_187.pdf-2,0,1,error,
SNA/2007/page_47.pdf-1,0,1,error,
NKE/2015/page_37.pdf-4,0,1,error,
ETR/2008/page_362.pdf-3,1,0,correct,
ETR/2004/page_160.pdf-2,0,1,error,
LMT/2016/page_85.pdf-1,0,1,error,
LMT/2016/page_83.pdf-2,0,1,error,
C/2009/page_48.pdf-1,0,1,error,
JPM/2003/page_100.pdf-1,0,1,error,
PKG/2004/page_21.pdf-2,1,0,correct,
ETR/2017/page_25.pdf-4,1,0,correct,
AWK/2012/page_118.pdf-4,0,1,error,
ETR/2016/page_352.pdf-1,1,0,correct,
BLL/2010/page_58.pdf-1,1,0,correct,
JPM/2003/page_28.pdf-2,1,0,correct,
ETR/2008/page_314.pdf-4,1,0,correct,
AES/2011/page_230.pdf-3,0,1,error,
HOLX/2007/page_130.pdf-2,1,0,correct,
RL/2018/page_9.pdf-2,0,1,error,
STT/2006/page_92.pdf-4,0,1,error,
MAS/2010/page_29.pdf-4,0,1,error,
ETR/2004/page_20.pdf-1,1,0,correct,
JPM/2008/page_86.pdf-2,0,1,error,
AMAT/2015/page_14.pdf-3,0,1,error,
INTC/2013/page_40.pdf-2,0,1,error,
JPM/2013/page_158.pdf-1,,,unlabeled,invalid_or_missing_gold_numeric_answer
ETR/2008/page_267.pdf-4,1,0,correct,
ETR/2008/page_438.pdf-2,1,0,correct,
DISCA/2013/page_45.pdf-1,1,0,correct,
ETR/2008/page_336.pdf-4,1,0,correct,
WELL/2016/page_61.pdf-1,0,1,error,
MKTX/2004/page_24.pdf-1,1,0,correct,
AMT/2014/page_88.pdf-2,0,1,error,
SLB/2010/page_58.pdf-1,1,0,correct,
AMT/2012/page_123.pdf-3,0,1,error,
FIS/2012/page_11.pdf-3,0,1,error,
RL/2009/page_20.pdf-1,0,1,error,
PNC/2013/page_85.pdf-2,1,0,correct,
EL/2009/page_112.pdf-1,1,0,correct,
ETR/2017/page_422.pdf-3,0,1,error,
AES/2011/page_269.pdf-2,0,1,error,
CDNS/2018/page_82.pdf-3,0,1,error,
RE/2017/page_145.pdf-3,0,1,error,
IP/2012/page_55.pdf-1,0,1,error,
AAL/2014/page_89.pdf-1,0,1,error,
AES/2011/page_260.pdf-1,0,1,error,
RSG/2015/page_18.pdf-1,1,0,correct,
RSG/2012/page_145.pdf-1,0,1,error,
DVN/2010/page_70.pdf-1,0,1,error,
CNC/2003/page_41.pdf-1,0,1,error,
DISCA/2012/page_54.pdf-1,0,1,error,
AAL/2014/page_92.pdf-1,0,1,error,
HFC/2017/page_103.pdf-5,1,0,correct,
AAPL/2017/page_23.pdf-2,1,0,correct,
GPN/2016/page_83.pdf-3,,,unlabeled,invalid_or_missing_gold_numeric_answer
V/2008/page_165.pdf-2,0,1,error,
GPN/2017/page_76.pdf-2,0,1,error,
UNP/2018/page_50.pdf-1,1,0,correct,
ETR/2008/page_314.pdf-1,1,0,correct,
IPG/2017/page_26.pdf-2,1,0,correct,
V/2013/page_113.pdf-1,0,1,error,
NKE/2015/page_37.pdf-2,0,1,error,
RSG/2008/page_127.pdf-2,0,1,error,
MA/2008/page_113.pdf-4,1,0,correct,
SLG/2012/page_61.pdf-2,1,0,correct,
AWK/2018/page_172.pdf-3,0,1,error,
ETFC/2013/page_155.pdf-1,1,0,correct,
LMT/2016/page_50.pdf-3,1,0,correct,
HOLX/2005/page_27.pdf-1,1,0,correct,
MA/2008/page_70.pdf-1,1,0,correct,
LMT/2017/page_26.pdf-2,0,1,error,
ETR/2004/page_19.pdf-1,1,0,correct,
AAL/2015/page_183.pdf-2,0,1,error,
LMT/2013/page_45.pdf-2,1,0,correct,
CB/2009/page_220.pdf-1,0,1,error,
STT/2007/page_65.pdf-3,1,0,correct,
IP/2005/page_28.pdf-2,0,1,error,
STT/2008/page_73.pdf-3,1,0,correct,
HUM/2005/page_80.pdf-3,1,0,correct,
JKHY/2015/page_20.pdf-1,0,1,error,
GS/2016/page_183.pdf-4,0,1,error,
HST/2018/page_160.pdf-1,1,0,correct,
ETR/2008/page_187.pdf-2,0,1,error,
C/2009/page_255.pdf-2,0,1,error,
VNO/2010/page_88.pdf-1,1,0,correct,
ETR/2017/page_414.pdf-1,0,1,error,
EW/2014/page_35.pdf-1,0,1,error,
AAPL/2015/page_68.pdf-3,0,1,error,
ETR/2015/page_111.pdf-1,1,0,correct,
PKG/2018/page_66.pdf-1,0,1,error,
C/2008/page_207.pdf-4,,,unlabeled,invalid_or_missing_gold_numeric_answer
RSG/2008/page_141.pdf-1,1,0,correct,
TROW/2013/page_25.pdf-3,0,1,error,
HFC/2017/page_103.pdf-1,0,1,error,
C/2008/page_26.pdf-3,1,0,correct,
FIS/2012/page_30.pdf-2,1,0,correct,
GS/2012/page_177.pdf-2,0,1,error,
RCL/2017/page_38.pdf-2,1,0,correct,
STT/2008/page_139.pdf-4,1,0,correct,
AAPL/2006/page_79.pdf-3,0,1,error,
ETR/2015/page_155.pdf-1,0,1,error,
JPM/2015/page_83.pdf-1,1,0,correct,
LMT/2013/page_81.pdf-2,1,0,correct,
C/2008/page_176.pdf-1,0,1,error,
IP/2013/page_62.pdf-1,0,1,error,
SLB/2010/page_90.pdf-1,1,0,correct,
UNP/2008/page_71.pdf-2,0,1,error,
UPS/2013/page_34.pdf-3,0,1,error,
STT/2006/page_92.pdf-3,0,1,error,
LLY/2018/page_99.pdf-3,1,0,correct,
C/2008/page_219.pdf-1,0,1,error,
MRO/2009/page_137.pdf-3,0,1,error,
ETR/2016/page_352.pdf-2,1,0,correct,
UNP/2009/page_83.pdf-2,0,1,error,
C/2008/page_207.pdf-2,1,0,correct,
LMT/2016/page_50.pdf-4,0,1,error,
AWK/2017/page_136.pdf-3,0,1,error,
BLK/2017/page_87.pdf-1,0,1,error,
LKQ/2009/page_66.pdf-2,0,1,error,
ORLY/2017/page_30.pdf-1,0,1,error,
C/2009/page_194.pdf-2,0,1,error,
FITB/2008/page_69.pdf-3,0,1,error,
AAPL/2018/page_23.pdf-1,1,0,correct,
HIG/2014/page_126.pdf-1,1,0,correct,
UNP/2018/page_50.pdf-2,0,1,error,
GPN/2015/page_83.pdf-2,,,unlabeled,invalid_or_missing_gold_numeric_answer
APD/2013/page_44.pdf-1,0,1,error,
SNPS/2012/page_61.pdf-4,0,1,error,
SLG/2009/page_99.pdf-4,0,1,error,
EW/2016/page_36.pdf-2,0,1,error,
AMT/2007/page_99.pdf-4,1,0,correct,
MAR/2005/page_52.pdf-2,1,0,correct,
SNPS/2006/page_68.pdf-2,0,1,error,
GS/2018/page_165.pdf-2,1,0,correct,
RSG/2018/page_56.pdf-2,0,1,error,
KHC/2016/page_94.pdf-1,0,1,error,
RCL/2012/page_80.pdf-1,0,1,error,
HIG/2013/page_124.pdf-3,0,1,error,
ADI/2012/page_65.pdf-1,1,0,correct,
C/2009/page_279.pdf-2,0,1,error,
APTV/2013/page_48.pdf-2,1,0,correct,
SLB/2006/page_82.pdf-3,0,1,error,
AMAT/2016/page_30.pdf-3,1,0,correct,
AAL/2015/page_131.pdf-3,0,1,error,
ETR/2004/page_186.pdf-4,0,1,error,
WRK/2019/page_31.pdf-3,1,0,correct,
ORLY/2018/page_30.pdf-1,1,0,correct,
ETR/2004/page_159.pdf-4,0,1,error,
BLL/2006/page_89.pdf-1,0,1,error,
GPN/2016/page_67.pdf-1,0,1,error,
AMT/2016/page_69.pdf-3,1,0,correct,
ETR/2008/page_343.pdf-3,0,1,error,
AWK/2014/page_45.pdf-2,0,1,error,
SLG/2010/page_50.pdf-2,0,1,error,
DVN/2013/page_101.pdf-3,0,1,error,
AAPL/2006/page_79.pdf-4,1,0,correct,
APTV/2015/page_50.pdf-2,1,0,correct,
AAP/2013/page_32.pdf-2,0,1,error,
APD/2014/page_71.pdf-1,0,1,error,
LMT/2010/page_24.pdf-4,0,1,error,
ETR/2016/page_505.pdf-2,0,1,error,
PKG/2004/page_21.pdf-3,0,1,error,
STT/2008/page_139.pdf-1,0,1,error,
AON/2010/page_100.pdf-3,0,1,error,
PNC/2014/page_203.pdf-4,1,0,correct,
VNO/2003/page_102.pdf-2,0,1,error,
GS/2014/page_62.pdf-2,1,0,correct,
HST/2018/page_115.pdf-2,0,1,error,
ORLY/2016/page_29.pdf-3,1,0,correct,
UNP/2017/page_74.pdf-2,0,1,error,
AES/2001/page_43.pdf-2,0,1,error,
VTR/2007/page_48.pdf-4,1,0,correct,
ETR/2004/page_186.pdf-3,0,1,error,
IPG/2014/page_37.pdf-1,0,1,error,
DVN/2014/page_112.pdf-4,0,1,error,
TSCO/2018/page_31.pdf-1,1,0,correct,
PPG/2018/page_60.pdf-1,0,1,error,
ADBE/2014/page_99.pdf-3,0,1,error,
AWK/2015/page_106.pdf-3,1,0,correct,
AWK/2017/page_172.pdf-1,0,1,error,
DISCA/2012/page_54.pdf-3,1,0,correct,
AWK/2017/page_154.pdf-4,0,1,error,
AWK/2013/page_123.pdf-1,0,1,error,
RL/2015/page_9.pdf-2,0,1,error,
NKE/2015/page_37.pdf-3,0,1,error,
MRO/2008/page_70.pdf-1,1,0,correct,
HUM/2012/page_109.pdf-2,1,0,correct,
AWK/2015/page_127.pdf-2,0,1,error,
AAP/2016/page_65.pdf-1,1,0,correct,
GS/2014/page_134.pdf-1,0,1,error,
RCL/2006/page_37.pdf-2,0,1,error,
SLG/2010/page_81.pdf-4,1,0,correct,
LMT/2007/page_55.pdf-2,1,0,correct,
LMT/2010/page_37.pdf-4,0,1,error,
PKG/2006/page_68.pdf-4,0,1,error,
ALLE/2018/page_121.pdf-2,0,1,error,
UPS/2013/page_56.pdf-1,0,1,error,
AAPL/2014/page_78.pdf-1,0,1,error,
GPN/2013/page_71.pdf-1,0,1,error,
IPG/2018/page_104.pdf-3,0,1,error,
IPG/2018/page_26.pdf-1,1,0,correct,
FIS/2007/page_33.pdf-1,0,1,error,
TFX/2015/page_42.pdf-1,0,1,error,
AMT/2015/page_58.pdf-1,0,1,error,
C/2016/page_120.pdf-2,1,0,correct,
LMT/2016/page_85.pdf-3,0,1,error,
RSG/2017/page_74.pdf-1,1,0,correct,
RCL/2017/page_38.pdf-1,0,1,error,
GRMN/2006/page_91.pdf-2,0,1,error,
AAPL/2002/page_63.pdf-3,0,1,error,
BLK/2017/page_35.pdf-1,1,0,correct,
RCL/2016/page_37.pdf-3,1,0,correct,
LLY/2018/page_42.pdf-2,0,1,error,
AAPL/2002/page_26.pdf-4,1,0,correct,
AAP/2016/page_26.pdf-2,,,unlabeled,invalid_original_numeric_answer
APD/2019/page_100.pdf-2,0,1,error,
UPS/2017/page_111.pdf-1,1,0,correct,
PPG/2005/page_20.pdf-2,1,0,correct,
RL/2015/page_9.pdf-1,0,1,error,
HIG/2004/page_192.pdf-4,0,1,error,
RSG/2009/page_78.pdf-2,0,1,error,
AWK/2015/page_21.pdf-2,0,1,error,
AON/2015/page_29.pdf-2,1,0,correct,
LMT/2010/page_24.pdf-1,1,0,correct,
BKR/2018/page_127.pdf-1,1,0,correct,
ETR/2008/page_336.pdf-3,0,1,error,
UNP/2010/page_55.pdf-2,0,1,error,
AAPL/2013/page_39.pdf-1,1,0,correct,
ETR/2013/page_15.pdf-4,1,0,correct,
PPG/2012/page_70.pdf-1,0,1,error,
MMM/2007/page_37.pdf-1,0,1,error,
SNPS/2009/page_59.pdf-2,0,1,error,
EW/2014/page_68.pdf-1,1,0,correct,
APD/2018/page_113.pdf-1,0,1,error,
AMAT/2016/page_30.pdf-2,0,1,error,
FIS/2016/page_64.pdf-2,0,1,error,
JPM/2015/page_77.pdf-4,,,unlabeled,invalid_or_missing_gold_numeric_answer
AMT/2016/page_69.pdf-1,0,1,error,
STT/2017/page_63.pdf-3,1,0,correct,
HWM/2015/page_89.pdf-1,1,0,correct,
HFC/2011/page_92.pdf-1,1,0,correct,
PNC/2008/page_144.pdf-1,0,1,error,
ETR/2002/page_266.pdf-1,0,1,error,
RSG/2013/page_92.pdf-1,0,1,error,
PNC/2011/page_74.pdf-1,0,1,error,
PNC/2012/page_110.pdf-1,0,1,error,
AMAT/2015/page_31.pdf-1,0,1,error,
RE/2006/page_31.pdf-3,,,unlabeled,invalid_original_numeric_answer
IPG/2016/page_37.pdf-3,,,unlabeled,invalid_original_numeric_answer
ETR/2016/page_324.pdf-3,1,0,correct,
LMT/2016/page_52.pdf-1,0,1,error,
PNC/2014/page_151.pdf-2,1,0,correct,
HOLX/2005/page_61.pdf-1,0,1,error,
LMT/2017/page_101.pdf-3,1,0,correct,
FIS/2007/page_33.pdf-2,0,1,error,
IP/2007/page_32.pdf-2,0,1,error,
KHC/2018/page_27.pdf-4,0,1,error,
AAL/2015/page_15.pdf-4,0,1,error,
DVN/2015/page_117.pdf-3,0,1,error,
LMT/2016/page_85.pdf-4,,,unlabeled,invalid_original_numeric_answer
AMAT/2016/page_32.pdf-2,0,1,error,
JPM/2016/page_73.pdf-1,1,0,correct,
IPG/2017/page_40.pdf-1,,,unlabeled,invalid_original_numeric_answer
RCL/2006/page_37.pdf-4,,,unlabeled,invalid_or_missing_gold_numeric_answer
ECL/2017/page_68.pdf-1,1,0,correct,
ETR/2016/page_403.pdf-1,1,0,correct,
ORLY/2016/page_29.pdf-2,1,0,correct,
HIG/2004/page_81.pdf-1,1,0,correct,
VNO/2012/page_190.pdf-2,0,1,error,
IPG/2018/page_78.pdf-1,1,0,correct,
ADBE/2011/page_116.pdf-1,0,1,error,
PNC/2017/page_168.pdf-1,0,1,error,
UNP/2013/page_29.pdf-1,0,1,error,
MRO/2009/page_107.pdf-4,0,1,error,
HOLX/2008/page_93.pdf-1,0,1,error,
PNC/2007/page_107.pdf-1,0,1,error,
EW/2017/page_83.pdf-2,0,1,error,
AAPL/2002/page_23.pdf-1,0,1,error,
SLG/2009/page_99.pdf-2,0,1,error,
ETR/2008/page_376.pdf-1,0,1,error,
PNC/2009/page_51.pdf-3,1,0,correct,
ADBE/2014/page_87.pdf-3,0,1,error,
UNP/2007/page_79.pdf-1,1,0,correct,
UPS/2017/page_111.pdf-2,1,0,correct,
PNC/2014/page_94.pdf-3,0,1,error,
DRE/2010/page_36.pdf-1,0,1,error,
PPG/2013/page_54.pdf-1,0,1,error,
JPM/2008/page_194.pdf-1,,,unlabeled,invalid_or_missing_gold_numeric_answer
AWK/2017/page_128.pdf-1,1,0,correct,
HUM/2005/page_18.pdf-2,0,1,error,
IP/2012/page_58.pdf-2,0,1,error,
HWM/2018/page_67.pdf-2,1,0,correct,
HUM/2005/page_80.pdf-2,,,unlabeled,invalid_original_numeric_answer
DVN/2017/page_31.pdf-1,0,1,error,
ECL/2017/page_68.pdf-3,0,1,error,
AWK/2017/page_154.pdf-2,0,1,error,
HIG/2016/page_253.pdf-1,1,0,correct,
RE/2006/page_122.pdf-3,0,1,error,
MMM/2007/page_64.pdf-2,1,0,correct,
UPS/2007/page_32.pdf-1,0,1,error,
TMUS/2016/page_32.pdf-1,1,0,correct,
AMT/2008/page_88.pdf-2,1,0,correct,
ECL/2015/page_70.pdf-4,1,0,correct,
ETR/2017/page_373.pdf-1,0,1,error,
ETR/2016/page_382.pdf-1,1,0,correct,
HWM/2015/page_172.pdf-1,1,0,correct,
AAPL/2004/page_83.pdf-1,1,0,correct,
PM/2015/page_103.pdf-1,1,0,correct,
CDNS/2016/page_32.pdf-1,0,1,error,
EOG/2018/page_89.pdf-1,0,1,error,
RSG/2015/page_133.pdf-1,1,0,correct,
MRO/2012/page_40.pdf-1,1,0,correct,
INTC/2013/page_47.pdf-4,0,1,error,
ADBE/2012/page_102.pdf-2,0,1,error,
ETR/2013/page_14.pdf-1,0,1,error,
ETR/2016/page_17.pdf-4,1,0,correct,
C/2008/page_219.pdf-2,0,1,error,
C/2009/page_248.pdf-4,0,1,error,
IPG/2018/page_26.pdf-2,1,0,correct,
AMAT/2012/page_37.pdf-1,0,1,error,
KHC/2017/page_21.pdf-1,1,0,correct,
AWK/2018/page_142.pdf-1,0,1,error,
UNP/2016/page_75.pdf-1,1,0,correct,
MA/2008/page_116.pdf-1,0,1,error,
AAL/2014/page_59.pdf-3,1,0,correct,
AAL/2014/page_59.pdf-1,,,unlabeled,invalid_original_numeric_answer
ETR/2008/page_33.pdf-3,0,1,error,
UNP/2010/page_75.pdf-1,0,1,error,
LMT/2016/page_87.pdf-1,0,1,error,
UNP/2015/page_76.pdf-1,0,1,error,
REGN/2010/page_64.pdf-3,0,1,error,
AMT/2016/page_69.pdf-4,1,0,correct,
UPS/2017/page_31.pdf-2,1,0,correct,
TFX/2014/page_44.pdf-2,0,1,error,
HST/2018/page_115.pdf-3,0,1,error,
ETR/2008/page_154.pdf-4,0,1,error,
UNP/2012/page_79.pdf-2,0,1,error,
AAP/2013/page_68.pdf-2,0,1,error,
CDNS/2016/page_32.pdf-3,1,0,correct,
SWKS/2010/page_139.pdf-1,1,0,correct,
ADBE/2018/page_71.pdf-4,,,unlabeled,invalid_original_numeric_answer
C/2009/page_41.pdf-2,0,1,error,
CE/2009/page_121.pdf-4,1,0,correct,
IP/2015/page_44.pdf-1,0,1,error,
ETR/2004/page_335.pdf-3,1,0,correct,
KHC/2017/page_21.pdf-2,0,1,error,
JPM/2009/page_206.pdf-4,1,0,correct,
HOLX/2006/page_103.pdf-2,0,1,error,
ADI/2011/page_92.pdf-1,1,0,correct,
AWK/2017/page_143.pdf-3,,,unlabeled,invalid_or_missing_gold_numeric_answer
DISCA/2008/page_141.pdf-1,0,1,error,
APTV/2018/page_36.pdf-2,1,0,correct,
AWK/2015/page_21.pdf-1,0,1,error,
GS/2015/page_80.pdf-1,1,0,correct,
JPM/2008/page_86.pdf-1,0,1,error,
AAL/2015/page_51.pdf-4,,,unlabeled,invalid_original_numeric_answer
GRMN/2008/page_98.pdf-2,0,1,error,
AAL/2014/page_80.pdf-4,0,1,error,
ETR/2013/page_136.pdf-2,0,1,error,
RE/2010/page_120.pdf-3,0,1,error,
TROW/2011/page_13.pdf-4,0,1,error,
REGN/2010/page_68.pdf-1,0,1,error,
EW/2017/page_83.pdf-1,1,0,correct,
ETFC/2007/page_22.pdf-3,0,1,error,
WELL/2017/page_48.pdf-2,1,0,correct,
C/2016/page_207.pdf-1,,,unlabeled,invalid_or_missing_gold_numeric_answer
STT/2009/page_109.pdf-1,1,0,correct,
CB/2009/page_220.pdf-2,0,1,error,
ILMN/2007/page_84.pdf-2,1,0,correct,
AON/2013/page_54.pdf-3,1,0,correct,
ETR/2008/page_435.pdf-1,1,0,correct,
ETR/2017/page_25.pdf-1,0,1,error,
GRMN/2006/page_91.pdf-1,0,1,error,
PKG/2006/page_68.pdf-2,1,0,correct,
JPM/2003/page_44.pdf-3,0,1,error,
IPG/2008/page_68.pdf-2,0,1,error,
HIG/2013/page_212.pdf-1,1,0,correct,
AAL/2015/page_15.pdf-1,0,1,error,
STT/2009/page_122.pdf-2,0,1,error,
PNC/2012/page_246.pdf-2,1,0,correct,
STT/2017/page_100.pdf-2,,,unlabeled,invalid_or_missing_gold_numeric_answer
AWK/2017/page_128.pdf-2,1,0,correct,
ETR/2017/page_414.pdf-4,1,0,correct,
ETR/2016/page_18.pdf-4,0,1,error,
UPS/2015/page_108.pdf-3,0,1,error,
ETR/2008/page_267.pdf-3,,,unlabeled,invalid_original_numeric_answer
ETR/2016/page_342.pdf-3,1,0,correct,
JPM/2007/page_152.pdf-1,0,1,error,
SNPS/2012/page_61.pdf-1,1,0,correct,
MRO/2009/page_36.pdf-2,0,1,error,
STT/2008/page_73.pdf-4,1,0,correct,
ETR/2016/page_382.pdf-4,1,0,correct,
HIG/2011/page_184.pdf-1,1,0,correct,
JPM/2007/page_164.pdf-1,0,1,error,
IP/2013/page_64.pdf-2,0,1,error,
MRO/2009/page_58.pdf-2,0,1,error,
GRMN/2008/page_84.pdf-1,1,0,correct,
CME/2010/page_45.pdf-3,0,1,error,
MRO/2012/page_18.pdf-1,0,1,error,
PNC/2009/page_51.pdf-4,1,0,correct,
LMT/2013/page_49.pdf-3,1,0,correct,
MRO/2009/page_36.pdf-1,1,0,correct,
JPM/2008/page_112.pdf-2,0,1,error,
AMT/2006/page_96.pdf-1,0,1,error,
ETR/2016/page_424.pdf-3,1,0,correct,
ETR/2004/page_335.pdf-1,1,0,correct,
UNP/2012/page_79.pdf-1,1,0,correct,
MRO/2008/page_142.pdf-1,0,1,error,
ETR/2016/page_505.pdf-4,,,unlabeled,invalid_original_numeric_answer
PNC/2014/page_205.pdf-1,0,1,error,
ETR/2009/page_21.pdf-4,1,0,correct,
GPN/2015/page_82.pdf-3,0,1,error,
VTR/2007/page_48.pdf-1,1,0,correct,
STT/2017/page_100.pdf-3,0,1,error,
ZBH/2008/page_86.pdf-3,1,0,correct,
V/2013/page_116.pdf-2,0,1,error,
UNP/2013/page_78.pdf-1,0,1,error,
AMAT/2012/page_37.pdf-3,,,unlabeled,invalid_or_missing_gold_numeric_answer
AON/2015/page_50.pdf-1,1,0,correct,
AAPL/2006/page_79.pdf-1,1,0,correct,
ETR/2004/page_160.pdf-3,0,1,error,
AMAT/2018/page_31.pdf-2,0,1,error,
TFX/2014/page_44.pdf-1,1,0,correct,
KHC/2017/page_21.pdf-3,,,unlabeled,invalid_original_numeric_answer
CDNS/2016/page_32.pdf-4,0,1,error,
UNP/2008/page_29.pdf-1,0,1,error,
PNC/2014/page_161.pdf-1,1,0,correct,
C/2008/page_26.pdf-2,0,1,error,
ORLY/2016/page_29.pdf-1,1,0,correct,
HUM/2010/page_101.pdf-1,0,1,error,
JPM/2012/page_148.pdf-1,1,0,correct,
ETR/2016/page_375.pdf-1,0,1,error,
STT/2008/page_112.pdf-3,1,0,correct,
BLL/2011/page_29.pdf-1,0,1,error,
ADBE/2011/page_83.pdf-2,0,1,error,
APD/2014/page_72.pdf-1,0,1,error,
DISCA/2012/page_54.pdf-4,1,0,correct,
JPM/2012/page_148.pdf-2,0,1,error,
JPM/2012/page_148.pdf-3,0,1,error,
ILMN/2006/page_92.pdf-1,0,1,error,
ETR/2015/page_111.pdf-2,1,0,correct,
IQV/2016/page_57.pdf-1,1,0,correct,
ETR/2016/page_315.pdf-3,,,unlabeled,invalid_original_numeric_answer
HST/2018/page_115.pdf-1,0,1,error,
UNP/2008/page_59.pdf-2,,,unlabeled,invalid_original_numeric_answer
IPG/2017/page_26.pdf-1,0,1,error,
C/2008/page_189.pdf-4,0,1,error,
C/2008/page_176.pdf-2,0,1,error,
FIS/2007/page_52.pdf-3,0,1,error,
IPG/2006/page_41.pdf-1,0,1,error,
K/2013/page_27.pdf-4,0,1,error,
ETR/2017/page_20.pdf-4,0,1,error,
UAA/2016/page_80.pdf-4,0,1,error,
RSG/2014/page_73.pdf-1,0,1,error,
RSG/2013/page_69.pdf-1,1,0,correct,
BLL/2010/page_39.pdf-1,0,1,error,
PNC/2014/page_151.pdf-3,0,1,error,
C/2016/page_207.pdf-4,,,unlabeled,invalid_or_missing_gold_numeric_answer
ETR/2004/page_185.pdf-1,1,0,correct,
JPM/2009/page_183.pdf-4,1,0,correct,
AON/2011/page_91.pdf-2,1,0,correct,
HIG/2013/page_124.pdf-2,0,1,error,
TROW/2008/page_23.pdf-3,0,1,error,
DVN/2011/page_99.pdf-2,0,1,error,
AAL/2014/page_92.pdf-3,0,1,error,
IP/2016/page_52.pdf-2,0,1,error,
AAL/2015/page_83.pdf-1,0,1,error,
PNC/2014/page_92.pdf-1,0,1,error,
FIS/2007/page_102.pdf-1,0,1,error,
MRO/2009/page_57.pdf-1,0,1,error,
PNC/2007/page_83.pdf-1,1,0,correct,
ETR/2017/page_352.pdf-3,0,1,error,
FIS/2007/page_102.pdf-2,0,1,error,
INTC/2013/page_86.pdf-1,1,0,correct,
UPS/2012/page_51.pdf-4,0,1,error,
STT/2007/page_65.pdf-4,1,0,correct,
ADBE/2012/page_102.pdf-4,0,1,error,
ADBE/2018/page_71.pdf-3,0,1,error,
C/2009/page_194.pdf-1,1,0,correct,
ETFC/2007/page_116.pdf-1,0,1,error,
AMT/2015/page_58.pdf-3,0,1,error,
ETR/2016/page_375.pdf-2,1,0,correct,
ETR/2004/page_258.pdf-4,0,1,error,
GS/2013/page_195.pdf-3,1,0,correct,
IP/2005/page_32.pdf-2,0,1,error,
PKG/2009/page_63.pdf-1,0,1,error,
CE/2010/page_134.pdf-3,1,0,correct,
PKG/2006/page_68.pdf-3,0,1,error,
DVN/2011/page_84.pdf-2,0,1,error,
MRO/2009/page_36.pdf-4,1,0,correct,
V/2012/page_28.pdf-2,1,0,correct,
UPS/2013/page_56.pdf-4,0,1,error,
AWK/2018/page_162.pdf-1,1,0,correct,
BKNG/2015/page_38.pdf-1,1,0,correct,
PNC/2013/page_102.pdf-1,0,1,error,
RCL/2014/page_80.pdf-2,1,0,correct,
LLY/2008/page_43.pdf-1,,,unlabeled,invalid_original_numeric_answer
LMT/2013/page_87.pdf-2,0,1,error,
MA/2009/page_123.pdf-2,,,unlabeled,invalid_original_numeric_answer
C/2008/page_189.pdf-3,0,1,error,
UNP/2009/page_89.pdf-2,0,1,error,
MA/2009/page_112.pdf-1,0,1,error,
PNC/2009/page_51.pdf-1,1,0,correct,
DVN/2015/page_92.pdf-4,0,1,error,
JPM/2014/page_127.pdf-4,1,0,correct,
RSG/2009/page_78.pdf-1,1,0,correct,
IP/2014/page_65.pdf-2,0,1,error,
AWK/2014/page_7.pdf-2,0,1,error,
IP/2012/page_57.pdf-1,0,1,error,
ETR/2008/page_153.pdf-4,1,0,correct,
AMT/2006/page_107.pdf-1,0,1,error,
ETR/2016/page_343.pdf-2,0,1,error,
ADBE/2009/page_98.pdf-2,0,1,error,
PNC/2016/page_73.pdf-1,1,0,correct,
AOS/2016/page_19.pdf-1,1,0,correct,
UNP/2009/page_34.pdf-2,1,0,correct,
AMT/2015/page_58.pdf-2,1,0,correct,
LMT/2016/page_83.pdf-3,1,0,correct,
MRO/2012/page_41.pdf-2,,,unlabeled,invalid_original_numeric_answer
AWK/2014/page_45.pdf-4,0,1,error,
UPS/2007/page_103.pdf-2,1,0,correct,
SLB/2006/page_82.pdf-2,,,unlabeled,invalid_or_missing_gold_numeric_answer
CE/2005/page_167.pdf-1,0,1,error,
ALLE/2015/page_81.pdf-1,1,0,correct,
ORLY/2018/page_30.pdf-3,1,0,correct,
REGN/2010/page_64.pdf-1,1,0,correct,
ETFC/2015/page_27.pdf-3,0,1,error,
V/2008/page_130.pdf-2,0,1,error,
ETR/2016/page_444.pdf-1,0,1,error,
TROW/2013/page_25.pdf-1,0,1,error,
FIS/2012/page_30.pdf-3,0,1,error,
AAPL/2014/page_26.pdf-1,1,0,correct,
IP/2013/page_64.pdf-1,0,1,error,
TMUS/2016/page_32.pdf-2,,,unlabeled,invalid_or_missing_gold_numeric_answer
AES/2011/page_261.pdf-4,0,1,error,
MRO/2008/page_130.pdf-3,0,1,error,
CDNS/2007/page_30.pdf-1,0,1,error,
JPM/2015/page_83.pdf-3,,,unlabeled,invalid_original_numeric_answer
GPN/2014/page_71.pdf-3,0,1,error,
ETR/2008/page_356.pdf-3,0,1,error,
DVN/2012/page_100.pdf-3,1,0,correct,
STT/2008/page_116.pdf-2,0,1,error,
SWKS/2010/page_139.pdf-2,0,1,error,
MAS/2013/page_27.pdf-3,1,0,correct,
MAA/2018/page_19.pdf-3,,,unlabeled,invalid_original_numeric_answer
AAPL/2010/page_43.pdf-3,0,1,error,
IPG/2017/page_49.pdf-3,1,0,correct,
MA/2008/page_125.pdf-3,0,1,error,
GPN/2015/page_82.pdf-1,1,0,correct,
AMT/2016/page_57.pdf-3,0,1,error,
MMM/2005/page_72.pdf-1,0,1,error,
IPG/2009/page_93.pdf-4,0,1,error,
ETR/2004/page_261.pdf-3,0,1,error,
AWK/2018/page_178.pdf-4,1,0,correct,
DVN/2015/page_92.pdf-2,1,0,correct,
ADBE/2011/page_83.pdf-3,1,0,correct,
RE/2006/page_31.pdf-4,0,1,error,
STT/2006/page_96.pdf-2,0,1,error,
ETR/2009/page_21.pdf-2,1,0,correct,
APD/2014/page_71.pdf-2,0,1,error,
JKHY/2016/page_25.pdf-1,0,1,error,
C/2008/page_207.pdf-1,1,0,correct,
INTC/2013/page_40.pdf-1,0,1,error,
LLY/2018/page_99.pdf-2,,,unlabeled,invalid_or_missing_gold_numeric_answer
VTR/2003/page_39.pdf-2,1,0,correct,
AAPL/2011/page_24.pdf-3,1,0,correct,
ALLE/2015/page_81.pdf-2,1,0,correct,
ETR/2017/page_332.pdf-1,0,1,error,
JPM/2005/page_70.pdf-1,1,0,correct,
TSCO/2017/page_68.pdf-2,,,unlabeled,invalid_or_missing_gold_numeric_answer
GS/2017/page_176.pdf-4,1,0,correct,
ECL/2017/page_68.pdf-2,1,0,correct,
GPN/2008/page_95.pdf-4,1,0,correct,
ETFC/2013/page_84.pdf-2,0,1,error,
JPM/2009/page_206.pdf-3,,,unlabeled,invalid_or_missing_gold_numeric_answer
INTC/2018/page_105.pdf-1,1,0,correct,
ETR/2017/page_175.pdf-4,0,1,error,
HWM/2015/page_87.pdf-2,1,0,correct,
FIS/2016/page_49.pdf-3,1,0,correct,
PKG/2018/page_66.pdf-4,1,0,correct,
GPN/2016/page_83.pdf-4,1,0,correct,
GPN/2007/page_39.pdf-3,,,unlabeled,invalid_or_missing_gold_numeric_answer
JPM/2014/page_127.pdf-2,0,1,error,
SLG/2009/page_84.pdf-2,0,1,error,
CE/2005/page_56.pdf-3,1,0,correct,
DVN/2011/page_99.pdf-1,0,1,error,
MA/2008/page_116.pdf-4,0,1,error,
AON/2010/page_100.pdf-1,1,0,correct,
FIS/2010/page_89.pdf-3,0,1,error,
HUM/2018/page_46.pdf-3,0,1,error,
C/2009/page_279.pdf-4,1,0,correct,
EOG/2017/page_103.pdf-1,1,0,correct,
V/2009/page_89.pdf-2,0,1,error,
ETR/2013/page_14.pdf-2,0,1,error,
AON/2011/page_121.pdf-3,1,0,correct,
HIG/2004/page_67.pdf-1,1,0,correct,
PNC/2012/page_110.pdf-2,1,0,correct,
HOLX/2004/page_59.pdf-1,1,0,correct,
EMR/2017/page_53.pdf-2,0,1,error,
CB/2010/page_113.pdf-2,0,1,error,
AON/2015/page_50.pdf-3,0,1,error,
ALXN/2007/page_96.pdf-1,0,1,error,
ETR/2013/page_136.pdf-1,0,1,error,
C/2009/page_42.pdf-2,0,1,error,
ETFC/2011/page_23.pdf-1,0,1,error,
MA/2010/page_107.pdf-3,1,0,correct,
PKG/2001/page_86.pdf-4,1,0,correct,
ADBE/2009/page_81.pdf-4,1,0,correct,
AAPL/2002/page_23.pdf-2,0,1,error,
ETR/2008/page_187.pdf-3,1,0,correct,
PM/2018/page_108.pdf-2,1,0,correct,
PNC/2009/page_51.pdf-2,1,0,correct,
SNPS/2012/page_62.pdf-1,0,1,error,
HWM/2017/page_75.pdf-2,1,0,correct,
ETR/2017/page_20.pdf-2,1,0,correct,
ETFC/2015/page_27.pdf-2,1,0,correct,
HUM/2018/page_129.pdf-4,0,1,error,
PNC/2014/page_205.pdf-2,0,1,error,
CB/2010/page_113.pdf-4,0,1,error,
ETR/2017/page_401.pdf-2,1,0,correct,
ETR/2008/page_401.pdf-2,0,1,error,
EMR/2017/page_53.pdf-1,0,1,error,
C/2016/page_120.pdf-3,1,0,correct,
HIG/2011/page_184.pdf-3,0,1,error,
LMT/2017/page_26.pdf-3,0,1,error,
MKTX/2014/page_39.pdf-2,0,1,error,
GPN/2008/page_39.pdf-3,0,1,error,
ETR/2017/page_352.pdf-2,1,0,correct,
AAL/2015/page_15.pdf-2,0,1,error,
MA/2008/page_113.pdf-3,0,1,error,
SNA/2013/page_56.pdf-2,0,1,error,
HIG/2004/page_192.pdf-2,0,1,error,
EW/2014/page_90.pdf-1,1,0,correct,
HIG/2012/page_132.pdf-1,0,1,error,
AWK/2018/page_172.pdf-4,0,1,error,
ETR/2008/page_267.pdf-1,0,1,error,
HOLX/2011/page_122.pdf-1,0,1,error,
APTV/2015/page_47.pdf-1,0,1,error,
CME/2010/page_71.pdf-1,0,1,error,
PPG/2018/page_32.pdf-2,1,0,correct,
VTR/2006/page_88.pdf-3,0,1,error,
AWK/2013/page_123.pdf-4,0,1,error,
RL/2013/page_13.pdf-1,0,1,error,
HWM/2018/page_67.pdf-1,1,0,correct,
GIS/2015/page_38.pdf-1,1,0,correct,
JPM/2014/page_127.pdf-5,0,1,error,
AON/2015/page_77.pdf-1,0,1,error,
ETR/2017/page_342.pdf-2,1,0,correct,
REGN/2010/page_72.pdf-2,0,1,error,
ETR/2004/page_258.pdf-3,1,0,correct,
UPS/2010/page_33.pdf-3,1,0,correct,
KMI/2010/page_2.pdf-1,1,0,correct,
HIG/2013/page_124.pdf-1,1,0,correct,
ETR/2008/page_314.pdf-2,1,0,correct,
AWK/2012/page_12.pdf-2,0,1,error,
HWM/2018/page_41.pdf-1,0,1,error,
BLL/2007/page_78.pdf-2,0,1,error,
PNC/2012/page_98.pdf-3,1,0,correct,
VTR/2003/page_39.pdf-3,0,1,error,
ETR/2008/page_336.pdf-1,1,0,correct,
MAS/2012/page_86.pdf-4,1,0,correct,
IPG/2018/page_26.pdf-3,1,0,correct,
JPM/2005/page_70.pdf-2,1,0,correct,
GPN/2007/page_39.pdf-4,,,unlabeled,invalid_or_missing_gold_numeric_answer
MRO/2018/page_93.pdf-1,0,1,error,
AAP/2013/page_32.pdf-1,0,1,error,
IPG/2017/page_26.pdf-3,0,1,error,
DRE/2009/page_60.pdf-2,0,1,error,
AWK/2013/page_12.pdf-1,0,1,error,
LMT/2016/page_105.pdf-3,1,0,correct,
HIG/2016/page_250.pdf-2,0,1,error,
LMT/2013/page_47.pdf-2,1,0,correct,
TFX/2017/page_48.pdf-2,1,0,correct,
CB/2010/page_113.pdf-3,,,unlabeled,invalid_original_numeric_answer
AAP/2012/page_61.pdf-2,0,1,error,
ETR/2013/page_136.pdf-3,0,1,error,
ETR/2008/page_27.pdf-2,,,unlabeled,invalid_or_missing_gold_numeric_answer
IP/2014/page_66.pdf-2,0,1,error,
AMAT/2015/page_31.pdf-3,1,0,correct,
AMT/2012/page_56.pdf-3,0,1,error,
C/2009/page_255.pdf-4,0,1,error,
UNP/2016/page_24.pdf-1,0,1,error,
AMT/2014/page_131.pdf-2,0,1,error,
IPG/2015/page_24.pdf-3,0,1,error,
ETR/2016/page_175.pdf-3,,,unlabeled,invalid_original_numeric_answer
AAPL/2017/page_23.pdf-1,1,0,correct,
UNP/2014/page_30.pdf-1,1,0,correct,
PNC/2009/page_133.pdf-2,1,0,correct,
DISH/2011/page_130.pdf-1,0,1,error,
MRO/2009/page_132.pdf-2,1,0,correct,
ETR/2008/page_212.pdf-2,0,1,error,
LMT/2002/page_33.pdf-3,1,0,correct,
GPN/2017/page_72.pdf-1,0,1,error,
RL/2018/page_9.pdf-1,0,1,error,
AWK/2017/page_172.pdf-3,0,1,error,
MRO/2013/page_54.pdf-2,,,unlabeled,invalid_original_numeric_answer
IP/2005/page_27.pdf-2,0,1,error,
ETR/2016/page_24.pdf-3,1,0,correct,
AWK/2014/page_122.pdf-2,0,1,error,
AON/2011/page_91.pdf-1,0,1,error,
ETR/2016/page_144.pdf-2,1,0,correct,
ADBE/2012/page_87.pdf-4,0,1,error,
APTV/2018/page_34.pdf-1,0,1,error,
IPG/2008/page_68.pdf-1,0,1,error,
GPN/2016/page_84.pdf-1,,,unlabeled,invalid_or_missing_gold_numeric_answer
AAP/2012/page_61.pdf-1,0,1,error,
MRO/2009/page_107.pdf-2,0,1,error,
ETR/2004/page_125.pdf-2,0,1,error,
DISCA/2011/page_35.pdf-3,1,0,correct,
ETR/2004/page_185.pdf-4,0,1,error,
BLK/2012/page_31.pdf-2,0,1,error,
STT/2008/page_73.pdf-2,1,0,correct,
AWK/2017/page_143.pdf-1,,,unlabeled,invalid_original_numeric_answer
GS/2014/page_167.pdf-3,0,1,error,
AAL/2014/page_89.pdf-4,0,1,error,
GPN/2007/page_39.pdf-2,0,1,error,
STT/2009/page_109.pdf-3,0,1,error,
IP/2015/page_51.pdf-2,0,1,error,
UNP/2009/page_38.pdf-1,1,0,correct,
C/2009/page_279.pdf-3,0,1,error,
STT/2017/page_63.pdf-2,1,0,correct,
ETR/2017/page_379.pdf-3,1,0,correct,
IP/2016/page_52.pdf-1,0,1,error,
ADBE/2012/page_87.pdf-3,1,0,correct,
IP/2012/page_56.pdf-2,0,1,error,
ETR/2008/page_313.pdf-4,0,1,error,
IP/2015/page_46.pdf-2,0,1,error,
ETR/2008/page_401.pdf-1,1,0,correct,
BLL/2010/page_33.pdf-4,0,1,error,
GPN/2009/page_69.pdf-3,0,1,error,
JKHY/2018/page_16.pdf-3,1,0,correct,
IP/2013/page_101.pdf-1,0,1,error,
PPG/2018/page_60.pdf-2,0,1,error,
ETR/2008/page_27.pdf-3,,,unlabeled,invalid_or_missing_gold_numeric_answer
AMT/2016/page_57.pdf-2,1,0,correct,
C/2008/page_193.pdf-2,0,1,error,
GS/2018/page_134.pdf-3,0,1,error,
HWM/2015/page_89.pdf-2,0,1,error,
ETR/2017/page_373.pdf-2,0,1,error,
ETR/2008/page_33.pdf-2,1,0,correct,
IP/2007/page_30.pdf-1,0,1,error,
STT/2017/page_100.pdf-1,1,0,correct,
SNPS/2009/page_59.pdf-1,0,1,error,
IPG/2017/page_40.pdf-3,,,unlabeled,invalid_original_numeric_answer
APTV/2014/page_46.pdf-2,0,1,error,
DISH/2015/page_142.pdf-1,0,1,error,
MO/2017/page_10.pdf-2,0,1,error,
HWM/2015/page_92.pdf-2,0,1,error,
GS/2012/page_186.pdf-3,1,0,correct,
UPS/2013/page_34.pdf-1,1,0,correct,
ETR/2009/page_21.pdf-3,0,1,error,
AON/2015/page_72.pdf-2,1,0,correct,
ETR/2017/page_379.pdf-1,1,0,correct,
UNP/2017/page_50.pdf-2,1,0,correct,
RCL/2005/page_40.pdf-2,0,1,error,
RE/2006/page_31.pdf-1,0,1,error,
C/2009/page_48.pdf-2,0,1,error,
BLL/2011/page_29.pdf-3,1,0,correct,
EMR/2017/page_66.pdf-1,0,1,error,
MRO/2008/page_146.pdf-4,0,1,error,
JPM/2008/page_177.pdf-3,0,1,error,
ADI/2011/page_92.pdf-2,0,1,error,
GIS/2017/page_46.pdf-1,1,0,correct,
UPS/2007/page_103.pdf-1,1,0,correct,
CME/2010/page_109.pdf-4,,,unlabeled,invalid_or_missing_gold_numeric_answer
ETR/2016/page_343.pdf-1,1,0,correct,
AMT/2012/page_56.pdf-2,0,1,error,
UPS/2013/page_56.pdf-2,0,1,error,
DISCA/2011/page_35.pdf-1,0,1,error,
ETR/2008/page_337.pdf-4,0,1,error,
UPS/2015/page_108.pdf-4,1,0,correct,
AAPL/2011/page_38.pdf-1,0,1,error,
ADBE/2012/page_113.pdf-1,1,0,correct,
BDX/2009/page_81.pdf-2,0,1,error,
SLB/2006/page_82.pdf-1,0,1,error,
BLL/2010/page_58.pdf-2,0,1,error,
ABC/2005/page_40.pdf-1,1,0,correct,
AAPL/2014/page_78.pdf-3,0,1,error,
UNP/2012/page_47.pdf-1,0,1,error,
ECL/2017/page_96.pdf-2,,,unlabeled,invalid_original_numeric_answer
ETR/2008/page_154.pdf-2,1,0,correct,
MAR/2010/page_55.pdf-1,0,1,error,
IP/2013/page_62.pdf-2,0,1,error,
IPG/2018/page_100.pdf-1,0,1,error,
MA/2008/page_125.pdf-1,1,0,correct,
BLK/2012/page_31.pdf-1,0,1,error,
AAPL/2002/page_63.pdf-1,1,0,correct,
AAPL/2015/page_24.pdf-2,1,0,correct,
REGN/2010/page_72.pdf-1,0,1,error,
ETR/2017/page_175.pdf-2,0,1,error,
EOG/2017/page_93.pdf-1,0,1,error,
AWK/2018/page_150.pdf-1,0,1,error,
MA/2009/page_120.pdf-2,0,1,error,
JPM/2003/page_24.pdf-2,0,1,error,
ETFC/2012/page_85.pdf-3,0,1,error,
VTR/2007/page_48.pdf-3,1,0,correct,
ECL/2015/page_70.pdf-3,1,0,correct,
ORLY/2017/page_30.pdf-3,0,1,error,
MO/2016/page_76.pdf-1,1,0,correct,
ETR/2016/page_144.pdf-4,1,0,correct,
K/2012/page_80.pdf-2,1,0,correct,
GPN/2015/page_83.pdf-3,1,0,correct,
IPG/2018/page_100.pdf-2,,,unlabeled,invalid_original_numeric_answer
PNC/2011/page_209.pdf-5,1,0,correct,
ETR/2016/page_505.pdf-1,,,unlabeled,invalid_original_numeric_answer
ADBE/2013/page_84.pdf-1,0,1,error,
ETR/2017/page_25.pdf-3,1,0,correct,
CDNS/2012/page_58.pdf-2,0,1,error,
UAA/2016/page_81.pdf-2,0,1,error,
DG/2009/page_87.pdf-2,0,1,error,
CDNS/2016/page_32.pdf-2,1,0,correct,
MRO/2008/page_42.pdf-1,0,1,error,
GS/2012/page_64.pdf-2,0,1,error,
AAL/2014/page_80.pdf-2,0,1,error,
AAPL/2015/page_56.pdf-2,1,0,correct,
GS/2018/page_175.pdf-4,0,1,error,
JPM/2015/page_83.pdf-2,0,1,error,
RL/2015/page_11.pdf-2,0,1,error,
GPN/2010/page_92.pdf-3,0,1,error,
JPM/2016/page_141.pdf-3,1,0,correct,
STT/2011/page_85.pdf-1,0,1,error,
CB/2008/page_144.pdf-1,0,1,error,
BLL/2007/page_75.pdf-4,0,1,error,
DRE/2002/page_13.pdf-1,0,1,error,
BKNG/2017/page_35.pdf-4,0,1,error,
JPM/2015/page_132.pdf-2,0,1,error,
AAL/2015/page_83.pdf-3,0,1,error,
UNP/2014/page_16.pdf-2,0,1,error,
DVN/2013/page_78.pdf-3,1,0,correct,
EW/2014/page_90.pdf-2,1,0,correct,
MA/2009/page_115.pdf-3,1,0,correct,
JPM/2008/page_112.pdf-1,0,1,error,
MRO/2008/page_130.pdf-1,0,1,error,
DISH/2008/page_120.pdf-1,0,1,error,
AAP/2016/page_26.pdf-1,0,1,error,
SLG/2010/page_50.pdf-3,0,1,error,
RL/2011/page_14.pdf-2,0,1,error,
ILMN/2008/page_77.pdf-2,0,1,error,
AMT/2006/page_107.pdf-2,0,1,error,
MAS/2012/page_92.pdf-2,0,1,error,
RL/2008/page_21.pdf-2,0,1,error,
GS/2018/page_108.pdf-3,1,0,correct,
UNP/2011/page_25.pdf-1,0,1,error,
EMN/2006/page_108.pdf-2,0,1,error,
UPS/2017/page_111.pdf-3,1,0,correct,
ETR/2009/page_141.pdf-3,1,0,correct,
MRO/2012/page_41.pdf-1,0,1,error,
ETR/2016/page_18.pdf-1,0,1,error,
UPS/2012/page_51.pdf-1,1,0,correct,
HUM/2018/page_46.pdf-4,1,0,correct,
ORLY/2015/page_28.pdf-3,1,0,correct,
APTV/2018/page_34.pdf-2,0,1,error,
ZBH/2009/page_71.pdf-1,0,1,error,
ETFC/2015/page_27.pdf-1,1,0,correct,
LMT/2005/page_76.pdf-3,1,0,correct,
ETR/2008/page_314.pdf-3,,,unlabeled,invalid_original_numeric_answer
TROW/2008/page_23.pdf-2,0,1,error,
MMM/2013/page_26.pdf-2,1,0,correct,
ETR/2016/page_17.pdf-1,1,0,correct,
AAPL/2002/page_63.pdf-4,0,1,error,
LKQ/2009/page_66.pdf-1,1,0,correct,
JPM/2009/page_183.pdf-2,0,1,error,
ETR/2016/page_505.pdf-3,0,1,error,
JPM/2016/page_73.pdf-2,0,1,error,
ADI/2012/page_65.pdf-2,0,1,error,
AMT/2008/page_88.pdf-1,,,unlabeled,invalid_original_numeric_answer
GPN/2017/page_72.pdf-3,0,1,error,
IP/2005/page_28.pdf-1,0,1,error,
GPN/2008/page_39.pdf-2,0,1,error,
INTC/2013/page_71.pdf-1,0,1,error,
C/2008/page_217.pdf-1,0,1,error,
UNP/2012/page_24.pdf-1,1,0,correct,
ADBE/2013/page_68.pdf-1,1,0,correct,
IP/2005/page_29.pdf-2,0,1,error,
AAPL/2013/page_78.pdf-3,1,0,correct,
IP/2012/page_56.pdf-1,0,1,error,
ORLY/2017/page_30.pdf-4,1,0,correct,
ETR/2017/page_414.pdf-2,0,1,error,
GIS/2019/page_53.pdf-1,1,0,correct,
FIS/2012/page_11.pdf-1,0,1,error,
RCL/2016/page_37.pdf-2,1,0,correct,
GS/2016/page_81.pdf-2,0,1,error,
EW/2016/page_72.pdf-1,0,1,error,
GS/2013/page_184.pdf-4,0,1,error,
ADBE/2018/page_71.pdf-1,,,unlabeled,invalid_original_numeric_answer
AES/2011/page_216.pdf-1,1,0,correct,
ETFC/2007/page_116.pdf-4,0,1,error,
RE/2017/page_145.pdf-2,0,1,error,
AAP/2006/page_85.pdf-1,0,1,error,
DISCA/2008/page_141.pdf-4,1,0,correct,
STT/2008/page_139.pdf-2,0,1,error,
TMUS/2016/page_32.pdf-4,1,0,correct,
GIS/2008/page_83.pdf-3,,,unlabeled,invalid_or_missing_gold_numeric_answer
DVN/2007/page_78.pdf-2,1,0,correct,
STT/2006/page_92.pdf-2,1,0,correct,
CE/2009/page_121.pdf-1,1,0,correct,
UPS/2017/page_31.pdf-3,1,0,correct,
C/2009/page_38.pdf-4,1,0,correct,
DISH/2014/page_142.pdf-1,0,1,error,
ETR/2013/page_15.pdf-2,0,1,error,
ECL/2015/page_70.pdf-1,1,0,correct,
UPS/2007/page_32.pdf-4,1,0,correct,
RE/2010/page_138.pdf-5,0,1,error,
HII/2018/page_64.pdf-3,0,1,error,
AWK/2017/page_136.pdf-4,0,1,error,
UNP/2012/page_39.pdf-2,1,0,correct,
UNP/2011/page_25.pdf-2,0,1,error,
ETR/2008/page_187.pdf-1,0,1,error,
LMT/2016/page_117.pdf-1,0,1,error,
AAPL/2011/page_38.pdf-2,0,1,error,
AWK/2014/page_45.pdf-1,0,1,error,
SNA/2007/page_80.pdf-1,0,1,error,
ETR/2004/page_335.pdf-4,1,0,correct,
CMCSA/2004/page_30.pdf-2,0,1,error,
JPM/2014/page_128.pdf-3,1,0,correct,
IPG/2018/page_104.pdf-1,0,1,error,
VLO/2013/page_24.pdf-1,0,1,error,
HOLX/2005/page_61.pdf-2,0,1,error,
IPG/2009/page_67.pdf-3,0,1,error,
DISH/2002/page_94.pdf-2,0,1,error,
HOLX/2007/page_154.pdf-1,0,1,error,
BLK/2012/page_82.pdf-2,1,0,correct,
AWK/2017/page_172.pdf-4,0,1,error,
UPS/2010/page_33.pdf-1,1,0,correct,
ETFC/2014/page_22.pdf-1,0,1,error,
ALXN/2007/page_96.pdf-2,0,1,error,
TFX/2018/page_47.pdf-2,0,1,error,
MAS/2017/page_37.pdf-3,0,1,error,
GS/2012/page_129.pdf-2,0,1,error,
MAS/2012/page_92.pdf-1,1,0,correct,
UNP/2010/page_55.pdf-1,1,0,correct,
IP/2013/page_70.pdf-1,0,1,error,
AWK/2015/page_110.pdf-1,0,1,error,
CME/2010/page_109.pdf-1,1,0,correct,
GPN/2017/page_30.pdf-2,0,1,error,
AES/2001/page_45.pdf-2,1,0,correct,
C/2009/page_279.pdf-1,1,0,correct,
IP/2012/page_64.pdf-2,0,1,error,
ETR/2017/page_401.pdf-1,1,0,correct,
CB/2010/page_114.pdf-3,0,1,error,
CE/2010/page_134.pdf-2,0,1,error,
IPG/2018/page_78.pdf-3,1,0,correct,
ETR/2013/page_93.pdf-2,0,1,error,
FIS/2007/page_52.pdf-2,0,1,error,
ETR/2009/page_21.pdf-1,1,0,correct,
HWM/2015/page_80.pdf-2,0,1,error,
MA/2009/page_112.pdf-3,0,1,error,
PNC/2014/page_94.pdf-2,0,1,error,
ETR/2016/page_444.pdf-2,1,0,correct,
PNC/2013/page_66.pdf-1,1,0,correct,
HOLX/2011/page_127.pdf-1,0,1,error,
GS/2012/page_129.pdf-1,0,1,error,
RL/2015/page_11.pdf-1,0,1,error,
AWK/2017/page_136.pdf-1,,,unlabeled,invalid_or_missing_gold_numeric_answer
UNP/2013/page_35.pdf-1,0,1,error,
ETR/2004/page_125.pdf-1,0,1,error,
UNP/2009/page_83.pdf-1,0,1,error,
LMT/2010/page_39.pdf-2,1,0,correct,
ETR/2008/page_267.pdf-2,0,1,error,
IP/2012/page_98.pdf-1,1,0,correct,
HOLX/2008/page_140.pdf-1,1,0,correct,
UNP/2012/page_24.pdf-2,1,0,correct,
AAPL/2002/page_26.pdf-2,1,0,correct,
CB/2008/page_83.pdf-1,1,0,correct,
CDNS/2012/page_58.pdf-1,0,1,error,
IPG/2016/page_37.pdf-1,1,0,correct,
AMT/2012/page_56.pdf-1,0,1,error,
AON/2009/page_70.pdf-2,,,unlabeled,invalid_original_numeric_answer
RSG/2014/page_22.pdf-2,0,1,error,
HIG/2004/page_81.pdf-2,,,unlabeled,invalid_original_numeric_answer
AMT/2012/page_104.pdf-2,0,1,error,
AWK/2015/page_112.pdf-4,0,1,error,
HUM/2010/page_101.pdf-2,1,0,correct,
HIG/2011/page_195.pdf-1,0,1,error,
FIS/2012/page_11.pdf-4,,,unlabeled,invalid_original_numeric_answer
UPS/2012/page_51.pdf-2,0,1,error,
APTV/2018/page_36.pdf-1,1,0,correct,
C/2009/page_255.pdf-3,0,1,error,
HIG/2004/page_125.pdf-4,1,0,correct,
APD/2018/page_54.pdf-2,0,1,error,
GPN/2015/page_83.pdf-1,1,0,correct,
RSG/2015/page_137.pdf-1,0,1,error,
HUM/2007/page_18.pdf-3,1,0,correct,
DISCA/2013/page_45.pdf-2,1,0,correct,
AON/2011/page_38.pdf-1,1,0,correct,
ABC/2005/page_40.pdf-2,1,0,correct,
PNC/2011/page_209.pdf-4,1,0,correct,
UNP/2014/page_14.pdf-2,1,0,correct,
JKHY/2016/page_25.pdf-3,1,0,correct,
PNC/2013/page_97.pdf-1,0,1,error,
RL/2013/page_13.pdf-2,0,1,error,
ETR/2016/page_403.pdf-4,0,1,error,
MMM/2013/page_48.pdf-1,0,1,error,
GPN/2016/page_83.pdf-2,,,unlabeled,invalid_or_missing_gold_numeric_answer
GPN/2007/page_18.pdf-2,0,1,error,
AWK/2014/page_45.pdf-3,0,1,error,
SLG/2009/page_84.pdf-1,0,1,error,
CE/2009/page_121.pdf-2,0,1,error,
MAS/2010/page_29.pdf-3,1,0,correct,
ETR/2008/page_266.pdf-4,0,1,error,
ETR/2008/page_362.pdf-1,0,1,error,
ALXN/2007/page_49.pdf-2,0,1,error,
ETR/2004/page_185.pdf-2,1,0,correct,
GPN/2008/page_39.pdf-1,,,unlabeled,invalid_or_missing_gold_numeric_answer
JPM/2003/page_28.pdf-4,1,0,correct,
MRO/2009/page_132.pdf-1,1,0,correct,
UNP/2011/page_78.pdf-1,0,1,error,
ETR/2017/page_342.pdf-3,0,1,error,
ETR/2008/page_337.pdf-1,0,1,error,
JPM/2009/page_206.pdf-5,0,1,error,
IP/2005/page_32.pdf-1,0,1,error,
AMT/2005/page_84.pdf-3,0,1,error,
UNP/2011/page_35.pdf-1,1,0,correct,
AMT/2016/page_57.pdf-1,1,0,correct,
ETR/2008/page_266.pdf-1,0,1,error,
AWK/2015/page_115.pdf-3,,,unlabeled,invalid_original_numeric_answer
C/2009/page_38.pdf-3,1,0,correct,
LMT/2015/page_86.pdf-3,1,0,correct,
C/2009/page_255.pdf-1,0,1,error,
MRO/2012/page_39.pdf-2,1,0,correct,
BKNG/2017/page_35.pdf-1,1,0,correct,
SPGI/2017/page_73.pdf-2,0,1,error,
STT/2017/page_63.pdf-1,1,0,correct,
GS/2013/page_97.pdf-2,0,1,error,
HWM/2015/page_94.pdf-2,0,1,error,
HUM/2007/page_18.pdf-4,0,1,error,
PNC/2011/page_209.pdf-2,0,1,error,
AES/2011/page_260.pdf-2,0,1,error,
AES/2010/page_225.pdf-2,0,1,error,
TROW/2013/page_25.pdf-4,0,1,error,
CME/2010/page_109.pdf-3,0,1,error,
IP/2007/page_30.pdf-2,0,1,error,
SNPS/2006/page_67.pdf-1,0,1,error,
KMI/2010/page_164.pdf-4,,,unlabeled,invalid_or_missing_gold_numeric_answer
AWK/2018/page_162.pdf-4,0,1,error,
GPN/2017/page_76.pdf-1,0,1,error,
ALLE/2017/page_44.pdf-1,0,1,error,
FIS/2007/page_52.pdf-1,0,1,error,
MRO/2009/page_32.pdf-1,1,0,correct,
FIS/2007/page_52.pdf-4,0,1,error,
IP/2018/page_50.pdf-1,0,1,error,
RL/2009/page_20.pdf-2,0,1,error,
AAPL/2013/page_27.pdf-1,1,0,correct,
UPS/2010/page_33.pdf-2,0,1,error,
AAPL/2013/page_72.pdf-2,1,0,correct,
JPM/2008/page_194.pdf-3,1,0,correct,
ETR/2016/page_24.pdf-2,0,1,error,
IPG/2015/page_24.pdf-2,1,0,correct,
BLL/2006/page_45.pdf-3,1,0,correct,
MO/2014/page_11.pdf-2,0,1,error,
RL/2011/page_14.pdf-1,0,1,error,
ORLY/2009/page_77.pdf-1,0,1,error,
ETR/2013/page_136.pdf-4,0,1,error,
DVN/2014/page_112.pdf-3,1,0,correct,
IP/2014/page_71.pdf-2,0,1,error,
AAPL/2015/page_56.pdf-3,0,1,error,
GPN/2015/page_80.pdf-3,1,0,correct,
AAPL/2015/page_24.pdf-1,1,0,correct,
APTV/2014/page_46.pdf-1,0,1,error,
WELL/2016/page_61.pdf-3,0,1,error,
HOLX/2006/page_103.pdf-1,0,1,error,
ETR/2013/page_15.pdf-1,0,1,error,
ANSS/2016/page_85.pdf-1,1,0,correct,
HOLX/2006/page_102.pdf-2,0,1,error,
K/2012/page_80.pdf-1,1,0,correct,
EXPD/2017/page_30.pdf-2,1,0,correct,
DRE/2002/page_30.pdf-2,0,1,error,
RSG/2015/page_75.pdf-2,0,1,error,
GPN/2016/page_84.pdf-2,0,1,error,
PKG/2001/page_86.pdf-2,0,1,error,
LLY/2018/page_99.pdf-1,0,1,error,
ETR/2016/page_315.pdf-4,0,1,error,
GPN/2016/page_69.pdf-1,0,1,error,
RE/2006/page_31.pdf-2,0,1,error,
HWM/2018/page_69.pdf-2,0,1,error,
JPM/2003/page_24.pdf-1,0,1,error,
TSCO/2017/page_68.pdf-1,0,1,error,
V/2009/page_89.pdf-1,0,1,error,
UNP/2014/page_24.pdf-1,0,1,error,
UPS/2017/page_31.pdf-1,1,0,correct,
AAPL/2014/page_26.pdf-3,1,0,correct,
GPN/2008/page_99.pdf-4,1,0,correct,
HOLX/2005/page_27.pdf-2,0,1,error,
MAS/2013/page_27.pdf-4,1,0,correct,
CDNS/2007/page_93.pdf-3,0,1,error,
ETR/2004/page_158.pdf-1,0,1,error,
UNP/2013/page_30.pdf-1,1,0,correct,
ALXN/2007/page_49.pdf-1,0,1,error,
HUM/2018/page_46.pdf-1,1,0,correct,
IPG/2015/page_38.pdf-2,1,0,correct,
UNP/2013/page_25.pdf-1,0,1,error,
ETFC/2007/page_22.pdf-2,0,1,error,
EW/2014/page_68.pdf-2,1,0,correct,
MRO/2008/page_119.pdf-2,0,1,error,
C/2009/page_248.pdf-2,0,1,error,
AAL/2015/page_187.pdf-1,0,1,error,
GS/2012/page_177.pdf-3,0,1,error,
KMI/2014/page_18.pdf-2,,,unlabeled,invalid_or_missing_gold_numeric_answer
AAPL/2015/page_68.pdf-1,0,1,error,
ETFC/2012/page_85.pdf-1,0,1,error,
HIG/2012/page_132.pdf-3,0,1,error,
HUM/2018/page_129.pdf-2,0,1,error,
CB/2008/page_83.pdf-2,0,1,error,
C/2016/page_207.pdf-3,0,1,error,
UNP/2008/page_35.pdf-1,1,0,correct,
AES/2010/page_225.pdf-1,0,1,error,
UNP/2008/page_59.pdf-1,0,1,error,
LMT/2010/page_24.pdf-3,0,1,error,
GIS/2018/page_59.pdf-2,1,0,correct,
ETR/2008/page_212.pdf-3,0,1,error,
ORLY/2018/page_30.pdf-4,1,0,correct,
LMT/2015/page_106.pdf-1,0,1,error,
LMT/2002/page_33.pdf-1,,,unlabeled,invalid_original_numeric_answer
DVN/2013/page_101.pdf-1,1,0,correct,
ADBE/2013/page_84.pdf-3,0,1,error,
C/2016/page_120.pdf-4,1,0,correct,
LLY/2018/page_75.pdf-3,0,1,error,
RSG/2010/page_157.pdf-1,0,1,error,
DVN/2013/page_78.pdf-1,0,1,error,
UPS/2007/page_32.pdf-3,1,0,correct,
V/2013/page_116.pdf-3,0,1,error,
MMM/2007/page_90.pdf-1,0,1,error,
AON/2013/page_54.pdf-4,0,1,error,
LLY/2008/page_45.pdf-4,0,1,error,
AAPL/2013/page_78.pdf-1,1,0,correct,
ETR/2008/page_154.pdf-1,0,1,error,
ETR/2004/page_185.pdf-3,0,1,error,
JPM/2009/page_132.pdf-3,0,1,error,
MRO/2008/page_70.pdf-4,1,0,correct,
ETR/2016/page_343.pdf-3,1,0,correct,
UPS/2017/page_111.pdf-4,0,1,error,
STT/2009/page_122.pdf-4,0,1,error,
AAL/2015/page_51.pdf-2,0,1,error,
AES/2001/page_77.pdf-1,1,0,correct,
EXPD/2017/page_30.pdf-1,1,0,correct,
ETR/2017/page_19.pdf-3,1,0,correct,
HIG/2004/page_67.pdf-2,1,0,correct,
NTAP/2014/page_33.pdf-1,0,1,error,
JPM/2016/page_140.pdf-4,1,0,correct,
HOLX/2008/page_145.pdf-1,1,0,correct,
DG/2009/page_87.pdf-1,0,1,error,
UPS/2007/page_32.pdf-2,1,0,correct,
JKHY/2018/page_16.pdf-1,0,1,error,
ADBE/2014/page_70.pdf-4,0,1,error,
INTC/2018/page_105.pdf-2,0,1,error,
ETR/2008/page_153.pdf-3,1,0,correct,
PNC/2012/page_98.pdf-1,0,1,error,
DISCA/2013/page_60.pdf-3,0,1,error,
IP/2013/page_101.pdf-2,0,1,error,
IP/2005/page_29.pdf-1,0,1,error,
VTR/2007/page_97.pdf-2,0,1,error,
VTR/2006/page_48.pdf-4,0,1,error,
CDNS/2016/page_76.pdf-2,0,1,error,
GS/2017/page_176.pdf-3,0,1,error,
ETR/2017/page_401.pdf-3,1,0,correct,
V/2008/page_165.pdf-1,0,1,error,
IPG/2016/page_86.pdf-1,0,1,error,
GPN/2017/page_72.pdf-2,0,1,error,
IP/2013/page_70.pdf-2,0,1,error,
PNC/2007/page_83.pdf-2,,,unlabeled,invalid_original_numeric_answer
IPG/2006/page_41.pdf-2,1,0,correct,
UPS/2015/page_35.pdf-1,1,0,correct,
MRO/2009/page_35.pdf-4,,,unlabeled,invalid_original_numeric_answer
CDNS/2007/page_30.pdf-4,1,0,correct,
STT/2017/page_100.pdf-4,1,0,correct,
HWM/2015/page_73.pdf-1,0,1,error,
DISCA/2011/page_35.pdf-2,0,1,error,
AWK/2012/page_12.pdf-1,0,1,error,
MAS/2012/page_86.pdf-3,1,0,correct,
AWK/2018/page_131.pdf-1,0,1,error,
ADBE/2018/page_66.pdf-3,1,0,correct,
MRO/2008/page_119.pdf-1,1,0,correct,
LLY/2008/page_39.pdf-2,0,1,error,
MRO/2004/page_57.pdf-4,0,1,error,
ETR/2004/page_261.pdf-4,0,1,error,
UPS/2010/page_33.pdf-4,1,0,correct,
ETR/2004/page_86.pdf-2,1,0,correct,
C/2008/page_26.pdf-1,0,1,error,
WRK/2019/page_31.pdf-2,0,1,error,
RSG/2013/page_69.pdf-2,0,1,error,
MRO/2009/page_32.pdf-2,0,1,error,
SLG/2013/page_133.pdf-3,1,0,correct,
AMAT/2015/page_31.pdf-2,,,unlabeled,invalid_or_missing_gold_numeric_answer
HFC/2011/page_85.pdf-1,1,0,correct,
C/2009/page_42.pdf-1,0,1,error,
PPG/2005/page_20.pdf-1,1,0,correct,
ETR/2009/page_107.pdf-3,0,1,error,
AAPL/2015/page_68.pdf-2,0,1,error,
BLK/2009/page_98.pdf-1,0,1,error,
ETR/2008/page_343.pdf-1,1,0,correct,
ETR/2004/page_159.pdf-3,0,1,error,
MMM/2007/page_58.pdf-1,0,1,error,
AON/2009/page_70.pdf-1,1,0,correct,
GIS/2019/page_53.pdf-2,1,0,correct,
AWK/2013/page_12.pdf-2,0,1,error,
BLK/2017/page_87.pdf-2,0,1,error,
GS/2016/page_81.pdf-1,0,1,error,
ETR/2008/page_343.pdf-2,0,1,error,
ETFC/2007/page_116.pdf-3,0,1,error,
AMAT/2016/page_30.pdf-1,,,unlabeled,invalid_or_missing_gold_numeric_answer
BLL/2011/page_29.pdf-2,0,1,error,
C/2008/page_105.pdf-3,1,0,correct,
GPN/2009/page_69.pdf-1,1,0,correct,
ADI/2010/page_50.pdf-1,0,1,error,
JPM/2008/page_41.pdf-2,0,1,error,
MAS/2013/page_27.pdf-1,1,0,correct,
HIG/2013/page_212.pdf-2,0,1,error,
PNC/2011/page_74.pdf-3,0,1,error,
UNP/2010/page_79.pdf-2,0,1,error,
HUM/2005/page_18.pdf-3,1,0,correct,
AMT/2012/page_121.pdf-2,,,unlabeled,invalid_original_numeric_answer
ADBE/2014/page_87.pdf-1,0,1,error,
UA/2015/page_77.pdf-1,0,1,error,
RSG/2015/page_75.pdf-1,0,1,error,
AMAT/2015/page_14.pdf-1,0,1,error,
IPG/2016/page_46.pdf-2,1,0,correct,
VNO/2008/page_183.pdf-2,1,0,correct,
AES/2011/page_230.pdf-2,0,1,error,
LMT/2015/page_106.pdf-2,1,0,correct,
ILMN/2007/page_84.pdf-1,1,0,correct,
SLG/2002/page_56.pdf-1,0,1,error,
ETR/2004/page_186.pdf-2,1,0,correct,
IP/2013/page_61.pdf-2,0,1,error,
ETR/2008/page_313.pdf-1,1,0,correct,
AMAT/2015/page_31.pdf-4,,,unlabeled,invalid_original_numeric_answer
C/2008/page_207.pdf-3,1,0,correct,
MRO/2009/page_138.pdf-2,1,0,correct,
GPN/2015/page_83.pdf-4,,,unlabeled,invalid_or_missing_gold_numeric_answer
AES/2011/page_131.pdf-4,1,0,correct,
AES/2017/page_168.pdf-4,1,0,correct,
AWK/2017/page_154.pdf-3,,,unlabeled,invalid_or_missing_gold_numeric_answer
AAL/2014/page_80.pdf-3,0,1,error,
PNC/2007/page_107.pdf-2,1,0,correct,
HWM/2017/page_77.pdf-2,1,0,correct,
RCL/2005/page_40.pdf-3,0,1,error,
TFX/2015/page_42.pdf-2,1,0,correct,
MMM/2005/page_53.pdf-1,0,1,error,
OKE/2007/page_51.pdf-2,0,1,error,
AWK/2015/page_127.pdf-3,0,1,error,
ETR/2008/page_435.pdf-2,1,0,correct,
GPN/2008/page_95.pdf-2,1,0,correct,
RL/2009/page_22.pdf-2,0,1,error,
DRE/2010/page_59.pdf-1,0,1,error,
IP/2014/page_65.pdf-1,0,1,error,
CB/2008/page_217.pdf-1,0,1,error,
ETR/2004/page_159.pdf-1,0,1,error,
UNP/2008/page_34.pdf-2,0,1,error,
ETR/2008/page_266.pdf-2,1,0,correct,
MRO/2013/page_40.pdf-1,1,0,correct,
DVN/2012/page_100.pdf-2,1,0,correct,
GS/2016/page_161.pdf-2,0,1,error,
ZBH/2009/page_71.pdf-2,0,1,error,
ALLE/2017/page_44.pdf-2,0,1,error,
UNP/2013/page_73.pdf-2,0,1,error,
CME/2010/page_45.pdf-4,1,0,correct,
GS/2014/page_134.pdf-4,0,1,error,
RCL/2017/page_38.pdf-3,1,0,correct,
ADI/2019/page_77.pdf-1,0,1,error,
IPG/2015/page_24.pdf-1,0,1,error,
AMAT/2015/page_14.pdf-2,0,1,error,
ETR/2017/page_477.pdf-2,1,0,correct,
UNP/2014/page_80.pdf-1,0,1,error,
AAL/2015/page_131.pdf-4,1,0,correct,
AAL/2015/page_51.pdf-1,0,1,error,
BLL/2006/page_45.pdf-4,0,1,error,
ZBH/2018/page_61.pdf-2,0,1,error,
AES/2001/page_42.pdf-3,1,0,correct,
AAPL/2014/page_67.pdf-2,1,0,correct,
BKNG/2015/page_38.pdf-4,1,0,correct,
PKG/2009/page_63.pdf-3,0,1,error,
PKG/2004/page_23.pdf-3,0,1,error,
BLL/2006/page_45.pdf-2,0,1,error,
INTC/2013/page_71.pdf-3,0,1,error,
ORLY/2017/page_30.pdf-2,,,unlabeled,invalid_or_missing_gold_numeric_answer
ETR/2017/page_343.pdf-1,0,1,error,
GPN/2016/page_29.pdf-2,1,0,correct,
GPN/2017/page_30.pdf-3,,,unlabeled,invalid_or_missing_gold_numeric_answer
MRO/2013/page_49.pdf-3,1,0,correct,
RSG/2018/page_13.pdf-2,1,0,correct,
ETR/2008/page_33.pdf-1,0,1,error,
LMT/2015/page_55.pdf-1,1,0,correct,
ETR/2016/page_315.pdf-1,0,1,error,
KMI/2010/page_164.pdf-3,0,1,error,
MRO/2009/page_35.pdf-2,1,0,correct,
DRE/2007/page_39.pdf-4,0,1,error,
IPG/2017/page_49.pdf-4,1,0,correct,
IPG/2014/page_23.pdf-1,0,1,error,
SWKS/2011/page_112.pdf-1,1,0,correct,
RE/2010/page_120.pdf-2,0,1,error,
ETR/2008/page_376.pdf-3,0,1,error,
ETR/2004/page_160.pdf-4,1,0,correct,
HOLX/2011/page_127.pdf-2,1,0,correct,
VNO/2005/page_69.pdf-2,0,1,error,
RL/2009/page_22.pdf-1,0,1,error,
MA/2009/page_115.pdf-4,0,1,error,
SNA/2013/page_93.pdf-4,1,0,correct,
HUM/2018/page_129.pdf-1,0,1,error,
ETR/2015/page_18.pdf-1,1,0,correct,
LMT/2010/page_36.pdf-2,0,1,error,
GPN/2009/page_68.pdf-1,1,0,correct,
NKE/2015/page_37.pdf-1,0,1,error,
ETFC/2007/page_22.pdf-1,1,0,correct,
AWK/2014/page_122.pdf-1,0,1,error,
UNP/2008/page_71.pdf-3,0,1,error,
EMN/2007/page_111.pdf-2,1,0,correct,
MO/2017/page_79.pdf-1,1,0,correct,
UNP/2009/page_26.pdf-2,1,0,correct,
APTV/2015/page_47.pdf-3,0,1,error,
UNP/2015/page_76.pdf-2,0,1,error,
VLO/2012/page_27.pdf-2,1,0,correct,
BLK/2008/page_75.pdf-3,0,1,error,
BLK/2013/page_29.pdf-3,0,1,error,
ANSS/2016/page_85.pdf-2,1,0,correct,
IP/2015/page_44.pdf-3,0,1,error,
UNP/2013/page_29.pdf-2,0,1,error,
MO/2014/page_76.pdf-1,1,0,correct,
UNP/2013/page_29.pdf-3,0,1,error,
IP/2007/page_38.pdf-3,1,0,correct,
UNP/2011/page_56.pdf-3,0,1,error,
BLK/2016/page_35.pdf-3,0,1,error,
APTV/2018/page_36.pdf-3,0,1,error,
UNP/2015/page_76.pdf-3,1,0,correct,
AAP/2013/page_32.pdf-3,,,unlabeled,invalid_or_missing_gold_numeric_answer
SNPS/2006/page_68.pdf-3,0,1,error,
UNP/2015/page_80.pdf-3,0,1,error,
CAT/2017/page_113.pdf-3,0,1,error,
UNP/2011/page_35.pdf-3,1,0,correct,
UNP/2015/page_31.pdf-2,1,0,correct,
IP/2013/page_70.pdf-3,0,1,error,
UNP/2010/page_79.pdf-3,0,1,error,
APTV/2015/page_50.pdf-3,0,1,error,
BKR/2018/page_59.pdf-3,1,0,correct,
UNP/2008/page_71.pdf-4,0,1,error,
UNP/2010/page_33.pdf-2,0,1,error,
PPG/2018/page_60.pdf-3,0,1,error,
APTV/2014/page_46.pdf-3,1,0,correct,
IP/2013/page_65.pdf-2,1,0,correct,
IP/2007/page_34.pdf-1,1,0,correct,
UNP/2008/page_81.pdf-2,0,1,error,
BLK/2012/page_31.pdf-3,0,1,error,
PPG/2005/page_20.pdf-3,0,1,error,
BKR/2018/page_52.pdf-1,1,0,correct,
IP/2012/page_98.pdf-2,,,unlabeled,invalid_or_missing_gold_numeric_answer
APTV/2018/page_34.pdf-3,1,0,correct,
UNP/2013/page_35.pdf-2,0,1,error,
IP/2007/page_30.pdf-3,0,1,error,
BLK/2012/page_32.pdf-3,0,1,error,
IP/2005/page_29.pdf-3,0,1,error,
CMCSA/2015/page_70.pdf-1,0,1,error,
UNP/2012/page_47.pdf-2,1,0,correct,
IP/2013/page_64.pdf-3,,,unlabeled,invalid_original_numeric_answer
UNP/2017/page_23.pdf-3,0,1,error,
MO/2017/page_10.pdf-3,0,1,error,
UNP/2010/page_24.pdf-3,1,0,correct,
UNP/2008/page_32.pdf-2,0,1,error,
UNP/2014/page_30.pdf-3,0,1,error,
PPG/2018/page_20.pdf-2,1,0,correct,
UNP/2015/page_80.pdf-4,0,1,error,
UNP/2008/page_81.pdf-3,0,1,error,
MO/2014/page_11.pdf-3,0,1,error,
UNP/2008/page_59.pdf-3,0,1,error,
UNP/2011/page_78.pdf-3,0,1,error,
UNP/2009/page_26.pdf-3,1,0,correct,
EXPD/2017/page_30.pdf-3,1,0,correct,
IP/2005/page_28.pdf-3,0,1,error,
MO/2016/page_76.pdf-2,1,0,correct,
UNP/2014/page_16.pdf-3,0,1,error,
IP/2015/page_46.pdf-3,0,1,error,
SNPS/2006/page_73.pdf-2,1,0,correct,
BKR/2017/page_49.pdf-2,1,0,correct,
UNP/2009/page_89.pdf-3,0,1,error,
UNP/2014/page_14.pdf-3,0,1,error,
IP/2012/page_55.pdf-4,0,1,error,
IP/2014/page_101.pdf-3,0,1,error,
UNP/2009/page_38.pdf-3,0,1,error,
AAP/2011/page_16.pdf-3,0,1,error,
IP/2013/page_61.pdf-3,1,0,correct,
IP/2012/page_57.pdf-4,0,1,error,
UNP/2012/page_55.pdf-3,0,1,error,
ADI/2012/page_65.pdf-3,,,unlabeled,invalid_original_numeric_answer
SNPS/2006/page_73.pdf-1,1,0,correct,
VLO/2013/page_24.pdf-2,1,0,correct,
UNP/2008/page_32.pdf-1,1,0,correct,
TFX/2014/page_44.pdf-3,0,1,error,
UNP/2011/page_25.pdf-3,0,1,error,
BLK/2012/page_31.pdf-4,0,1,error,
IP/2014/page_66.pdf-3,,,unlabeled,invalid_or_missing_gold_numeric_answer
ABMD/2015/page_93.pdf-3,0,1,error,
IP/2013/page_105.pdf-1,0,1,error,
BLK/2012/page_82.pdf-3,1,0,correct,
UNP/2012/page_23.pdf-3,1,0,correct,
UNP/2009/page_25.pdf-3,0,1,error,
UNP/2017/page_74.pdf-3,0,1,error,
ABMD/2011/page_33.pdf-3,0,1,error,
UNP/2007/page_79.pdf-2,0,1,error,
IP/2018/page_50.pdf-3,0,1,error,
BDX/2017/page_28.pdf-1,,,unlabeled,invalid_or_missing_gold_numeric_answer
PPG/2018/page_54.pdf-3,1,0,correct,
UNP/2013/page_24.pdf-2,0,1,error,
UNP/2015/page_31.pdf-1,1,0,correct,
BLK/2014/page_33.pdf-3,0,1,error,
UNP/2012/page_79.pdf-3,0,1,error,
UNP/2014/page_80.pdf-2,0,1,error,
UNP/2010/page_33.pdf-1,1,0,correct,
IP/2012/page_84.pdf-1,1,0,correct,
TFX/2014/page_44.pdf-4,0,1,error,
APTV/2014/page_46.pdf-4,0,1,error,
PPG/2015/page_40.pdf-3,0,1,error,
UNP/2010/page_55.pdf-3,,,unlabeled,invalid_original_numeric_answer
BDX/2016/page_62.pdf-2,1,0,correct,
UNP/2010/page_75.pdf-2,1,0,correct,
UNP/2013/page_35.pdf-3,1,0,correct,
UNP/2014/page_56.pdf-3,0,1,error,
VLO/2012/page_27.pdf-3,1,0,correct,
CMCSA/2008/page_56.pdf-1,1,0,correct,
UNP/2010/page_25.pdf-2,1,0,correct,
ANSS/2016/page_85.pdf-3,1,0,correct,
UNP/2008/page_83.pdf-3,0,1,error,
BLK/2016/page_75.pdf-3,0,1,error,
ABMD/2011/page_33.pdf-4,0,1,error,
UNP/2008/page_83.pdf-4,0,1,error,
IP/2013/page_62.pdf-4,0,1,error,
UNP/2011/page_25.pdf-4,0,1,error,
UNP/2008/page_26.pdf-3,0,1,error,
PPG/2015/page_40.pdf-4,0,1,error,
IP/2016/page_52.pdf-3,0,1,error,
AAP/2012/page_61.pdf-3,0,1,error,
MO/2017/page_79.pdf-2,1,0,correct,
CAT/2017/page_136.pdf-2,1,0,correct,
IP/2014/page_105.pdf-2,0,1,error,
UNP/2014/page_24.pdf-3,0,1,error,
LKQ/2009/page_77.pdf-3,0,1,error,
KIM/2010/page_94.pdf-4,0,1,error,
SNPS/2006/page_43.pdf-1,0,1,error,
UNP/2012/page_39.pdf-3,0,1,error,
UNP/2012/page_74.pdf-1,0,1,error,
UNP/2011/page_78.pdf-4,0,1,error,
UNP/2014/page_24.pdf-4,0,1,error,
TFX/2018/page_47.pdf-3,1,0,correct,
UNP/2009/page_31.pdf-2,1,0,correct,
CMCSA/2015/page_165.pdf-1,0,1,error,
LKQ/2010/page_72.pdf-3,0,1,error,
UNP/2013/page_24.pdf-3,0,1,error,
UNP/2010/page_30.pdf-2,1,0,correct,
VRTX/2006/page_8.pdf-1,0,1,error,
UNP/2014/page_14.pdf-4,0,1,error,
TFX/2015/page_42.pdf-3,1,0,correct,
IP/2005/page_27.pdf-4,0,1,error,
UNP/2015/page_16.pdf-1,0,1,error,
IP/2005/page_83.pdf-1,0,1,error,
IP/2014/page_65.pdf-3,1,0,correct,
APTV/2015/page_47.pdf-4,1,0,correct,
MO/2016/page_76.pdf-3,1,0,correct,
UNP/2007/page_79.pdf-3,0,1,error,
PPG/2005/page_20.pdf-4,0,1,error,
IP/2005/page_32.pdf-3,0,1,error,
LKQ/2018/page_102.pdf-4,0,1,error,
UNP/2009/page_31.pdf-3,1,0,correct,
BDX/2017/page_28.pdf-2,1,0,correct,
UNP/2014/page_56.pdf-4,0,1,error,
UNP/2018/page_50.pdf-3,0,1,error,
UNP/2009/page_25.pdf-4,0,1,error,
BLK/2016/page_75.pdf-4,0,1,error,
PPG/2008/page_19.pdf-4,0,1,error,
ADI/2010/page_90.pdf-3,0,1,error,
AAP/2016/page_65.pdf-4,,,unlabeled,invalid_or_missing_gold_numeric_answer
UNP/2008/page_26.pdf-4,0,1,error,
UNP/2011/page_56.pdf-4,0,1,error,
UNP/2012/page_29.pdf-3,0,1,error,
UNP/2017/page_50.pdf-3,0,1,error,
UNP/2016/page_24.pdf-2,0,1,error,
UNP/2009/page_61.pdf-3,0,1,error,
IP/2015/page_51.pdf-4,1,0,correct,
APTV/2018/page_34.pdf-4,1,0,correct,
LKQ/2012/page_25.pdf-3,,,unlabeled,invalid_original_numeric_answer
UNP/2012/page_34.pdf-3,1,0,correct,
UNP/2012/page_39.pdf-4,0,1,error,
UNP/2016/page_75.pdf-3,1,0,correct,
UNP/2012/page_30.pdf-3,1,0,correct,
UNP/2014/page_30.pdf-4,0,1,error,
BKR/2018/page_52.pdf-2,1,0,correct,
LKQ/2009/page_66.pdf-4,0,1,error,
EMN/2004/page_82.pdf-1,0,1,error,
ANSS/2008/page_85.pdf-3,1,0,correct,
VLO/2012/page_130.pdf-1,0,1,error,
UNP/2010/page_25.pdf-1,1,0,correct,
APTV/2013/page_48.pdf-3,0,1,error,
CMCSA/2015/page_42.pdf-3,1,0,correct,
BLK/2014/page_33.pdf-4,0,1,error,
UNP/2009/page_38.pdf-4,0,1,error,
HOLX/2011/page_122.pdf-4,0,1,error,
SNPS/2013/page_61.pdf-2,0,1,error,
BLK/2016/page_35.pdf-4,0,1,error,
UNP/2009/page_61.pdf-4,0,1,error,
UNP/2012/page_55.pdf-4,0,1,error,
UNP/2011/page_80.pdf-3,0,1,error,
BLK/2017/page_35.pdf-4,0,1,error,
SNPS/2006/page_43.pdf-2,1,0,correct,
UNP/2007/page_58.pdf-2,,,unlabeled,invalid_or_missing_gold_numeric_answer
UNP/2011/page_35.pdf-4,1,0,correct,
LKQ/2018/page_93.pdf-1,1,0,correct,
IP/2014/page_71.pdf-4,0,1,error,
IP/2015/page_83.pdf-1,1,0,correct,
PPG/2018/page_61.pdf-3,1,0,correct,
BLK/2012/page_32.pdf-4,0,1,error,
PPG/2018/page_60.pdf-4,0,1,error,
UNP/2007/page_58.pdf-1,0,1,error,
CMCSA/2015/page_158.pdf-1,0,1,error,
UNP/2012/page_23.pdf-4,1,0,correct,
IP/2015/page_82.pdf-1,1,0,correct,
UNP/2014/page_16.pdf-4,0,1,error,
SNPS/2006/page_67.pdf-4,0,1,error,
MO/2017/page_10.pdf-4,0,1,error,
UNP/2016/page_24.pdf-3,0,1,error,
IP/2007/page_19.pdf-1,1,0,correct,
KIM/2006/page_67.pdf-3,0,1,error,
IP/2007/page_32.pdf-1,1,0,correct,
UNP/2015/page_14.pdf-1,0,1,error,
IP/2014/page_104.pdf-2,0,1,error,
CMCSA/2004/page_30.pdf-4,0,1,error,
KIM/2009/page_25.pdf-3,1,0,correct,
IP/2018/page_45.pdf-2,1,0,correct,
UNP/2014/page_80.pdf-3,0,1,error,
BKR/2017/page_49.pdf-1,1,0,correct,
PPG/2018/page_20.pdf-1,1,0,correct,
UNP/2008/page_59.pdf-4,0,1,error,
PPG/2016/page_42.pdf-3,0,1,error,
UNP/2013/page_14.pdf-3,0,1,error,
UNP/2011/page_80.pdf-4,0,1,error,
UNP/2012/page_30.pdf-4,1,0,correct,
ABMD/2015/page_53.pdf-3,0,1,error,
VLO/2012/page_129.pdf-1,0,1,error,
LKQ/2016/page_48.pdf-4,0,1,error,
UNP/2015/page_14.pdf-2,0,1,error,
AAP/2016/page_26.pdf-3,0,1,error,
UNP/2017/page_50.pdf-4,0,1,error,
UNP/2015/page_16.pdf-2,0,1,error,
BLK/2008/page_75.pdf-4,1,0,correct,
UNP/2012/page_29.pdf-4,0,1,error,
ABMD/2015/page_53.pdf-4,0,1,error,
UNP/2009/page_89.pdf-4,0,1,error,
MO/2014/page_11.pdf-4,0,1,error,
PPG/2018/page_54.pdf-4,1,0,correct,
UNP/2012/page_74.pdf-2,0,1,error,
UNP/2010/page_27.pdf-2,1,0,correct,
CMCSA/2015/page_100.pdf-1,0,1,error,
PPG/2013/page_54.pdf-4,0,1,error,
UNP/2017/page_74.pdf-4,0,1,error,
UNP/2018/page_50.pdf-4,0,1,error,
CAT/2017/page_136.pdf-3,1,0,correct,
TFX/2018/page_47.pdf-4,1,0,correct,
UNP/2011/page_40.pdf-3,0,1,error,
UNP/2013/page_14.pdf-4,0,1,error,
UNP/2009/page_83.pdf-3,1,0,correct,
BDX/2009/page_81.pdf-4,1,0,correct,
PPG/2016/page_42.pdf-4,0,1,error,
IP/2012/page_64.pdf-4,0,1,error,
IP/2013/page_101.pdf-4,0,1,error,
UNP/2012/page_34.pdf-4,1,0,correct,
AAP/2013/page_68.pdf-4,,,unlabeled,invalid_or_missing_gold_numeric_answer
UNP/2009/page_83.pdf-4,1,0,correct,
UNP/2010/page_75.pdf-3,1,0,correct,
UNP/2017/page_23.pdf-4,0,1,error,
IP/2012/page_56.pdf-4,,,unlabeled,invalid_or_missing_gold_numeric_answer
BDX/2016/page_62.pdf-3,1,0,correct,
