row_index,item_id,source_group,frame_row_index,outer_fold
0,INTC/2013/page_71.pdf-4,INTC/2013,0,4
1,ETR/2008/page_313.pdf-3,ETR/2008,1,0
2,IPG/2009/page_89.pdf-3,IPG/2009,2,3
3,AAL/2015/page_74.pdf-1,AAL/2015,4,3
4,ETR/2008/page_376.pdf-2,ETR/2008,5,0
5,AAL/2014/page_89.pdf-3,AAL/2014,6,0
6,GS/2014/page_134.pdf-3,GS/2014,7,0
7,MAA/2018/page_19.pdf-2,MAA/2018,8,4
8,HII/2018/page_64.pdf-4,HII/2018,9,2
9,FIS/2016/page_64.pdf-4,FIS/2016,11,2
10,FBHS/2017/page_46.pdf-2,FBHS/2017,12,4
11,BKNG/2015/page_38.pdf-2,BKNG/2015,13,4
12,STT/2012/page_42.pdf-4,STT/2012,14,1
13,FIS/2016/page_64.pdf-3,FIS/2016,15,2
14,LLY/2008/page_45.pdf-1,LLY/2008,16,0
15,ETR/2009/page_107.pdf-2,ETR/2009,17,0
16,AAP/2006/page_85.pdf-2,AAP/2006,18,3
17,AOS/2007/page_17.pdf-1,AOS/2007,19,3
18,UNP/2016/page_75.pdf-2,UNP/2016,20,3
19,UAA/2016/page_83.pdf-3,UAA/2016,21,0
20,MA/2010/page_107.pdf-1,MA/2010,22,4
21,HOLX/2011/page_122.pdf-2,HOLX/2011,23,1
22,ZBH/2008/page_70.pdf-1,ZBH/2008,24,0
23,AAPL/2013/page_27.pdf-2,AAPL/2013,25,1
24,RL/2011/page_12.pdf-1,RL/2011,26,0
25,DISCA/2013/page_60.pdf-1,DISCA/2013,27,2
26,OKE/2008/page_38.pdf-2,OKE/2008,28,1
27,ETR/2004/page_216.pdf-4,ETR/2004,29,3
28,HWM/2015/page_95.pdf-2,HWM/2015,30,4
29,AWK/2012/page_118.pdf-3,AWK/2012,31,0
30,APD/2019/page_53.pdf-2,APD/2019,32,2
31,AAL/2015/page_74.pdf-3,AAL/2015,33,3
32,ETFC/2013/page_84.pdf-1,ETFC/2013,34,0
33,ETR/2016/page_24.pdf-4,ETR/2016,35,1
34,AES/2011/page_230.pdf-4,AES/2011,36,0
35,ETR/2016/page_403.pdf-3,ETR/2016,37,1
36,APTV/2015/page_50.pdf-1,APTV/2015,38,4
37,AMAT/2018/page_31.pdf-3,AMAT/2018,39,0
38,CDNS/2012/page_31.pdf-2,CDNS/2012,40,4
39,AAL/2014/page_80.pdf-1,AAL/2014,41,0
40,ADI/2019/page_77.pdf-2,ADI/2019,42,4
41,HUM/2018/page_46.pdf-2,HUM/2018,43,1
42,JPM/2009/page_132.pdf-2,JPM/2009,44,2
43,PKG/2004/page_23.pdf-4,PKG/2004,45,3
44,ETR/2016/page_315.pdf-2,ETR/2016,46,1
45,IPG/2014/page_37.pdf-3,IPG/2014,47,2
46,HIG/2012/page_132.pdf-2,HIG/2012,48,4
47,RE/2010/page_120.pdf-1,RE/2010,49,2
48,JPM/2016/page_140.pdf-1,JPM/2016,50,1
49,LMT/2016/page_52.pdf-3,LMT/2016,51,3
50,WELL/2016/page_61.pdf-4,WELL/2016,52,0
51,GS/2013/page_193.pdf-1,GS/2013,53,4
52,HUM/2015/page_46.pdf-2,HUM/2015,54,4
53,ETR/2016/page_324.pdf-1,ETR/2016,55,1
54,KIM/2010/page_94.pdf-2,KIM/2010,56,3
55,DRE/2010/page_56.pdf-2,DRE/2010,57,1
56,ETR/2008/page_356.pdf-2,ETR/2008,58,0
57,AAL/2014/page_89.pdf-2,AAL/2014,59,0
58,BLL/2007/page_75.pdf-2,BLL/2007,60,2
59,VNO/2010/page_173.pdf-1,VNO/2010,61,0
60,RL/2010/page_11.pdf-1,RL/2010,62,3
61,LMT/2016/page_83.pdf-4,LMT/2016,63,3
62,UNP/2012/page_29.pdf-1,UNP/2012,64,4
63,UPS/2015/page_35.pdf-2,UPS/2015,65,2
64,JPM/2007/page_152.pdf-2,JPM/2007,66,3
65,UNP/2010/page_24.pdf-1,UNP/2010,67,1
66,REGN/2010/page_72.pdf-3,REGN/2010,68,1
67,ORLY/2009/page_77.pdf-4,ORLY/2009,70,1
68,HIG/2004/page_192.pdf-1,HIG/2004,71,3
69,AES/2011/page_270.pdf-2,AES/2011,72,0
70,ETR/2004/page_20.pdf-2,ETR/2004,73,3
71,GPN/2016/page_83.pdf-1,GPN/2016,74,1
72,GPN/2016/page_67.pdf-2,GPN/2016,75,1
73,RE/2006/page_122.pdf-2,RE/2006,76,1
74,AWK/2014/page_122.pdf-3,AWK/2014,77,2
75,ETR/2008/page_337.pdf-3,ETR/2008,78,0
76,BDX/2016/page_62.pdf-1,BDX/2016,79,1
77,MRO/2012/page_39.pdf-3,MRO/2012,80,0
78,VTR/2006/page_88.pdf-4,VTR/2006,81,2
79,HOLX/2006/page_102.pdf-1,HOLX/2006,82,3
80,STT/2006/page_96.pdf-4,STT/2006,83,0
81,MMM/2007/page_66.pdf-2,MMM/2007,84,4
82,UAA/2016/page_83.pdf-1,UAA/2016,85,0
83,AAPL/2011/page_24.pdf-1,AAPL/2011,86,3
84,ETR/2016/page_18.pdf-2,ETR/2016,87,1
85,CE/2005/page_167.pdf-3,CE/2005,88,3
86,VNO/2006/page_95.pdf-2,VNO/2006,89,1
87,DVN/2010/page_70.pdf-2,DVN/2010,90,0
88,AWK/2015/page_106.pdf-1,AWK/2015,91,3
89,STT/2006/page_96.pdf-1,STT/2006,92,0
90,WELL/2017/page_48.pdf-1,WELL/2017,93,1
91,ETR/2008/page_376.pdf-4,ETR/2008,94,0
92,CME/2010/page_71.pdf-5,CME/2010,95,1
93,APD/2019/page_108.pdf-2,APD/2019,96,2
94,AAPL/2008/page_52.pdf-1,AAPL/2008,97,0
95,MRO/2012/page_41.pdf-3,MRO/2012,98,0
96,TROW/2009/page_24.pdf-3,TROW/2009,99,1
97,ZBH/2008/page_86.pdf-2,ZBH/2008,100,0
98,DVN/2014/page_88.pdf-1,DVN/2014,101,0
99,CDNS/2016/page_76.pdf-1,CDNS/2016,102,1
100,ETR/2004/page_158.pdf-2,ETR/2004,103,3
101,SNPS/2012/page_62.pdf-2,SNPS/2012,104,1
102,HFC/2017/page_103.pdf-3,HFC/2017,105,1
103,AWK/2018/page_162.pdf-3,AWK/2018,106,2
104,HUM/2007/page_18.pdf-1,HUM/2007,107,1
105,STT/2007/page_65.pdf-2,STT/2007,108,2
106,CE/2016/page_88.pdf-2,CE/2016,109,3
107,ETR/2016/page_444.pdf-3,ETR/2016,110,1
108,RCL/2012/page_80.pdf-2,RCL/2012,112,2
109,AAP/2016/page_65.pdf-2,AAP/2016,113,4
110,RSG/2014/page_73.pdf-2,RSG/2014,114,2
111,ETR/2008/page_130.pdf-4,ETR/2008,115,0
112,AWK/2015/page_115.pdf-2,AWK/2015,116,3
113,VTR/2007/page_97.pdf-1,VTR/2007,117,3
114,JPM/2013/page_124.pdf-2,JPM/2013,118,1
115,RL/2014/page_11.pdf-1,RL/2014,119,4
116,K/2012/page_44.pdf-2,K/2012,120,0
117,ETR/2017/page_175.pdf-1,ETR/2017,121,2
118,BLK/2014/page_33.pdf-2,BLK/2014,122,2
119,HWM/2018/page_69.pdf-1,HWM/2018,124,4
120,DVN/2014/page_88.pdf-3,DVN/2014,125,0
121,ANSS/2008/page_85.pdf-1,ANSS/2008,126,4
122,STT/2008/page_73.pdf-1,STT/2008,127,3
123,JPM/2014/page_128.pdf-1,JPM/2014,128,0
124,GPN/2013/page_71.pdf-3,GPN/2013,129,1
125,HIG/2016/page_253.pdf-2,HIG/2016,130,0
126,GS/2013/page_97.pdf-1,GS/2013,131,4
127,GPN/2007/page_39.pdf-1,GPN/2007,132,1
128,GIS/2018/page_82.pdf-1,GIS/2018,133,2
129,ILMN/2006/page_92.pdf-2,ILMN/2006,134,0
130,RL/2011/page_12.pdf-2,RL/2011,135,0
131,CB/2008/page_144.pdf-3,CB/2008,136,3
132,UAA/2016/page_81.pdf-4,UAA/2016,137,0
133,VLO/2012/page_27.pdf-1,VLO/2012,138,1
134,PNC/2013/page_158.pdf-2,PNC/2013,139,2
135,IP/2014/page_101.pdf-1,IP/2014,140,1
136,RSG/2013/page_16.pdf-2,RSG/2013,141,0
137,MA/2009/page_115.pdf-1,MA/2009,142,4
138,DRE/2002/page_30.pdf-3,DRE/2002,143,1
139,L/2007/page_213.pdf-1,L/2007,144,0
140,RSG/2014/page_22.pdf-1,RSG/2014,145,2
141,HUM/2004/page_78.pdf-1,HUM/2004,146,4
142,CE/2010/page_150.pdf-3,CE/2010,147,2
143,ADBE/2011/page_83.pdf-4,ADBE/2011,148,1
144,GPN/2014/page_71.pdf-4,GPN/2014,149,0
145,HUM/2012/page_109.pdf-1,HUM/2012,150,0
146,SWKS/2011/page_112.pdf-2,SWKS/2011,152,3
147,AON/2015/page_77.pdf-3,AON/2015,153,4
148,PPG/2018/page_61.pdf-1,PPG/2018,154,1
149,HWM/2015/page_92.pdf-1,HWM/2015,155,4
150,PNC/2012/page_98.pdf-2,PNC/2012,156,3
151,ETR/2016/page_396.pdf-4,ETR/2016,157,1
152,LMT/2010/page_24.pdf-2,LMT/2010,158,2
153,LMT/2015/page_106.pdf-3,LMT/2015,159,3
154,IPG/2014/page_37.pdf-2,IPG/2014,160,2
155,HOLX/2007/page_154.pdf-2,HOLX/2007,161,2
156,AMT/2007/page_111.pdf-4,AMT/2007,162,2
157,ETR/2017/page_20.pdf-3,ETR/2017,163,2
158,UNP/2014/page_56.pdf-2,UNP/2014,164,2
159,JKHY/2015/page_20.pdf-2,JKHY/2015,165,2
160,BLK/2016/page_75.pdf-2,BLK/2016,166,3
161,MRO/2009/page_138.pdf-1,MRO/2009,167,3
162,GPN/2009/page_69.pdf-2,GPN/2009,168,1
163,ETR/2008/page_130.pdf-3,ETR/2008,169,0
164,JPM/2016/page_141.pdf-1,JPM/2016,170,1
165,EW/2016/page_72.pdf-2,EW/2016,171,2
166,KHC/2016/page_94.pdf-2,KHC/2016,172,0
167,MRO/2008/page_135.pdf-2,MRO/2008,173,0
168,ETR/2017/page_477.pdf-1,ETR/2017,174,2
169,RSG/2017/page_14.pdf-1,RSG/2017,175,1
170,MAS/2010/page_29.pdf-1,MAS/2010,176,4
171,BLL/2011/page_29.pdf-4,BLL/2011,177,1
172,LMT/2017/page_101.pdf-4,LMT/2017,178,3
173,LKQ/2010/page_72.pdf-2,LKQ/2010,180,1
174,WRK/2019/page_31.pdf-1,WRK/2019,181,4
175,SLB/2003/page_57.pdf-1,SLB/2003,182,1
176,UA/2011/page_70.pdf-1,UA/2011,183,4
177,MMM/2007/page_68.pdf-2,MMM/2007,184,4
178,CE/2005/page_167.pdf-4,CE/2005,185,3
179,GS/2014/page_62.pdf-1,GS/2014,186,0
180,IPG/2018/page_52.pdf-1,IPG/2018,187,0
181,NWS/2016/page_148.pdf-2,NWS/2016,188,2
182,UNP/2014/page_30.pdf-2,UNP/2014,189,2
183,AES/2010/page_225.pdf-3,AES/2010,190,4
184,HOLX/2007/page_130.pdf-1,HOLX/2007,191,2
185,IPG/2018/page_104.pdf-2,IPG/2018,192,0
186,TROW/2011/page_13.pdf-1,TROW/2011,193,1
187,IPG/2015/page_24.pdf-4,IPG/2015,194,2
188,AON/2010/page_100.pdf-4,AON/2010,195,2
189,UNP/2012/page_23.pdf-1,UNP/2012,196,4
190,ETR/2017/page_325.pdf-1,ETR/2017,197,2
191,DVN/2015/page_117.pdf-1,DVN/2015,198,0
192,JPM/2014/page_128.pdf-4,JPM/2014,199,0
193,ETR/2016/page_144.pdf-3,ETR/2016,200,1
194,IP/2012/page_57.pdf-2,IP/2012,201,1
195,STT/2017/page_101.pdf-4,STT/2017,202,1
196,ADBE/2013/page_68.pdf-3,ADBE/2013,203,1
197,RSG/2015/page_18.pdf-2,RSG/2015,204,4
198,AES/2018/page_168.pdf-3,AES/2018,205,2
199,HUM/2015/page_46.pdf-1,HUM/2015,206,4
200,PKG/2004/page_21.pdf-4,PKG/2004,207,3
201,JKHY/2016/page_25.pdf-2,JKHY/2016,208,4
202,AAP/2013/page_68.pdf-1,AAP/2013,209,3
203,UNP/2008/page_83.pdf-1,UNP/2008,210,4
204,CE/2010/page_150.pdf-2,CE/2010,211,2
205,TFX/2018/page_47.pdf-1,TFX/2018,212,3
206,GS/2016/page_161.pdf-1,GS/2016,213,3
207,TSCO/2018/page_31.pdf-2,TSCO/2018,214,3
208,LLY/2008/page_39.pdf-1,LLY/2008,215,0
209,SNPS/2012/page_64.pdf-1,SNPS/2012,216,1
210,GPN/2008/page_88.pdf-1,GPN/2008,217,4
211,IP/2015/page_46.pdf-1,IP/2015,218,2
212,ETR/2015/page_50.pdf-1,ETR/2015,219,2
213,APD/2019/page_100.pdf-1,APD/2019,220,2
214,DISCA/2008/page_141.pdf-3,DISCA/2008,221,3
215,PNC/2007/page_93.pdf-2,PNC/2007,222,4
216,MA/2009/page_123.pdf-3,MA/2009,223,4
217,LMT/2016/page_85.pdf-2,LMT/2016,224,3
218,AON/2015/page_77.pdf-4,AON/2015,225,4
219,ZBH/2008/page_72.pdf-3,ZBH/2008,226,0
220,AES/2010/page_133.pdf-1,AES/2010,227,4
221,UNP/2014/page_56.pdf-1,UNP/2014,228,2
222,AAL/2015/page_131.pdf-2,AAL/2015,229,3
223,GPN/2009/page_69.pdf-4,GPN/2009,230,1
224,PPG/2018/page_61.pdf-2,PPG/2018,231,1
225,SNPS/2012/page_61.pdf-2,SNPS/2012,232,1
226,AON/2013/page_54.pdf-1,AON/2013,233,0
227,GPN/2017/page_30.pdf-1,GPN/2017,234,3
228,GS/2016/page_183.pdf-3,GS/2016,235,3
229,NTAP/2014/page_33.pdf-2,NTAP/2014,236,3
230,HIG/2004/page_125.pdf-2,HIG/2004,237,3
231,UNP/2013/page_78.pdf-2,UNP/2013,238,0
232,HIG/2004/page_81.pdf-3,HIG/2004,240,3
233,K/2012/page_80.pdf-3,K/2012,241,0
234,MA/2009/page_123.pdf-4,MA/2009,242,4
235,AES/2010/page_133.pdf-2,AES/2010,243,4
236,BLL/2007/page_46.pdf-4,BLL/2007,244,2
237,AAPL/2015/page_24.pdf-3,AAPL/2015,245,4
238,HOLX/2007/page_127.pdf-1,HOLX/2007,246,2
239,ETR/2008/page_130.pdf-2,ETR/2008,247,0
240,RL/2014/page_13.pdf-1,RL/2014,248,4
241,APD/2018/page_113.pdf-2,APD/2018,249,3
242,CMCSA/2015/page_42.pdf-2,CMCSA/2015,250,1
243,IP/2014/page_71.pdf-1,IP/2014,251,1
244,RL/2010/page_11.pdf-2,RL/2010,252,3
245,ILMN/2008/page_77.pdf-4,ILMN/2008,253,4
246,CDW/2015/page_53.pdf-1,CDW/2015,254,0
247,AWK/2012/page_118.pdf-2,AWK/2012,255,0
248,LKQ/2012/page_25.pdf-2,LKQ/2012,256,0
249,GRMN/2008/page_98.pdf-1,GRMN/2008,257,4
250,SLB/2010/page_58.pdf-2,SLB/2010,258,4
251,ETR/2017/page_19.pdf-1,ETR/2017,259,2
252,GS/2018/page_175.pdf-2,GS/2018,260,2
253,C/2009/page_200.pdf-2,C/2009,261,4
254,HWM/2015/page_94.pdf-1,HWM/2015,262,4
255,IP/2013/page_61.pdf-1,IP/2013,263,4
256,SNPS/2012/page_62.pdf-3,SNPS/2012,264,1
257,DVN/2014/page_112.pdf-1,DVN/2014,265,0
258,CB/2009/page_220.pdf-3,CB/2009,266,1
259,ETR/2016/page_396.pdf-2,ETR/2016,267,1
260,IP/2012/page_55.pdf-2,IP/2012,268,1
261,MA/2010/page_107.pdf-2,MA/2010,269,4
262,RSG/2017/page_14.pdf-2,RSG/2017,270,1
263,K/2013/page_27.pdf-3,K/2013,271,0
264,DRE/2002/page_18.pdf-2,DRE/2002,272,1
265,IP/2014/page_66.pdf-1,IP/2014,273,1
266,MA/2008/page_70.pdf-2,MA/2008,274,4
267,MRO/2008/page_119.pdf-3,MRO/2008,275,0
268,SNPS/2009/page_59.pdf-3,SNPS/2009,276,2
269,RSG/2018/page_13.pdf-1,RSG/2018,277,0
270,PM/2015/page_103.pdf-3,PM/2015,278,2
271,LKQ/2012/page_25.pdf-1,LKQ/2012,279,0
272,RSG/2017/page_74.pdf-2,RSG/2017,280,1
273,UA/2011/page_71.pdf-2,UA/2011,281,4
274,AMT/2007/page_114.pdf-3,AMT/2007,282,2
275,AMT/2012/page_111.pdf-4,AMT/2012,283,2
276,AWK/2015/page_127.pdf-4,AWK/2015,284,3
277,LKQ/2016/page_48.pdf-2,LKQ/2016,285,2
278,AWK/2017/page_128.pdf-3,AWK/2017,286,3
279,EW/2014/page_35.pdf-2,EW/2014,287,3
280,AAP/2007/page_83.pdf-1,AAP/2007,288,1
281,EOG/2016/page_80.pdf-1,EOG/2016,290,1
282,AAPL/2013/page_27.pdf-4,AAPL/2013,291,1
283,ETR/2017/page_20.pdf-1,ETR/2017,292,2
284,ETR/2008/page_313.pdf-2,ETR/2008,293,0
285,IPG/2016/page_24.pdf-2,IPG/2016,294,0
286,PNC/2017/page_76.pdf-1,PNC/2017,295,1
287,ETFC/2015/page_25.pdf-1,ETFC/2015,296,4
288,ETR/2016/page_342.pdf-2,ETR/2016,297,1
289,SNPS/2012/page_61.pdf-3,SNPS/2012,298,1
290,HWM/2015/page_123.pdf-2,HWM/2015,299,4
291,LMT/2013/page_26.pdf-2,LMT/2013,300,3
292,AWK/2013/page_123.pdf-3,AWK/2013,301,1
293,DRE/2016/page_59.pdf-1,DRE/2016,302,0
294,GPN/2013/page_71.pdf-2,GPN/2013,304,1
295,EW/2016/page_36.pdf-1,EW/2016,305,2
296,DRE/2007/page_39.pdf-1,DRE/2007,306,3
297,C/2008/page_193.pdf-1,C/2008,307,2
298,BLL/2006/page_94.pdf-2,BLL/2006,308,4
299,KMI/2018/page_14.pdf-2,KMI/2018,309,1
300,CE/2010/page_134.pdf-1,CE/2010,310,2
301,JPM/2015/page_77.pdf-5,JPM/2015,311,1
302,ETR/2016/page_17.pdf-2,ETR/2016,312,1
303,MMM/2015/page_52.pdf-1,MMM/2015,313,0
304,ADBE/2009/page_98.pdf-1,ADBE/2009,314,3
305,AAL/2015/page_51.pdf-3,AAL/2015,315,3
306,BLK/2014/page_33.pdf-1,BLK/2014,316,2
307,HIG/2014/page_126.pdf-3,HIG/2014,317,3
308,ETR/2016/page_18.pdf-3,ETR/2016,318,1
309,RL/2014/page_11.pdf-2,RL/2014,319,4
310,AON/2013/page_32.pdf-1,AON/2013,320,0
311,STT/2017/page_101.pdf-3,STT/2017,321,1
312,JPM/2013/page_158.pdf-2,JPM/2013,322,1
313,FIS/2012/page_30.pdf-1,FIS/2012,324,0
314,BKR/2017/page_105.pdf-1,BKR/2017,325,4
315,CE/2009/page_121.pdf-3,CE/2009,326,2
316,UNP/2009/page_89.pdf-1,UNP/2009,327,1
317,VTR/2006/page_88.pdf-1,VTR/2006,328,2
318,AAL/2014/page_59.pdf-2,AAL/2014,329,0
319,SWKS/2012/page_116.pdf-2,SWKS/2012,330,2
320,MRO/2013/page_49.pdf-2,MRO/2013,331,1
321,REGN/2010/page_68.pdf-2,REGN/2010,332,1
322,MRO/2009/page_127.pdf-3,MRO/2009,333,3
323,DISH/2011/page_130.pdf-2,DISH/2011,334,1
324,DVN/2011/page_84.pdf-1,DVN/2011,335,0
325,MMM/2012/page_105.pdf-1,MMM/2012,336,1
326,LMT/2013/page_26.pdf-1,LMT/2013,337,3
327,EOG/2018/page_99.pdf-1,EOG/2018,338,1
328,AAPL/2018/page_23.pdf-2,AAPL/2018,339,0
329,PNC/2011/page_209.pdf-3,PNC/2011,341,2
330,AAPL/2011/page_37.pdf-1,AAPL/2011,342,3
331,CDNS/2012/page_31.pdf-1,CDNS/2012,343,4
332,ETR/2004/page_258.pdf-1,ETR/2004,344,3
333,JPM/2015/page_77.pdf-3,JPM/2015,345,1
334,INTC/2013/page_47.pdf-1,INTC/2013,346,4
335,C/2008/page_193.pdf-4,C/2008,347,2
336,WELL/2017/page_48.pdf-3,WELL/2017,348,1
337,DVN/2011/page_99.pdf-3,DVN/2011,349,0
338,JPM/2008/page_177.pdf-1,JPM/2008,350,3
339,FIS/2016/page_49.pdf-1,FIS/2016,351,2
340,INTC/2013/page_47.pdf-2,INTC/2013,352,4
341,EOG/2017/page_85.pdf-1,EOG/2017,353,2
342,DISH/2015/page_142.pdf-2,DISH/2015,354,4
343,GS/2018/page_108.pdf-4,GS/2018,355,2
344,BLL/2007/page_87.pdf-3,BLL/2007,357,2
345,IP/2007/page_38.pdf-2,IP/2007,358,1
346,TFX/2017/page_48.pdf-1,TFX/2017,359,2
347,LMT/2015/page_52.pdf-4,LMT/2015,360,3
348,CB/2008/page_217.pdf-2,CB/2008,361,3
349,LLY/2008/page_45.pdf-2,LLY/2008,362,0
350,AMT/2012/page_111.pdf-1,AMT/2012,363,2
351,AAL/2015/page_15.pdf-3,AAL/2015,364,3
352,UPS/2012/page_51.pdf-3,UPS/2012,365,2
353,PNC/2011/page_74.pdf-2,PNC/2011,366,2
354,ETR/2017/page_175.pdf-3,ETR/2017,367,2
355,ETR/2004/page_258.pdf-2,ETR/2004,368,3
356,JPM/2013/page_158.pdf-3,JPM/2013,369,1
357,IQV/2016/page_57.pdf-2,IQV/2016,370,3
358,V/2009/page_88.pdf-1,V/2009,372,2
359,BLL/2010/page_39.pdf-3,BLL/2010,373,4
360,GS/2012/page_129.pdf-3,GS/2012,374,0
361,CDNS/2018/page_82.pdf-4,CDNS/2018,375,4
362,ETR/2016/page_17.pdf-3,ETR/2016,376,1
363,IP/2005/page_31.pdf-1,IP/2005,378,4
364,ADBE/2018/page_71.pdf-2,ADBE/2018,379,2
365,MRO/2008/page_145.pdf-1,MRO/2008,380,0
366,RL/2016/page_9.pdf-1,RL/2016,381,1
367,WELL/2017/page_48.pdf-4,WELL/2017,382,1
368,BLL/2007/page_46.pdf-3,BLL/2007,383,2
369,MMM/2007/page_36.pdf-1,MMM/2007,384,4
370,ETR/2008/page_153.pdf-1,ETR/2008,385,0
371,KMI/2010/page_164.pdf-2,KMI/2010,386,2
372,HWM/2015/page_87.pdf-1,HWM/2015,387,4
373,ETR/2008/page_212.pdf-4,ETR/2008,388,0
374,ETR/2008/page_212.pdf-1,ETR/2008,389,0
375,IP/2015/page_44.pdf-2,IP/2015,390,2
376,AWK/2014/page_7.pdf-1,AWK/2014,391,2
377,AAPL/2004/page_83.pdf-2,AAPL/2004,392,2
378,LMT/2013/page_81.pdf-3,LMT/2013,393,3
379,LMT/2010/page_37.pdf-2,LMT/2010,394,2
380,CDNS/2007/page_30.pdf-3,CDNS/2007,395,3
381,ETR/2017/page_414.pdf-3,ETR/2017,396,2
382,JPM/2003/page_44.pdf-4,JPM/2003,397,4
383,AAPL/2011/page_37.pdf-2,AAPL/2011,398,3
384,UNP/2009/page_61.pdf-2,UNP/2009,399,1
385,UNP/2015/page_80.pdf-1,UNP/2015,400,0
386,ETR/2004/page_159.pdf-2,ETR/2004,401,3
387,VTR/2007/page_97.pdf-4,VTR/2007,402,3
388,MRO/2008/page_42.pdf-3,MRO/2008,403,0
389,DRE/2009/page_59.pdf-1,DRE/2009,404,2
390,GIS/2018/page_59.pdf-1,GIS/2018,405,2
391,AMT/2006/page_96.pdf-2,AMT/2006,406,3
392,MAA/2018/page_19.pdf-1,MAA/2018,407,4
393,ETR/2008/page_337.pdf-2,ETR/2008,408,0
394,AWK/2015/page_112.pdf-3,AWK/2015,409,3
395,GPN/2009/page_68.pdf-2,GPN/2009,410,1
396,AES/2011/page_270.pdf-1,AES/2011,411,0
397,AAL/2014/page_92.pdf-4,AAL/2014,412,0
398,WELL/2016/page_61.pdf-2,WELL/2016,413,0
399,C/2009/page_141.pdf-1,C/2009,414,4
400,ETR/2015/page_24.pdf-1,ETR/2015,415,2
401,AON/2009/page_90.pdf-4,AON/2009,417,3
402,JPM/2007/page_152.pdf-3,JPM/2007,418,3
403,ETR/2008/page_336.pdf-2,ETR/2008,419,0
404,AES/2011/page_261.pdf-2,AES/2011,420,0
405,GS/2017/page_176.pdf-1,GS/2017,421,3
406,VTR/2003/page_39.pdf-4,VTR/2003,422,4
407,AWK/2018/page_131.pdf-2,AWK/2018,424,2
408,DVN/2007/page_78.pdf-1,DVN/2007,425,1
409,AMT/2006/page_107.pdf-3,AMT/2006,426,3
410,GPN/2007/page_18.pdf-1,GPN/2007,427,1
411,ETR/2013/page_15.pdf-3,ETR/2013,428,4
412,DVN/2017/page_31.pdf-2,DVN/2017,429,3
413,UNP/2008/page_26.pdf-2,UNP/2008,430,4
414,CME/2010/page_45.pdf-5,CME/2010,431,1
415,PNC/2014/page_203.pdf-2,PNC/2014,432,1
416,UNP/2013/page_14.pdf-2,UNP/2013,433,0
417,MRO/2008/page_41.pdf-4,MRO/2008,434,0
418,AAL/2015/page_183.pdf-4,AAL/2015,435,3
419,AMAT/2015/page_33.pdf-1,AMAT/2015,436,1
420,UAA/2016/page_83.pdf-4,UAA/2016,437,0
421,APD/2018/page_41.pdf-1,APD/2018,438,3
422,AON/2015/page_72.pdf-1,AON/2015,439,4
423,DVN/2014/page_112.pdf-2,DVN/2014,440,0
424,TMUS/2016/page_32.pdf-3,TMUS/2016,441,2
425,RCL/2005/page_40.pdf-4,RCL/2005,442,1
426,JPM/2012/page_109.pdf-1,JPM/2012,444,4
427,GS/2015/page_80.pdf-2,GS/2015,445,3
428,JPM/2012/page_157.pdf-1,JPM/2012,446,4
429,AWK/2017/page_136.pdf-2,AWK/2017,447,3
430,SNA/2007/page_80.pdf-2,SNA/2007,448,3
431,IP/2014/page_101.pdf-2,IP/2014,449,1
432,ETR/2002/page_266.pdf-2,ETR/2002,450,4
433,STT/2009/page_122.pdf-3,STT/2009,451,3
434,DISH/2014/page_142.pdf-2,DISH/2014,452,0
435,K/2013/page_27.pdf-2,K/2013,453,0
436,FIS/2016/page_64.pdf-1,FIS/2016,454,2
437,ORLY/2015/page_28.pdf-4,ORLY/2015,455,0
438,HFC/2011/page_92.pdf-4,HFC/2011,456,2
439,DISCA/2012/page_54.pdf-2,DISCA/2012,457,0
440,IP/2005/page_31.pdf-2,IP/2005,458,4
441,VTR/2006/page_88.pdf-2,VTR/2006,459,2
442,C/2009/page_248.pdf-3,C/2009,460,4
443,IPG/2009/page_67.pdf-4,IPG/2009,461,3
444,MRO/2008/page_70.pdf-3,MRO/2008,462,0
445,TROW/2011/page_13.pdf-2,TROW/2011,463,1
446,STT/2012/page_42.pdf-1,STT/2012,464,1
447,C/2009/page_41.pdf-1,C/2009,465,4
448,LMT/2015/page_86.pdf-1,LMT/2015,466,3
449,CE/2010/page_150.pdf-1,CE/2010,467,2
450,ETFC/2007/page_22.pdf-4,ETFC/2007,468,4
451,INTC/2013/page_47.pdf-3,INTC/2013,469,4
452,PKG/2001/page_78.pdf-1,PKG/2001,470,0
453,K/2012/page_44.pdf-1,K/2012,471,0
454,STZ/2005/page_57.pdf-4,STZ/2005,472,0
455,EL/2009/page_112.pdf-2,EL/2009,473,2
456,AAPL/2015/page_56.pdf-1,AAPL/2015,474,4
457,JPM/2009/page_183.pdf-5,JPM/2009,475,2
458,ETR/2009/page_141.pdf-2,ETR/2009,476,0
459,UAA/2016/page_83.pdf-2,UAA/2016,477,0
460,ETR/2013/page_93.pdf-1,ETR/2013,478,4
461,UPS/2013/page_56.pdf-3,UPS/2013,479,2
462,GPN/2016/page_69.pdf-2,GPN/2016,480,1
463,AAPL/2006/page_93.pdf-1,AAPL/2006,481,3
464,ETR/2008/page_343.pdf-4,ETR/2008,482,0
465,STT/2012/page_42.pdf-3,STT/2012,483,1
466,C/2009/page_38.pdf-2,C/2009,484,4
467,AWK/2018/page_142.pdf-4,AWK/2018,485,2
468,BLK/2016/page_35.pdf-2,BLK/2016,486,3
469,CE/2010/page_134.pdf-4,CE/2010,487,2
470,ETR/2004/page_186.pdf-1,ETR/2004,488,3
471,RL/2016/page_9.pdf-2,RL/2016,489,1
472,SNPS/2012/page_64.pdf-2,SNPS/2012,490,1
473,HIG/2014/page_126.pdf-2,HIG/2014,491,3
474,LMT/2016/page_87.pdf-2,LMT/2016,492,3
475,LMT/2002/page_33.pdf-4,LMT/2002,493,0
476,UPS/2007/page_103.pdf-3,UPS/2007,494,4
477,GS/2013/page_184.pdf-2,GS/2013,495,4
478,ILMN/2006/page_92.pdf-3,ILMN/2006,496,0
479,GS/2012/page_64.pdf-1,GS/2012,498,0
480,AWK/2018/page_150.pdf-2,AWK/2018,499,2
481,UA/2011/page_66.pdf-1,UA/2011,500,4
482,BKNG/2017/page_35.pdf-3,BKNG/2017,501,0
483,DISCA/2011/page_35.pdf-4,DISCA/2011,502,1
484,PKG/2001/page_86.pdf-3,PKG/2001,503,0
485,CB/2008/page_144.pdf-2,CB/2008,504,3
486,LMT/2007/page_39.pdf-2,LMT/2007,505,0
487,FIS/2010/page_89.pdf-4,FIS/2010,506,2
488,IPG/2015/page_38.pdf-1,IPG/2015,507,2
489,AAP/2011/page_16.pdf-1,AAP/2011,508,0
490,ETR/2017/page_343.pdf-2,ETR/2017,509,2
491,JPM/2012/page_109.pdf-2,JPM/2012,510,4
492,AWK/2017/page_143.pdf-4,AWK/2017,511,3
493,CE/2016/page_88.pdf-1,CE/2016,512,3
494,ETR/2015/page_133.pdf-1,ETR/2015,513,2
495,AAL/2015/page_83.pdf-2,AAL/2015,514,3
496,AMT/2005/page_83.pdf-1,AMT/2005,515,1
497,UNP/2008/page_81.pdf-1,UNP/2008,516,4
498,KMI/2014/page_18.pdf-1,KMI/2014,517,2
499,VTR/2007/page_48.pdf-2,VTR/2007,518,3
500,IP/2007/page_38.pdf-1,IP/2007,519,1
501,AAPL/2006/page_79.pdf-2,AAPL/2006,520,3
502,C/2009/page_194.pdf-3,C/2009,521,4
503,LMT/2013/page_44.pdf-2,LMT/2013,522,3
504,AMT/2014/page_64.pdf-1,AMT/2014,523,2
505,GS/2013/page_193.pdf-3,GS/2013,524,4
506,UPS/2013/page_34.pdf-2,UPS/2013,525,2
507,AMT/2007/page_116.pdf-3,AMT/2007,526,2
508,BLL/2010/page_33.pdf-2,BLL/2010,527,4
509,JKHY/2015/page_20.pdf-3,JKHY/2015,528,2
510,ADBE/2014/page_99.pdf-2,ADBE/2014,529,0
511,LMT/2017/page_26.pdf-1,LMT/2017,530,3
512,ETR/2016/page_343.pdf-4,ETR/2016,531,1
513,UNP/2010/page_27.pdf-1,UNP/2010,532,1
514,BLK/2008/page_75.pdf-2,BLK/2008,533,3
515,VNO/2010/page_88.pdf-2,VNO/2010,534,0
516,ETR/2017/page_25.pdf-2,ETR/2017,535,2
517,KIM/2009/page_145.pdf-1,KIM/2009,536,4
518,ETR/2015/page_133.pdf-4,ETR/2015,537,2
519,ETR/2004/page_335.pdf-2,ETR/2004,538,3
520,UPS/2015/page_35.pdf-3,UPS/2015,539,2
521,IP/2015/page_51.pdf-1,IP/2015,540,2
522,UNP/2012/page_55.pdf-2,UNP/2012,541,4
523,AWK/2017/page_154.pdf-1,AWK/2017,542,3
524,LMT/2016/page_105.pdf-4,LMT/2016,543,3
525,ETR/2016/page_175.pdf-4,ETR/2016,544,1
526,JPM/2014/page_128.pdf-2,JPM/2014,545,0
527,LLY/2008/page_45.pdf-3,LLY/2008,546,0
528,MKTX/2014/page_39.pdf-3,MKTX/2014,547,1
529,HIG/2016/page_250.pdf-1,HIG/2016,548,0
530,ETR/2015/page_24.pdf-2,ETR/2015,550,2
531,IP/2012/page_64.pdf-1,IP/2012,551,1
532,UNP/2017/page_23.pdf-1,UNP/2017,552,0
533,SLG/2010/page_50.pdf-1,SLG/2010,553,3
534,C/2009/page_141.pdf-2,C/2009,554,4
535,LMT/2010/page_36.pdf-1,LMT/2010,555,2
536,ETR/2008/page_27.pdf-1,ETR/2008,556,0
537,ETR/2008/page_401.pdf-3,ETR/2008,557,0
538,ETR/2017/page_441.pdf-3,ETR/2017,558,2
539,ETR/2015/page_18.pdf-3,ETR/2015,559,2
540,IPG/2014/page_23.pdf-2,IPG/2014,560,2
541,AMT/2012/page_123.pdf-2,AMT/2012,561,2
542,ETR/2004/page_86.pdf-1,ETR/2004,562,3
543,AAPL/2011/page_65.pdf-1,AAPL/2011,563,3
544,JPM/2016/page_73.pdf-4,JPM/2016,564,1
545,AMT/2012/page_119.pdf-3,AMT/2012,565,2
546,AAL/2015/page_183.pdf-1,AAL/2015,566,3
547,RSG/2013/page_16.pdf-1,RSG/2013,567,0
548,RCL/2014/page_80.pdf-3,RCL/2014,568,1
549,LMT/2002/page_33.pdf-2,LMT/2002,569,0
550,AMT/2014/page_120.pdf-2,AMT/2014,570,2
551,RSG/2018/page_47.pdf-2,RSG/2018,571,0
552,SWKS/2008/page_105.pdf-3,SWKS/2008,572,3
553,MRO/2009/page_57.pdf-2,MRO/2009,573,3
554,ETR/2016/page_342.pdf-1,ETR/2016,574,1
555,C/2008/page_217.pdf-2,C/2008,575,2
556,BLK/2017/page_35.pdf-2,BLK/2017,576,0
557,LMT/2017/page_101.pdf-1,LMT/2017,577,3
558,DISCA/2016/page_30.pdf-2,DISCA/2016,578,2
559,BLK/2012/page_32.pdf-1,BLK/2012,579,2
560,CDNS/2007/page_30.pdf-2,CDNS/2007,580,3
561,ETR/2008/page_154.pdf-3,ETR/2008,581,0
562,OKE/2007/page_51.pdf-1,OKE/2007,582,2
563,JPM/2015/page_77.pdf-2,JPM/2015,583,1
564,ETR/2015/page_50.pdf-2,ETR/2015,584,2
565,GS/2013/page_195.pdf-4,GS/2013,585,4
566,LKQ/2010/page_72.pdf-1,LKQ/2010,586,1
567,STT/2007/page_65.pdf-1,STT/2007,587,2
568,IP/2005/page_27.pdf-1,IP/2005,588,4
569,UAA/2016/page_81.pdf-1,UAA/2016,589,0
570,ETR/2008/page_266.pdf-3,ETR/2008,590,0
571,TROW/2011/page_13.pdf-3,TROW/2011,591,1
572,STZ/2010/page_51.pdf-2,STZ/2010,592,4
573,AAL/2015/page_183.pdf-3,AAL/2015,593,3
574,AWK/2018/page_178.pdf-2,AWK/2018,594,2
575,ETR/2004/page_160.pdf-1,ETR/2004,595,3
576,UNP/2013/page_24.pdf-1,UNP/2013,596,0
577,UNP/2010/page_30.pdf-1,UNP/2010,597,1
578,KHC/2018/page_27.pdf-3,KHC/2018,598,3
579,AMT/2007/page_99.pdf-1,AMT/2007,599,2
580,IP/2018/page_50.pdf-2,IP/2018,600,1
581,ADBE/2013/page_89.pdf-4,ADBE/2013,601,1
582,UNP/2014/page_32.pdf-2,UNP/2014,602,2
583,ETFC/2012/page_85.pdf-2,ETFC/2012,603,1
584,MA/2008/page_116.pdf-3,MA/2008,604,4
585,UPS/2015/page_108.pdf-1,UPS/2015,605,2
586,CMCSA/2004/page_30.pdf-1,CMCSA/2004,606,4
587,DISCA/2016/page_30.pdf-3,DISCA/2016,607,2
588,ADBE/2012/page_87.pdf-1,ADBE/2012,609,4
589,VTR/2007/page_97.pdf-3,VTR/2007,610,3
590,GPN/2014/page_71.pdf-2,GPN/2014,611,0
591,LMT/2015/page_86.pdf-2,LMT/2015,612,3
592,FIS/2012/page_11.pdf-2,FIS/2012,613,0
593,ETR/2015/page_133.pdf-3,ETR/2015,614,2
594,STZ/2005/page_57.pdf-2,STZ/2005,615,0
595,CME/2010/page_71.pdf-4,CME/2010,616,1
596,AMAT/2012/page_35.pdf-2,AMAT/2012,617,1
597,AWK/2015/page_109.pdf-3,AWK/2015,618,3
598,TSCO/2017/page_73.pdf-1,TSCO/2017,619,0
599,IP/2012/page_58.pdf-1,IP/2012,620,1
600,LMT/2017/page_83.pdf-1,LMT/2017,621,3
601,AMAT/2018/page_31.pdf-1,AMAT/2018,622,0
602,GS/2012/page_177.pdf-4,GS/2012,623,0
603,JPM/2009/page_132.pdf-1,JPM/2009,624,2
604,AAPL/2011/page_38.pdf-4,AAPL/2011,625,3
605,GS/2018/page_134.pdf-4,GS/2018,626,2
606,JPM/2008/page_177.pdf-4,JPM/2008,627,3
607,KHC/2018/page_27.pdf-1,KHC/2018,628,3
608,DISCA/2013/page_60.pdf-2,DISCA/2013,629,2
609,LLY/2008/page_43.pdf-2,LLY/2008,630,0
610,RL/2014/page_13.pdf-2,RL/2014,631,4
611,ETR/2008/page_438.pdf-1,ETR/2008,632,0
612,APD/2014/page_36.pdf-1,APD/2014,633,4
613,LMT/2010/page_39.pdf-1,LMT/2010,634,2
614,AMAT/2012/page_35.pdf-1,AMAT/2012,635,1
615,APTV/2015/page_47.pdf-2,APTV/2015,636,4
616,INTC/2013/page_40.pdf-3,INTC/2013,637,4
617,PNC/2013/page_65.pdf-1,PNC/2013,638,2
618,AAPL/2002/page_63.pdf-2,AAPL/2002,639,0
619,ETR/2017/page_19.pdf-2,ETR/2017,640,2
620,AOS/2007/page_17.pdf-2,AOS/2007,641,3
621,IPG/2009/page_89.pdf-1,IPG/2009,642,3
622,FITB/2008/page_69.pdf-4,FITB/2008,643,1
623,GPN/2016/page_84.pdf-3,GPN/2016,644,1
624,AWK/2018/page_178.pdf-1,AWK/2018,645,2
625,DRE/2002/page_30.pdf-1,DRE/2002,646,1
626,MAS/2010/page_86.pdf-2,MAS/2010,647,4
627,AWK/2015/page_112.pdf-1,AWK/2015,648,3
628,ETFC/2011/page_23.pdf-2,ETFC/2011,649,0
629,ETR/2004/page_163.pdf-5,ETR/2004,650,3
630,CMCSA/2015/page_42.pdf-1,CMCSA/2015,652,1
631,AMAT/2016/page_32.pdf-1,AMAT/2016,653,3
632,ILMN/2008/page_77.pdf-1,ILMN/2008,654,4
633,MAR/2005/page_52.pdf-1,MAR/2005,655,3
634,TSCO/2017/page_28.pdf-2,TSCO/2017,656,0
635,MRO/2009/page_32.pdf-4,MRO/2009,657,3
636,STT/2008/page_139.pdf-3,STT/2008,658,3
637,AAP/2011/page_16.pdf-2,AAP/2011,659,0
638,MAR/2010/page_55.pdf-2,MAR/2010,660,2
639,MMM/2007/page_66.pdf-1,MMM/2007,661,4
640,BKNG/2015/page_38.pdf-3,BKNG/2015,662,4
641,DISCA/2016/page_30.pdf-4,DISCA/2016,663,2
642,ABMD/2015/page_93.pdf-2,ABMD/2015,664,2
643,JPM/2016/page_141.pdf-2,JPM/2016,665,1
644,PNC/2012/page_98.pdf-4,PNC/2012,666,3
645,ETR/2017/page_441.pdf-1,ETR/2017,667,2
646,AOS/2016/page_19.pdf-2,AOS/2016,668,2
647,C/2008/page_176.pdf-3,C/2008,669,2
648,ETR/2004/page_19.pdf-2,ETR/2004,670,3
649,HST/2018/page_160.pdf-2,HST/2018,671,0
650,MA/2008/page_125.pdf-4,MA/2008,672,4
651,ETR/2015/page_24.pdf-3,ETR/2015,673,2
652,LMT/2013/page_26.pdf-3,LMT/2013,674,3
653,JKHY/2016/page_61.pdf-1,JKHY/2016,675,4
654,AAL/2015/page_187.pdf-2,AAL/2015,676,3
655,SNA/2007/page_47.pdf-1,SNA/2007,677,3
656,NKE/2015/page_37.pdf-4,NKE/2015,678,1
657,ETR/2008/page_362.pdf-3,ETR/2008,679,0
658,ETR/2004/page_160.pdf-2,ETR/2004,680,3
659,LMT/2016/page_85.pdf-1,LMT/2016,681,3
660,LMT/2016/page_83.pdf-2,LMT/2016,682,3
661,C/2009/page_48.pdf-1,C/2009,683,4
662,JPM/2003/page_100.pdf-1,JPM/2003,684,4
663,PKG/2004/page_21.pdf-2,PKG/2004,685,3
664,ETR/2017/page_25.pdf-4,ETR/2017,686,2
665,AWK/2012/page_118.pdf-4,AWK/2012,687,0
666,ETR/2016/page_352.pdf-1,ETR/2016,688,1
667,BLL/2010/page_58.pdf-1,BLL/2010,689,4
668,JPM/2003/page_28.pdf-2,JPM/2003,690,4
669,ETR/2008/page_314.pdf-4,ETR/2008,691,0
670,AES/2011/page_230.pdf-3,AES/2011,692,0
671,HOLX/2007/page_130.pdf-2,HOLX/2007,693,2
672,RL/2018/page_9.pdf-2,RL/2018,694,0
673,STT/2006/page_92.pdf-4,STT/2006,695,0
674,MAS/2010/page_29.pdf-4,MAS/2010,696,4
675,ETR/2004/page_20.pdf-1,ETR/2004,697,3
676,JPM/2008/page_86.pdf-2,JPM/2008,698,3
677,AMAT/2015/page_14.pdf-3,AMAT/2015,699,1
678,INTC/2013/page_40.pdf-2,INTC/2013,700,4
679,ETR/2008/page_267.pdf-4,ETR/2008,702,0
680,ETR/2008/page_438.pdf-2,ETR/2008,703,0
681,DISCA/2013/page_45.pdf-1,DISCA/2013,704,2
682,ETR/2008/page_336.pdf-4,ETR/2008,705,0
683,WELL/2016/page_61.pdf-1,WELL/2016,706,0
684,MKTX/2004/page_24.pdf-1,MKTX/2004,707,2
685,AMT/2014/page_88.pdf-2,AMT/2014,708,2
686,SLB/2010/page_58.pdf-1,SLB/2010,709,4
687,AMT/2012/page_123.pdf-3,AMT/2012,710,2
688,FIS/2012/page_11.pdf-3,FIS/2012,711,0
689,RL/2009/page_20.pdf-1,RL/2009,712,1
690,PNC/2013/page_85.pdf-2,PNC/2013,713,2
691,EL/2009/page_112.pdf-1,EL/2009,714,2
692,ETR/2017/page_422.pdf-3,ETR/2017,715,2
693,AES/2011/page_269.pdf-2,AES/2011,716,0
694,CDNS/2018/page_82.pdf-3,CDNS/2018,717,4
695,RE/2017/page_145.pdf-3,RE/2017,718,4
696,IP/2012/page_55.pdf-1,IP/2012,719,1
697,AAL/2014/page_89.pdf-1,AAL/2014,720,0
698,AES/2011/page_260.pdf-1,AES/2011,721,0
699,RSG/2015/page_18.pdf-1,RSG/2015,722,4
700,RSG/2012/page_145.pdf-1,RSG/2012,723,2
701,DVN/2010/page_70.pdf-1,DVN/2010,724,0
702,CNC/2003/page_41.pdf-1,CNC/2003,725,3
703,DISCA/2012/page_54.pdf-1,DISCA/2012,726,0
704,AAL/2014/page_92.pdf-1,AAL/2014,727,0
705,HFC/2017/page_103.pdf-5,HFC/2017,728,1
706,AAPL/2017/page_23.pdf-2,AAPL/2017,729,1
707,V/2008/page_165.pdf-2,V/2008,731,3
708,GPN/2017/page_76.pdf-2,GPN/2017,732,3
709,UNP/2018/page_50.pdf-1,UNP/2018,733,4
710,ETR/2008/page_314.pdf-1,ETR/2008,734,0
711,IPG/2017/page_26.pdf-2,IPG/2017,735,1
712,V/2013/page_113.pdf-1,V/2013,736,1
713,NKE/2015/page_37.pdf-2,NKE/2015,737,1
714,RSG/2008/page_127.pdf-2,RSG/2008,738,4
715,MA/2008/page_113.pdf-4,MA/2008,739,4
716,SLG/2012/page_61.pdf-2,SLG/2012,740,4
717,AWK/2018/page_172.pdf-3,AWK/2018,741,2
718,ETFC/2013/page_155.pdf-1,ETFC/2013,742,0
719,LMT/2016/page_50.pdf-3,LMT/2016,743,3
720,HOLX/2005/page_27.pdf-1,HOLX/2005,744,4
721,MA/2008/page_70.pdf-1,MA/2008,745,4
722,LMT/2017/page_26.pdf-2,LMT/2017,746,3
723,ETR/2004/page_19.pdf-1,ETR/2004,747,3
724,AAL/2015/page_183.pdf-2,AAL/2015,748,3
725,LMT/2013/page_45.pdf-2,LMT/2013,749,3
726,CB/2009/page_220.pdf-1,CB/2009,750,1
727,STT/2007/page_65.pdf-3,STT/2007,751,2
728,IP/2005/page_28.pdf-2,IP/2005,752,4
729,STT/2008/page_73.pdf-3,STT/2008,753,3
730,HUM/2005/page_80.pdf-3,HUM/2005,754,2
731,JKHY/2015/page_20.pdf-1,JKHY/2015,755,2
732,GS/2016/page_183.pdf-4,GS/2016,756,3
733,HST/2018/page_160.pdf-1,HST/2018,757,0
734,C/2009/page_255.pdf-2,C/2009,759,4
735,VNO/2010/page_88.pdf-1,VNO/2010,760,0
736,ETR/2017/page_414.pdf-1,ETR/2017,761,2
737,EW/2014/page_35.pdf-1,EW/2014,762,3
738,AAPL/2015/page_68.pdf-3,AAPL/2015,763,4
739,ETR/2015/page_111.pdf-1,ETR/2015,764,2
740,PKG/2018/page_66.pdf-1,PKG/2018,765,3
741,RSG/2008/page_141.pdf-1,RSG/2008,767,4
742,TROW/2013/page_25.pdf-3,TROW/2013,768,1
743,HFC/2017/page_103.pdf-1,HFC/2017,769,1
744,C/2008/page_26.pdf-3,C/2008,770,2
745,FIS/2012/page_30.pdf-2,FIS/2012,771,0
746,GS/2012/page_177.pdf-2,GS/2012,772,0
747,RCL/2017/page_38.pdf-2,RCL/2017,773,0
748,STT/2008/page_139.pdf-4,STT/2008,774,3
749,AAPL/2006/page_79.pdf-3,AAPL/2006,775,3
750,ETR/2015/page_155.pdf-1,ETR/2015,776,2
751,JPM/2015/page_83.pdf-1,JPM/2015,777,1
752,LMT/2013/page_81.pdf-2,LMT/2013,778,3
753,C/2008/page_176.pdf-1,C/2008,779,2
754,IP/2013/page_62.pdf-1,IP/2013,780,4
755,SLB/2010/page_90.pdf-1,SLB/2010,781,4
756,UNP/2008/page_71.pdf-2,UNP/2008,782,4
757,UPS/2013/page_34.pdf-3,UPS/2013,783,2
758,STT/2006/page_92.pdf-3,STT/2006,784,0
759,LLY/2018/page_99.pdf-3,LLY/2018,785,1
760,C/2008/page_219.pdf-1,C/2008,786,2
761,MRO/2009/page_137.pdf-3,MRO/2009,787,3
762,ETR/2016/page_352.pdf-2,ETR/2016,788,1
763,UNP/2009/page_83.pdf-2,UNP/2009,789,1
764,C/2008/page_207.pdf-2,C/2008,790,2
765,LMT/2016/page_50.pdf-4,LMT/2016,791,3
766,AWK/2017/page_136.pdf-3,AWK/2017,792,3
767,BLK/2017/page_87.pdf-1,BLK/2017,793,0
768,LKQ/2009/page_66.pdf-2,LKQ/2009,794,2
769,ORLY/2017/page_30.pdf-1,ORLY/2017,795,4
770,C/2009/page_194.pdf-2,C/2009,796,4
771,FITB/2008/page_69.pdf-3,FITB/2008,797,1
772,AAPL/2018/page_23.pdf-1,AAPL/2018,798,0
773,HIG/2014/page_126.pdf-1,HIG/2014,799,3
774,UNP/2018/page_50.pdf-2,UNP/2018,800,4
775,APD/2013/page_44.pdf-1,APD/2013,802,4
776,SNPS/2012/page_61.pdf-4,SNPS/2012,803,1
777,SLG/2009/page_99.pdf-4,SLG/2009,804,4
778,EW/2016/page_36.pdf-2,EW/2016,805,2
779,AMT/2007/page_99.pdf-4,AMT/2007,806,2
780,MAR/2005/page_52.pdf-2,MAR/2005,807,3
781,SNPS/2006/page_68.pdf-2,SNPS/2006,808,2
782,GS/2018/page_165.pdf-2,GS/2018,809,2
783,RSG/2018/page_56.pdf-2,RSG/2018,810,0
784,KHC/2016/page_94.pdf-1,KHC/2016,811,0
785,RCL/2012/page_80.pdf-1,RCL/2012,812,2
786,HIG/2013/page_124.pdf-3,HIG/2013,813,3
787,ADI/2012/page_65.pdf-1,ADI/2012,814,0
788,C/2009/page_279.pdf-2,C/2009,815,4
789,APTV/2013/page_48.pdf-2,APTV/2013,816,1
790,SLB/2006/page_82.pdf-3,SLB/2006,817,2
791,AMAT/2016/page_30.pdf-3,AMAT/2016,818,3
792,AAL/2015/page_131.pdf-3,AAL/2015,819,3
793,ETR/2004/page_186.pdf-4,ETR/2004,820,3
794,WRK/2019/page_31.pdf-3,WRK/2019,821,4
795,ORLY/2018/page_30.pdf-1,ORLY/2018,822,3
796,ETR/2004/page_159.pdf-4,ETR/2004,823,3
797,BLL/2006/page_89.pdf-1,BLL/2006,824,4
798,GPN/2016/page_67.pdf-1,GPN/2016,825,1
799,AMT/2016/page_69.pdf-3,AMT/2016,826,0
800,ETR/2008/page_343.pdf-3,ETR/2008,827,0
801,AWK/2014/page_45.pdf-2,AWK/2014,828,2
802,SLG/2010/page_50.pdf-2,SLG/2010,829,3
803,DVN/2013/page_101.pdf-3,DVN/2013,830,4
804,AAPL/2006/page_79.pdf-4,AAPL/2006,831,3
805,APTV/2015/page_50.pdf-2,APTV/2015,832,4
806,AAP/2013/page_32.pdf-2,AAP/2013,833,3
807,APD/2014/page_71.pdf-1,APD/2014,834,4
808,LMT/2010/page_24.pdf-4,LMT/2010,835,2
809,ETR/2016/page_505.pdf-2,ETR/2016,836,1
810,PKG/2004/page_21.pdf-3,PKG/2004,837,3
811,STT/2008/page_139.pdf-1,STT/2008,838,3
812,AON/2010/page_100.pdf-3,AON/2010,839,2
813,PNC/2014/page_203.pdf-4,PNC/2014,840,1
814,VNO/2003/page_102.pdf-2,VNO/2003,841,3
815,GS/2014/page_62.pdf-2,GS/2014,842,0
816,HST/2018/page_115.pdf-2,HST/2018,843,0
817,ORLY/2016/page_29.pdf-3,ORLY/2016,844,0
818,UNP/2017/page_74.pdf-2,UNP/2017,845,0
819,AES/2001/page_43.pdf-2,AES/2001,846,0
820,VTR/2007/page_48.pdf-4,VTR/2007,847,3
821,ETR/2004/page_186.pdf-3,ETR/2004,848,3
822,IPG/2014/page_37.pdf-1,IPG/2014,849,2
823,DVN/2014/page_112.pdf-4,DVN/2014,850,0
824,TSCO/2018/page_31.pdf-1,TSCO/2018,851,3
825,PPG/2018/page_60.pdf-1,PPG/2018,852,1
826,ADBE/2014/page_99.pdf-3,ADBE/2014,853,0
827,AWK/2015/page_106.pdf-3,AWK/2015,854,3
828,AWK/2017/page_172.pdf-1,AWK/2017,855,3
829,DISCA/2012/page_54.pdf-3,DISCA/2012,856,0
830,AWK/2017/page_154.pdf-4,AWK/2017,857,3
831,AWK/2013/page_123.pdf-1,AWK/2013,858,1
832,RL/2015/page_9.pdf-2,RL/2015,859,3
833,NKE/2015/page_37.pdf-3,NKE/2015,860,1
834,MRO/2008/page_70.pdf-1,MRO/2008,861,0
835,HUM/2012/page_109.pdf-2,HUM/2012,862,0
836,AWK/2015/page_127.pdf-2,AWK/2015,863,3
837,AAP/2016/page_65.pdf-1,AAP/2016,864,4
838,GS/2014/page_134.pdf-1,GS/2014,865,0
839,RCL/2006/page_37.pdf-2,RCL/2006,866,0
840,SLG/2010/page_81.pdf-4,SLG/2010,867,3
841,LMT/2007/page_55.pdf-2,LMT/2007,868,0
842,LMT/2010/page_37.pdf-4,LMT/2010,869,2
843,PKG/2006/page_68.pdf-4,PKG/2006,870,2
844,ALLE/2018/page_121.pdf-2,ALLE/2018,871,1
845,UPS/2013/page_56.pdf-1,UPS/2013,872,2
846,AAPL/2014/page_78.pdf-1,AAPL/2014,873,2
847,GPN/2013/page_71.pdf-1,GPN/2013,874,1
848,IPG/2018/page_104.pdf-3,IPG/2018,875,0
849,IPG/2018/page_26.pdf-1,IPG/2018,876,0
850,FIS/2007/page_33.pdf-1,FIS/2007,877,3
851,TFX/2015/page_42.pdf-1,TFX/2015,878,4
852,C/2016/page_120.pdf-2,C/2016,880,0
853,LMT/2016/page_85.pdf-3,LMT/2016,881,3
854,RSG/2017/page_74.pdf-1,RSG/2017,882,1
855,RCL/2017/page_38.pdf-1,RCL/2017,883,0
856,GRMN/2006/page_91.pdf-2,GRMN/2006,884,4
857,AAPL/2002/page_63.pdf-3,AAPL/2002,885,0
858,BLK/2017/page_35.pdf-1,BLK/2017,886,0
859,RCL/2016/page_37.pdf-3,RCL/2016,887,0
860,LLY/2018/page_42.pdf-2,LLY/2018,888,1
861,AAPL/2002/page_26.pdf-4,AAPL/2002,889,0
862,AAP/2016/page_26.pdf-2,AAP/2016,890,4
863,APD/2019/page_100.pdf-2,APD/2019,891,2
864,UPS/2017/page_111.pdf-1,UPS/2017,892,1
865,PPG/2005/page_20.pdf-2,PPG/2005,893,3
866,RL/2015/page_9.pdf-1,RL/2015,894,3
867,HIG/2004/page_192.pdf-4,HIG/2004,895,3
868,RSG/2009/page_78.pdf-2,RSG/2009,896,3
869,AWK/2015/page_21.pdf-2,AWK/2015,897,3
870,AON/2015/page_29.pdf-2,AON/2015,898,4
871,LMT/2010/page_24.pdf-1,LMT/2010,899,2
872,BKR/2018/page_127.pdf-1,BKR/2018,900,3
873,ETR/2008/page_336.pdf-3,ETR/2008,901,0
874,UNP/2010/page_55.pdf-2,UNP/2010,902,1
875,AAPL/2013/page_39.pdf-1,AAPL/2013,903,1
876,ETR/2013/page_15.pdf-4,ETR/2013,904,4
877,PPG/2012/page_70.pdf-1,PPG/2012,905,1
878,MMM/2007/page_37.pdf-1,MMM/2007,906,4
879,SNPS/2009/page_59.pdf-2,SNPS/2009,907,2
880,EW/2014/page_68.pdf-1,EW/2014,908,3
881,APD/2018/page_113.pdf-1,APD/2018,909,3
882,AMAT/2016/page_30.pdf-2,AMAT/2016,910,3
883,FIS/2016/page_64.pdf-2,FIS/2016,911,2
884,AMT/2016/page_69.pdf-1,AMT/2016,913,0
885,STT/2017/page_63.pdf-3,STT/2017,914,1
886,HWM/2015/page_89.pdf-1,HWM/2015,915,4
887,HFC/2011/page_92.pdf-1,HFC/2011,916,2
888,PNC/2008/page_144.pdf-1,PNC/2008,917,4
889,ETR/2002/page_266.pdf-1,ETR/2002,918,4
890,RSG/2013/page_92.pdf-1,RSG/2013,919,0
891,PNC/2011/page_74.pdf-1,PNC/2011,920,2
892,PNC/2012/page_110.pdf-1,PNC/2012,921,3
893,AMAT/2015/page_31.pdf-1,AMAT/2015,922,1
894,ETR/2016/page_324.pdf-3,ETR/2016,925,1
895,LMT/2016/page_52.pdf-1,LMT/2016,926,3
896,PNC/2014/page_151.pdf-2,PNC/2014,927,1
897,HOLX/2005/page_61.pdf-1,HOLX/2005,928,4
898,LMT/2017/page_101.pdf-3,LMT/2017,929,3
899,FIS/2007/page_33.pdf-2,FIS/2007,930,3
900,IP/2007/page_32.pdf-2,IP/2007,931,1
901,KHC/2018/page_27.pdf-4,KHC/2018,932,3
902,AAL/2015/page_15.pdf-4,AAL/2015,933,3
903,DVN/2015/page_117.pdf-3,DVN/2015,934,0
904,LMT/2016/page_85.pdf-4,LMT/2016,935,3
905,AMAT/2016/page_32.pdf-2,AMAT/2016,936,3
906,JPM/2016/page_73.pdf-1,JPM/2016,937,1
907,IPG/2017/page_40.pdf-1,IPG/2017,938,1
908,ECL/2017/page_68.pdf-1,ECL/2017,940,3
909,ETR/2016/page_403.pdf-1,ETR/2016,941,1
910,ORLY/2016/page_29.pdf-2,ORLY/2016,942,0
911,HIG/2004/page_81.pdf-1,HIG/2004,943,3
912,VNO/2012/page_190.pdf-2,VNO/2012,944,4
913,IPG/2018/page_78.pdf-1,IPG/2018,945,0
914,ADBE/2011/page_116.pdf-1,ADBE/2011,946,1
915,PNC/2017/page_168.pdf-1,PNC/2017,947,1
916,UNP/2013/page_29.pdf-1,UNP/2013,948,0
917,MRO/2009/page_107.pdf-4,MRO/2009,949,3
918,HOLX/2008/page_93.pdf-1,HOLX/2008,950,2
919,PNC/2007/page_107.pdf-1,PNC/2007,951,4
920,EW/2017/page_83.pdf-2,EW/2017,952,3
921,AAPL/2002/page_23.pdf-1,AAPL/2002,953,0
922,SLG/2009/page_99.pdf-2,SLG/2009,954,4
923,ETR/2008/page_376.pdf-1,ETR/2008,955,0
924,PNC/2009/page_51.pdf-3,PNC/2009,956,2
925,ADBE/2014/page_87.pdf-3,ADBE/2014,957,0
926,UNP/2007/page_79.pdf-1,UNP/2007,958,0
927,UPS/2017/page_111.pdf-2,UPS/2017,959,1
928,PNC/2014/page_94.pdf-3,PNC/2014,960,1
929,DRE/2010/page_36.pdf-1,DRE/2010,961,1
930,PPG/2013/page_54.pdf-1,PPG/2013,962,0
931,AWK/2017/page_128.pdf-1,AWK/2017,964,3
932,HUM/2005/page_18.pdf-2,HUM/2005,965,2
933,IP/2012/page_58.pdf-2,IP/2012,966,1
934,HWM/2018/page_67.pdf-2,HWM/2018,967,4
935,HUM/2005/page_80.pdf-2,HUM/2005,968,2
936,DVN/2017/page_31.pdf-1,DVN/2017,969,3
937,ECL/2017/page_68.pdf-3,ECL/2017,970,3
938,AWK/2017/page_154.pdf-2,AWK/2017,971,3
939,HIG/2016/page_253.pdf-1,HIG/2016,972,0
940,RE/2006/page_122.pdf-3,RE/2006,973,1
941,MMM/2007/page_64.pdf-2,MMM/2007,974,4
942,UPS/2007/page_32.pdf-1,UPS/2007,975,4
943,TMUS/2016/page_32.pdf-1,TMUS/2016,976,2
944,AMT/2008/page_88.pdf-2,AMT/2008,977,0
945,ECL/2015/page_70.pdf-4,ECL/2015,978,4
946,ETR/2017/page_373.pdf-1,ETR/2017,979,2
947,ETR/2016/page_382.pdf-1,ETR/2016,980,1
948,HWM/2015/page_172.pdf-1,HWM/2015,981,4
949,AAPL/2004/page_83.pdf-1,AAPL/2004,982,2
950,PM/2015/page_103.pdf-1,PM/2015,983,2
951,CDNS/2016/page_32.pdf-1,CDNS/2016,984,1
952,EOG/2018/page_89.pdf-1,EOG/2018,985,1
953,RSG/2015/page_133.pdf-1,RSG/2015,986,4
954,MRO/2012/page_40.pdf-1,MRO/2012,987,0
955,INTC/2013/page_47.pdf-4,INTC/2013,988,4
956,ADBE/2012/page_102.pdf-2,ADBE/2012,989,4
957,ETR/2013/page_14.pdf-1,ETR/2013,990,4
958,ETR/2016/page_17.pdf-4,ETR/2016,991,1
959,C/2008/page_219.pdf-2,C/2008,992,2
960,C/2009/page_248.pdf-4,C/2009,993,4
961,IPG/2018/page_26.pdf-2,IPG/2018,994,0
962,AMAT/2012/page_37.pdf-1,AMAT/2012,995,1
963,KHC/2017/page_21.pdf-1,KHC/2017,996,4
964,AWK/2018/page_142.pdf-1,AWK/2018,997,2
965,UNP/2016/page_75.pdf-1,UNP/2016,998,3
966,MA/2008/page_116.pdf-1,MA/2008,999,4
967,AAL/2014/page_59.pdf-3,AAL/2014,1000,0
968,AAL/2014/page_59.pdf-1,AAL/2014,1001,0
969,ETR/2008/page_33.pdf-3,ETR/2008,1002,0
970,UNP/2010/page_75.pdf-1,UNP/2010,1003,1
971,LMT/2016/page_87.pdf-1,LMT/2016,1004,3
972,UNP/2015/page_76.pdf-1,UNP/2015,1005,0
973,REGN/2010/page_64.pdf-3,REGN/2010,1006,1
974,AMT/2016/page_69.pdf-4,AMT/2016,1007,0
975,UPS/2017/page_31.pdf-2,UPS/2017,1008,1
976,TFX/2014/page_44.pdf-2,TFX/2014,1009,0
977,HST/2018/page_115.pdf-3,HST/2018,1010,0
978,ETR/2008/page_154.pdf-4,ETR/2008,1011,0
979,UNP/2012/page_79.pdf-2,UNP/2012,1012,4
980,AAP/2013/page_68.pdf-2,AAP/2013,1013,3
981,CDNS/2016/page_32.pdf-3,CDNS/2016,1014,1
982,SWKS/2010/page_139.pdf-1,SWKS/2010,1015,4
983,C/2009/page_41.pdf-2,C/2009,1017,4
984,CE/2009/page_121.pdf-4,CE/2009,1018,2
985,IP/2015/page_44.pdf-1,IP/2015,1019,2
986,ETR/2004/page_335.pdf-3,ETR/2004,1020,3
987,KHC/2017/page_21.pdf-2,KHC/2017,1021,4
988,JPM/2009/page_206.pdf-4,JPM/2009,1022,2
989,HOLX/2006/page_103.pdf-2,HOLX/2006,1023,3
990,ADI/2011/page_92.pdf-1,ADI/2011,1024,1
991,DISCA/2008/page_141.pdf-1,DISCA/2008,1026,3
992,APTV/2018/page_36.pdf-2,APTV/2018,1027,0
993,AWK/2015/page_21.pdf-1,AWK/2015,1028,3
994,GS/2015/page_80.pdf-1,GS/2015,1029,3
995,JPM/2008/page_86.pdf-1,JPM/2008,1030,3
996,AAL/2015/page_51.pdf-4,AAL/2015,1031,3
997,GRMN/2008/page_98.pdf-2,GRMN/2008,1032,4
998,AAL/2014/page_80.pdf-4,AAL/2014,1033,0
999,ETR/2013/page_136.pdf-2,ETR/2013,1034,4
1000,RE/2010/page_120.pdf-3,RE/2010,1035,2
1001,TROW/2011/page_13.pdf-4,TROW/2011,1036,1
1002,REGN/2010/page_68.pdf-1,REGN/2010,1037,1
1003,EW/2017/page_83.pdf-1,EW/2017,1038,3
1004,ETFC/2007/page_22.pdf-3,ETFC/2007,1039,4
1005,WELL/2017/page_48.pdf-2,WELL/2017,1040,1
1006,STT/2009/page_109.pdf-1,STT/2009,1042,3
1007,CB/2009/page_220.pdf-2,CB/2009,1043,1
1008,ILMN/2007/page_84.pdf-2,ILMN/2007,1044,2
1009,AON/2013/page_54.pdf-3,AON/2013,1045,0
1010,ETR/2008/page_435.pdf-1,ETR/2008,1046,0
1011,ETR/2017/page_25.pdf-1,ETR/2017,1047,2
1012,GRMN/2006/page_91.pdf-1,GRMN/2006,1048,4
1013,PKG/2006/page_68.pdf-2,PKG/2006,1049,2
1014,JPM/2003/page_44.pdf-3,JPM/2003,1050,4
1015,IPG/2008/page_68.pdf-2,IPG/2008,1051,4
1016,HIG/2013/page_212.pdf-1,HIG/2013,1052,3
1017,AAL/2015/page_15.pdf-1,AAL/2015,1053,3
1018,STT/2009/page_122.pdf-2,STT/2009,1054,3
1019,PNC/2012/page_246.pdf-2,PNC/2012,1055,3
1020,AWK/2017/page_128.pdf-2,AWK/2017,1057,3
1021,ETR/2017/page_414.pdf-4,ETR/2017,1058,2
1022,ETR/2016/page_18.pdf-4,ETR/2016,1059,1
1023,UPS/2015/page_108.pdf-3,UPS/2015,1060,2
1024,ETR/2008/page_267.pdf-3,ETR/2008,1061,0
1025,ETR/2016/page_342.pdf-3,ETR/2016,1062,1
1026,JPM/2007/page_152.pdf-1,JPM/2007,1063,3
1027,SNPS/2012/page_61.pdf-1,SNPS/2012,1064,1
1028,MRO/2009/page_36.pdf-2,MRO/2009,1065,3
1029,STT/2008/page_73.pdf-4,STT/2008,1066,3
1030,ETR/2016/page_382.pdf-4,ETR/2016,1067,1
1031,HIG/2011/page_184.pdf-1,HIG/2011,1068,0
1032,JPM/2007/page_164.pdf-1,JPM/2007,1069,3
1033,IP/2013/page_64.pdf-2,IP/2013,1070,4
1034,MRO/2009/page_58.pdf-2,MRO/2009,1071,3
1035,GRMN/2008/page_84.pdf-1,GRMN/2008,1072,4
1036,CME/2010/page_45.pdf-3,CME/2010,1073,1
1037,MRO/2012/page_18.pdf-1,MRO/2012,1074,0
1038,PNC/2009/page_51.pdf-4,PNC/2009,1075,2
1039,LMT/2013/page_49.pdf-3,LMT/2013,1076,3
1040,MRO/2009/page_36.pdf-1,MRO/2009,1077,3
1041,JPM/2008/page_112.pdf-2,JPM/2008,1078,3
1042,AMT/2006/page_96.pdf-1,AMT/2006,1079,3
1043,ETR/2016/page_424.pdf-3,ETR/2016,1080,1
1044,ETR/2004/page_335.pdf-1,ETR/2004,1081,3
1045,UNP/2012/page_79.pdf-1,UNP/2012,1082,4
1046,MRO/2008/page_142.pdf-1,MRO/2008,1083,0
1047,PNC/2014/page_205.pdf-1,PNC/2014,1085,1
1048,ETR/2009/page_21.pdf-4,ETR/2009,1086,0
1049,GPN/2015/page_82.pdf-3,GPN/2015,1087,4
1050,VTR/2007/page_48.pdf-1,VTR/2007,1088,3
1051,STT/2017/page_100.pdf-3,STT/2017,1089,1
1052,ZBH/2008/page_86.pdf-3,ZBH/2008,1090,0
1053,V/2013/page_116.pdf-2,V/2013,1091,1
1054,UNP/2013/page_78.pdf-1,UNP/2013,1092,0
1055,AON/2015/page_50.pdf-1,AON/2015,1094,4
1056,AAPL/2006/page_79.pdf-1,AAPL/2006,1095,3
1057,ETR/2004/page_160.pdf-3,ETR/2004,1096,3
1058,AMAT/2018/page_31.pdf-2,AMAT/2018,1097,0
1059,TFX/2014/page_44.pdf-1,TFX/2014,1098,0
1060,KHC/2017/page_21.pdf-3,KHC/2017,1099,4
1061,CDNS/2016/page_32.pdf-4,CDNS/2016,1100,1
1062,UNP/2008/page_29.pdf-1,UNP/2008,1101,4
1063,PNC/2014/page_161.pdf-1,PNC/2014,1102,1
1064,C/2008/page_26.pdf-2,C/2008,1103,2
1065,ORLY/2016/page_29.pdf-1,ORLY/2016,1104,0
1066,HUM/2010/page_101.pdf-1,HUM/2010,1105,1
1067,JPM/2012/page_148.pdf-1,JPM/2012,1106,4
1068,ETR/2016/page_375.pdf-1,ETR/2016,1107,1
1069,STT/2008/page_112.pdf-3,STT/2008,1108,3
1070,BLL/2011/page_29.pdf-1,BLL/2011,1109,1
1071,ADBE/2011/page_83.pdf-2,ADBE/2011,1110,1
1072,APD/2014/page_72.pdf-1,APD/2014,1111,4
1073,DISCA/2012/page_54.pdf-4,DISCA/2012,1112,0
1074,JPM/2012/page_148.pdf-2,JPM/2012,1113,4
1075,JPM/2012/page_148.pdf-3,JPM/2012,1114,4
1076,ILMN/2006/page_92.pdf-1,ILMN/2006,1115,0
1077,ETR/2015/page_111.pdf-2,ETR/2015,1116,2
1078,IQV/2016/page_57.pdf-1,IQV/2016,1117,3
1079,ETR/2016/page_315.pdf-3,ETR/2016,1118,1
1080,HST/2018/page_115.pdf-1,HST/2018,1119,0
1081,IPG/2017/page_26.pdf-1,IPG/2017,1121,1
1082,C/2008/page_189.pdf-4,C/2008,1122,2
1083,C/2008/page_176.pdf-2,C/2008,1123,2
1084,FIS/2007/page_52.pdf-3,FIS/2007,1124,3
1085,IPG/2006/page_41.pdf-1,IPG/2006,1125,0
1086,K/2013/page_27.pdf-4,K/2013,1126,0
1087,ETR/2017/page_20.pdf-4,ETR/2017,1127,2
1088,UAA/2016/page_80.pdf-4,UAA/2016,1128,0
1089,RSG/2014/page_73.pdf-1,RSG/2014,1129,2
1090,RSG/2013/page_69.pdf-1,RSG/2013,1130,0
1091,BLL/2010/page_39.pdf-1,BLL/2010,1131,4
1092,PNC/2014/page_151.pdf-3,PNC/2014,1132,1
1093,ETR/2004/page_185.pdf-1,ETR/2004,1134,3
1094,JPM/2009/page_183.pdf-4,JPM/2009,1135,2
1095,AON/2011/page_91.pdf-2,AON/2011,1136,1
1096,HIG/2013/page_124.pdf-2,HIG/2013,1137,3
1097,TROW/2008/page_23.pdf-3,TROW/2008,1138,1
1098,DVN/2011/page_99.pdf-2,DVN/2011,1139,0
1099,AAL/2014/page_92.pdf-3,AAL/2014,1140,0
1100,IP/2016/page_52.pdf-2,IP/2016,1141,3
1101,AAL/2015/page_83.pdf-1,AAL/2015,1142,3
1102,PNC/2014/page_92.pdf-1,PNC/2014,1143,1
1103,FIS/2007/page_102.pdf-1,FIS/2007,1144,3
1104,MRO/2009/page_57.pdf-1,MRO/2009,1145,3
1105,PNC/2007/page_83.pdf-1,PNC/2007,1146,4
1106,ETR/2017/page_352.pdf-3,ETR/2017,1147,2
1107,FIS/2007/page_102.pdf-2,FIS/2007,1148,3
1108,UPS/2012/page_51.pdf-4,UPS/2012,1150,2
1109,STT/2007/page_65.pdf-4,STT/2007,1151,2
1110,ADBE/2012/page_102.pdf-4,ADBE/2012,1152,4
1111,ADBE/2018/page_71.pdf-3,ADBE/2018,1153,2
1112,C/2009/page_194.pdf-1,C/2009,1154,4
1113,ETFC/2007/page_116.pdf-1,ETFC/2007,1155,4
1114,AMT/2015/page_58.pdf-3,AMT/2015,1156,0
1115,ETR/2016/page_375.pdf-2,ETR/2016,1157,1
1116,ETR/2004/page_258.pdf-4,ETR/2004,1158,3
1117,GS/2013/page_195.pdf-3,GS/2013,1159,4
1118,IP/2005/page_32.pdf-2,IP/2005,1160,4
1119,PKG/2009/page_63.pdf-1,PKG/2009,1161,4
1120,CE/2010/page_134.pdf-3,CE/2010,1162,2
1121,PKG/2006/page_68.pdf-3,PKG/2006,1163,2
1122,DVN/2011/page_84.pdf-2,DVN/2011,1164,0
1123,MRO/2009/page_36.pdf-4,MRO/2009,1165,3
1124,V/2012/page_28.pdf-2,V/2012,1166,4
1125,UPS/2013/page_56.pdf-4,UPS/2013,1167,2
1126,AWK/2018/page_162.pdf-1,AWK/2018,1168,2
1127,BKNG/2015/page_38.pdf-1,BKNG/2015,1169,4
1128,PNC/2013/page_102.pdf-1,PNC/2013,1170,2
1129,RCL/2014/page_80.pdf-2,RCL/2014,1171,1
1130,LLY/2008/page_43.pdf-1,LLY/2008,1172,0
1131,LMT/2013/page_87.pdf-2,LMT/2013,1173,3
1132,MA/2009/page_123.pdf-2,MA/2009,1174,4
1133,C/2008/page_189.pdf-3,C/2008,1175,2
1134,UNP/2009/page_89.pdf-2,UNP/2009,1176,1
1135,MA/2009/page_112.pdf-1,MA/2009,1177,4
1136,PNC/2009/page_51.pdf-1,PNC/2009,1178,2
1137,DVN/2015/page_92.pdf-4,DVN/2015,1179,0
1138,JPM/2014/page_127.pdf-4,JPM/2014,1180,0
1139,RSG/2009/page_78.pdf-1,RSG/2009,1181,3
1140,IP/2014/page_65.pdf-2,IP/2014,1182,1
1141,AWK/2014/page_7.pdf-2,AWK/2014,1183,2
1142,IP/2012/page_57.pdf-1,IP/2012,1184,1
1143,ETR/2008/page_153.pdf-4,ETR/2008,1185,0
1144,AMT/2006/page_107.pdf-1,AMT/2006,1186,3
1145,ETR/2016/page_343.pdf-2,ETR/2016,1187,1
1146,ADBE/2009/page_98.pdf-2,ADBE/2009,1188,3
1147,PNC/2016/page_73.pdf-1,PNC/2016,1189,3
1148,AOS/2016/page_19.pdf-1,AOS/2016,1190,2
1149,UNP/2009/page_34.pdf-2,UNP/2009,1191,1
1150,AMT/2015/page_58.pdf-2,AMT/2015,1192,0
1151,LMT/2016/page_83.pdf-3,LMT/2016,1193,3
1152,AWK/2014/page_45.pdf-4,AWK/2014,1195,2
1153,UPS/2007/page_103.pdf-2,UPS/2007,1196,4
1154,CE/2005/page_167.pdf-1,CE/2005,1198,3
1155,ALLE/2015/page_81.pdf-1,ALLE/2015,1199,3
1156,ORLY/2018/page_30.pdf-3,ORLY/2018,1200,3
1157,REGN/2010/page_64.pdf-1,REGN/2010,1201,1
1158,ETFC/2015/page_27.pdf-3,ETFC/2015,1202,4
1159,V/2008/page_130.pdf-2,V/2008,1203,3
1160,ETR/2016/page_444.pdf-1,ETR/2016,1204,1
1161,TROW/2013/page_25.pdf-1,TROW/2013,1205,1
1162,FIS/2012/page_30.pdf-3,FIS/2012,1206,0
1163,AAPL/2014/page_26.pdf-1,AAPL/2014,1207,2
1164,IP/2013/page_64.pdf-1,IP/2013,1208,4
1165,AES/2011/page_261.pdf-4,AES/2011,1210,0
1166,MRO/2008/page_130.pdf-3,MRO/2008,1211,0
1167,CDNS/2007/page_30.pdf-1,CDNS/2007,1212,3
1168,GPN/2014/page_71.pdf-3,GPN/2014,1214,0
1169,ETR/2008/page_356.pdf-3,ETR/2008,1215,0
1170,DVN/2012/page_100.pdf-3,DVN/2012,1216,4
1171,STT/2008/page_116.pdf-2,STT/2008,1217,3
1172,SWKS/2010/page_139.pdf-2,SWKS/2010,1218,4
1173,MAS/2013/page_27.pdf-3,MAS/2013,1219,3
1174,AAPL/2010/page_43.pdf-3,AAPL/2010,1221,4
1175,MA/2008/page_125.pdf-3,MA/2008,1223,4
1176,GPN/2015/page_82.pdf-1,GPN/2015,1224,4
1177,AMT/2016/page_57.pdf-3,AMT/2016,1225,0
1178,MMM/2005/page_72.pdf-1,MMM/2005,1226,0
1179,IPG/2009/page_93.pdf-4,IPG/2009,1227,3
1180,ETR/2004/page_261.pdf-3,ETR/2004,1228,3
1181,AWK/2018/page_178.pdf-4,AWK/2018,1229,2
1182,ADBE/2011/page_83.pdf-3,ADBE/2011,1231,1
1183,RE/2006/page_31.pdf-4,RE/2006,1232,1
1184,STT/2006/page_96.pdf-2,STT/2006,1233,0
1185,ETR/2009/page_21.pdf-2,ETR/2009,1234,0
1186,APD/2014/page_71.pdf-2,APD/2014,1235,4
1187,JKHY/2016/page_25.pdf-1,JKHY/2016,1236,4
1188,C/2008/page_207.pdf-1,C/2008,1237,2
1189,INTC/2013/page_40.pdf-1,INTC/2013,1238,4
1190,VTR/2003/page_39.pdf-2,VTR/2003,1240,4
1191,AAPL/2011/page_24.pdf-3,AAPL/2011,1241,3
1192,ALLE/2015/page_81.pdf-2,ALLE/2015,1242,3
1193,ETR/2017/page_332.pdf-1,ETR/2017,1243,2
1194,JPM/2005/page_70.pdf-1,JPM/2005,1244,1
1195,GS/2017/page_176.pdf-4,GS/2017,1246,3
1196,ECL/2017/page_68.pdf-2,ECL/2017,1247,3
1197,GPN/2008/page_95.pdf-4,GPN/2008,1248,4
1198,ETFC/2013/page_84.pdf-2,ETFC/2013,1249,0
1199,INTC/2018/page_105.pdf-1,INTC/2018,1251,1
1200,ETR/2017/page_175.pdf-4,ETR/2017,1252,2
1201,HWM/2015/page_87.pdf-2,HWM/2015,1253,4
1202,FIS/2016/page_49.pdf-3,FIS/2016,1254,2
1203,PKG/2018/page_66.pdf-4,PKG/2018,1255,3
1204,GPN/2016/page_83.pdf-4,GPN/2016,1256,1
1205,JPM/2014/page_127.pdf-2,JPM/2014,1258,0
1206,SLG/2009/page_84.pdf-2,SLG/2009,1259,4
1207,CE/2005/page_56.pdf-3,CE/2005,1260,3
1208,DVN/2011/page_99.pdf-1,DVN/2011,1261,0
1209,MA/2008/page_116.pdf-4,MA/2008,1262,4
1210,AON/2010/page_100.pdf-1,AON/2010,1263,2
1211,FIS/2010/page_89.pdf-3,FIS/2010,1264,2
1212,HUM/2018/page_46.pdf-3,HUM/2018,1265,1
1213,C/2009/page_279.pdf-4,C/2009,1266,4
1214,EOG/2017/page_103.pdf-1,EOG/2017,1267,2
1215,V/2009/page_89.pdf-2,V/2009,1268,2
1216,ETR/2013/page_14.pdf-2,ETR/2013,1269,4
1217,AON/2011/page_121.pdf-3,AON/2011,1270,1
1218,HIG/2004/page_67.pdf-1,HIG/2004,1271,3
1219,PNC/2012/page_110.pdf-2,PNC/2012,1272,3
1220,HOLX/2004/page_59.pdf-1,HOLX/2004,1273,0
1221,EMR/2017/page_53.pdf-2,EMR/2017,1274,3
1222,CB/2010/page_113.pdf-2,CB/2010,1275,0
1223,AON/2015/page_50.pdf-3,AON/2015,1276,4
1224,ALXN/2007/page_96.pdf-1,ALXN/2007,1277,4
1225,ETR/2013/page_136.pdf-1,ETR/2013,1278,4
1226,C/2009/page_42.pdf-2,C/2009,1279,4
1227,ETFC/2011/page_23.pdf-1,ETFC/2011,1280,0
1228,MA/2010/page_107.pdf-3,MA/2010,1281,4
1229,PKG/2001/page_86.pdf-4,PKG/2001,1282,0
1230,ADBE/2009/page_81.pdf-4,ADBE/2009,1283,3
1231,AAPL/2002/page_23.pdf-2,AAPL/2002,1284,0
1232,ETR/2008/page_187.pdf-3,ETR/2008,1285,0
1233,PM/2018/page_108.pdf-2,PM/2018,1286,0
1234,PNC/2009/page_51.pdf-2,PNC/2009,1287,2
1235,SNPS/2012/page_62.pdf-1,SNPS/2012,1288,1
1236,HWM/2017/page_75.pdf-2,HWM/2017,1289,3
1237,ETR/2017/page_20.pdf-2,ETR/2017,1290,2
1238,ETFC/2015/page_27.pdf-2,ETFC/2015,1291,4
1239,HUM/2018/page_129.pdf-4,HUM/2018,1292,1
1240,PNC/2014/page_205.pdf-2,PNC/2014,1293,1
1241,CB/2010/page_113.pdf-4,CB/2010,1294,0
1242,ETR/2017/page_401.pdf-2,ETR/2017,1295,2
1243,ETR/2008/page_401.pdf-2,ETR/2008,1296,0
1244,EMR/2017/page_53.pdf-1,EMR/2017,1297,3
1245,C/2016/page_120.pdf-3,C/2016,1298,0
1246,HIG/2011/page_184.pdf-3,HIG/2011,1299,0
1247,LMT/2017/page_26.pdf-3,LMT/2017,1300,3
1248,MKTX/2014/page_39.pdf-2,MKTX/2014,1301,1
1249,GPN/2008/page_39.pdf-3,GPN/2008,1302,4
1250,ETR/2017/page_352.pdf-2,ETR/2017,1303,2
1251,AAL/2015/page_15.pdf-2,AAL/2015,1304,3
1252,MA/2008/page_113.pdf-3,MA/2008,1305,4
1253,SNA/2013/page_56.pdf-2,SNA/2013,1306,1
1254,HIG/2004/page_192.pdf-2,HIG/2004,1307,3
1255,EW/2014/page_90.pdf-1,EW/2014,1308,3
1256,HIG/2012/page_132.pdf-1,HIG/2012,1309,4
1257,AWK/2018/page_172.pdf-4,AWK/2018,1310,2
1258,ETR/2008/page_267.pdf-1,ETR/2008,1311,0
1259,HOLX/2011/page_122.pdf-1,HOLX/2011,1312,1
1260,APTV/2015/page_47.pdf-1,APTV/2015,1313,4
1261,CME/2010/page_71.pdf-1,CME/2010,1314,1
1262,PPG/2018/page_32.pdf-2,PPG/2018,1315,1
1263,VTR/2006/page_88.pdf-3,VTR/2006,1316,2
1264,AWK/2013/page_123.pdf-4,AWK/2013,1317,1
1265,RL/2013/page_13.pdf-1,RL/2013,1318,2
1266,HWM/2018/page_67.pdf-1,HWM/2018,1319,4
1267,GIS/2015/page_38.pdf-1,GIS/2015,1320,3
1268,JPM/2014/page_127.pdf-5,JPM/2014,1321,0
1269,AON/2015/page_77.pdf-1,AON/2015,1322,4
1270,ETR/2017/page_342.pdf-2,ETR/2017,1323,2
1271,REGN/2010/page_72.pdf-2,REGN/2010,1324,1
1272,ETR/2004/page_258.pdf-3,ETR/2004,1325,3
1273,UPS/2010/page_33.pdf-3,UPS/2010,1326,3
1274,KMI/2010/page_2.pdf-1,KMI/2010,1327,2
1275,HIG/2013/page_124.pdf-1,HIG/2013,1328,3
1276,ETR/2008/page_314.pdf-2,ETR/2008,1329,0
1277,HWM/2018/page_41.pdf-1,HWM/2018,1331,4
1278,BLL/2007/page_78.pdf-2,BLL/2007,1332,2
1279,VTR/2003/page_39.pdf-3,VTR/2003,1334,4
1280,ETR/2008/page_336.pdf-1,ETR/2008,1335,0
1281,MAS/2012/page_86.pdf-4,MAS/2012,1336,3
1282,IPG/2018/page_26.pdf-3,IPG/2018,1337,0
1283,JPM/2005/page_70.pdf-2,JPM/2005,1338,1
1284,MRO/2018/page_93.pdf-1,MRO/2018,1340,3
1285,AAP/2013/page_32.pdf-1,AAP/2013,1341,3
1286,IPG/2017/page_26.pdf-3,IPG/2017,1342,1
1287,DRE/2009/page_60.pdf-2,DRE/2009,1343,2
1288,AWK/2013/page_12.pdf-1,AWK/2013,1344,1
1289,LMT/2016/page_105.pdf-3,LMT/2016,1345,3
1290,HIG/2016/page_250.pdf-2,HIG/2016,1346,0
1291,LMT/2013/page_47.pdf-2,LMT/2013,1347,3
1292,TFX/2017/page_48.pdf-2,TFX/2017,1348,2
1293,AAP/2012/page_61.pdf-2,AAP/2012,1350,4
1294,ETR/2013/page_136.pdf-3,ETR/2013,1351,4
1295,IP/2014/page_66.pdf-2,IP/2014,1353,1
1296,AMAT/2015/page_31.pdf-3,AMAT/2015,1354,1
1297,AMT/2012/page_56.pdf-3,AMT/2012,1355,2
1298,C/2009/page_255.pdf-4,C/2009,1356,4
1299,UNP/2016/page_24.pdf-1,UNP/2016,1357,3
1300,AMT/2014/page_131.pdf-2,AMT/2014,1358,2
1301,IPG/2015/page_24.pdf-3,IPG/2015,1359,2
1302,ETR/2016/page_175.pdf-3,ETR/2016,1360,1
1303,AAPL/2017/page_23.pdf-1,AAPL/2017,1361,1
1304,UNP/2014/page_30.pdf-1,UNP/2014,1362,2
1305,PNC/2009/page_133.pdf-2,PNC/2009,1363,2
1306,DISH/2011/page_130.pdf-1,DISH/2011,1364,1
1307,MRO/2009/page_132.pdf-2,MRO/2009,1365,3
1308,ETR/2008/page_212.pdf-2,ETR/2008,1366,0
1309,LMT/2002/page_33.pdf-3,LMT/2002,1367,0
1310,GPN/2017/page_72.pdf-1,GPN/2017,1368,3
1311,RL/2018/page_9.pdf-1,RL/2018,1369,0
1312,AWK/2017/page_172.pdf-3,AWK/2017,1370,3
1313,IP/2005/page_27.pdf-2,IP/2005,1372,4
1314,ETR/2016/page_24.pdf-3,ETR/2016,1373,1
1315,AWK/2014/page_122.pdf-2,AWK/2014,1374,2
1316,AON/2011/page_91.pdf-1,AON/2011,1375,1
1317,ETR/2016/page_144.pdf-2,ETR/2016,1376,1
1318,ADBE/2012/page_87.pdf-4,ADBE/2012,1377,4
1319,APTV/2018/page_34.pdf-1,APTV/2018,1378,0
1320,IPG/2008/page_68.pdf-1,IPG/2008,1379,4
1321,AAP/2012/page_61.pdf-1,AAP/2012,1381,4
1322,MRO/2009/page_107.pdf-2,MRO/2009,1382,3
1323,ETR/2004/page_125.pdf-2,ETR/2004,1383,3
1324,DISCA/2011/page_35.pdf-3,DISCA/2011,1384,1
1325,ETR/2004/page_185.pdf-4,ETR/2004,1385,3
1326,BLK/2012/page_31.pdf-2,BLK/2012,1386,2
1327,STT/2008/page_73.pdf-2,STT/2008,1387,3
1328,AWK/2017/page_143.pdf-1,AWK/2017,1388,3
1329,GS/2014/page_167.pdf-3,GS/2014,1389,0
1330,AAL/2014/page_89.pdf-4,AAL/2014,1390,0
1331,GPN/2007/page_39.pdf-2,GPN/2007,1391,1
1332,STT/2009/page_109.pdf-3,STT/2009,1392,3
1333,IP/2015/page_51.pdf-2,IP/2015,1393,2
1334,UNP/2009/page_38.pdf-1,UNP/2009,1394,1
1335,C/2009/page_279.pdf-3,C/2009,1395,4
1336,STT/2017/page_63.pdf-2,STT/2017,1396,1
1337,ETR/2017/page_379.pdf-3,ETR/2017,1397,2
1338,IP/2016/page_52.pdf-1,IP/2016,1398,3
1339,ADBE/2012/page_87.pdf-3,ADBE/2012,1399,4
1340,IP/2012/page_56.pdf-2,IP/2012,1400,1
1341,ETR/2008/page_313.pdf-4,ETR/2008,1401,0
1342,IP/2015/page_46.pdf-2,IP/2015,1402,2
1343,ETR/2008/page_401.pdf-1,ETR/2008,1403,0
1344,BLL/2010/page_33.pdf-4,BLL/2010,1404,4
1345,GPN/2009/page_69.pdf-3,GPN/2009,1405,1
1346,JKHY/2018/page_16.pdf-3,JKHY/2018,1406,2
1347,IP/2013/page_101.pdf-1,IP/2013,1407,4
1348,PPG/2018/page_60.pdf-2,PPG/2018,1408,1
1349,AMT/2016/page_57.pdf-2,AMT/2016,1410,0
1350,C/2008/page_193.pdf-2,C/2008,1411,2
1351,GS/2018/page_134.pdf-3,GS/2018,1412,2
1352,HWM/2015/page_89.pdf-2,HWM/2015,1413,4
1353,ETR/2017/page_373.pdf-2,ETR/2017,1414,2
1354,ETR/2008/page_33.pdf-2,ETR/2008,1415,0
1355,IP/2007/page_30.pdf-1,IP/2007,1416,1
1356,STT/2017/page_100.pdf-1,STT/2017,1417,1
1357,SNPS/2009/page_59.pdf-1,SNPS/2009,1418,2
1358,APTV/2014/page_46.pdf-2,APTV/2014,1420,1
1359,DISH/2015/page_142.pdf-1,DISH/2015,1421,4
1360,MO/2017/page_10.pdf-2,MO/2017,1422,4
1361,HWM/2015/page_92.pdf-2,HWM/2015,1423,4
1362,GS/2012/page_186.pdf-3,GS/2012,1424,0
1363,UPS/2013/page_34.pdf-1,UPS/2013,1425,2
1364,ETR/2009/page_21.pdf-3,ETR/2009,1426,0
1365,AON/2015/page_72.pdf-2,AON/2015,1427,4
1366,ETR/2017/page_379.pdf-1,ETR/2017,1428,2
1367,UNP/2017/page_50.pdf-2,UNP/2017,1429,0
1368,RCL/2005/page_40.pdf-2,RCL/2005,1430,1
1369,RE/2006/page_31.pdf-1,RE/2006,1431,1
1370,C/2009/page_48.pdf-2,C/2009,1432,4
1371,BLL/2011/page_29.pdf-3,BLL/2011,1433,1
1372,EMR/2017/page_66.pdf-1,EMR/2017,1434,3
1373,MRO/2008/page_146.pdf-4,MRO/2008,1435,0
1374,JPM/2008/page_177.pdf-3,JPM/2008,1436,3
1375,ADI/2011/page_92.pdf-2,ADI/2011,1437,1
1376,GIS/2017/page_46.pdf-1,GIS/2017,1438,2
1377,UPS/2007/page_103.pdf-1,UPS/2007,1439,4
1378,ETR/2016/page_343.pdf-1,ETR/2016,1441,1
1379,AMT/2012/page_56.pdf-2,AMT/2012,1442,2
1380,UPS/2013/page_56.pdf-2,UPS/2013,1443,2
1381,DISCA/2011/page_35.pdf-1,DISCA/2011,1444,1
1382,ETR/2008/page_337.pdf-4,ETR/2008,1445,0
1383,UPS/2015/page_108.pdf-4,UPS/2015,1446,2
1384,AAPL/2011/page_38.pdf-1,AAPL/2011,1447,3
1385,ADBE/2012/page_113.pdf-1,ADBE/2012,1448,4
1386,BDX/2009/page_81.pdf-2,BDX/2009,1449,0
1387,SLB/2006/page_82.pdf-1,SLB/2006,1450,2
1388,BLL/2010/page_58.pdf-2,BLL/2010,1451,4
1389,ABC/2005/page_40.pdf-1,ABC/2005,1452,4
1390,AAPL/2014/page_78.pdf-3,AAPL/2014,1453,2
1391,UNP/2012/page_47.pdf-1,UNP/2012,1454,4
1392,ECL/2017/page_96.pdf-2,ECL/2017,1455,3
1393,ETR/2008/page_154.pdf-2,ETR/2008,1456,0
1394,MAR/2010/page_55.pdf-1,MAR/2010,1457,2
1395,IP/2013/page_62.pdf-2,IP/2013,1458,4
1396,IPG/2018/page_100.pdf-1,IPG/2018,1459,0
1397,MA/2008/page_125.pdf-1,MA/2008,1460,4
1398,AAPL/2002/page_63.pdf-1,AAPL/2002,1462,0
1399,AAPL/2015/page_24.pdf-2,AAPL/2015,1463,4
1400,REGN/2010/page_72.pdf-1,REGN/2010,1464,1
1401,ETR/2017/page_175.pdf-2,ETR/2017,1465,2
1402,EOG/2017/page_93.pdf-1,EOG/2017,1466,2
1403,AWK/2018/page_150.pdf-1,AWK/2018,1467,2
1404,MA/2009/page_120.pdf-2,MA/2009,1468,4
1405,JPM/2003/page_24.pdf-2,JPM/2003,1469,4
1406,ETFC/2012/page_85.pdf-3,ETFC/2012,1470,1
1407,VTR/2007/page_48.pdf-3,VTR/2007,1471,3
1408,ECL/2015/page_70.pdf-3,ECL/2015,1472,4
1409,ORLY/2017/page_30.pdf-3,ORLY/2017,1473,4
1410,MO/2016/page_76.pdf-1,MO/2016,1474,2
1411,ETR/2016/page_144.pdf-4,ETR/2016,1475,1
1412,K/2012/page_80.pdf-2,K/2012,1476,0
1413,GPN/2015/page_83.pdf-3,GPN/2015,1477,4
1414,PNC/2011/page_209.pdf-5,PNC/2011,1479,2
1415,ADBE/2013/page_84.pdf-1,ADBE/2013,1481,1
1416,ETR/2017/page_25.pdf-3,ETR/2017,1482,2
1417,CDNS/2012/page_58.pdf-2,CDNS/2012,1483,4
1418,UAA/2016/page_81.pdf-2,UAA/2016,1484,0
1419,DG/2009/page_87.pdf-2,DG/2009,1485,2
1420,CDNS/2016/page_32.pdf-2,CDNS/2016,1486,1
1421,MRO/2008/page_42.pdf-1,MRO/2008,1487,0
1422,GS/2012/page_64.pdf-2,GS/2012,1488,0
1423,AAL/2014/page_80.pdf-2,AAL/2014,1489,0
1424,AAPL/2015/page_56.pdf-2,AAPL/2015,1490,4
1425,GS/2018/page_175.pdf-4,GS/2018,1491,2
1426,JPM/2015/page_83.pdf-2,JPM/2015,1492,1
1427,RL/2015/page_11.pdf-2,RL/2015,1493,3
1428,GPN/2010/page_92.pdf-3,GPN/2010,1494,1
1429,JPM/2016/page_141.pdf-3,JPM/2016,1495,1
1430,STT/2011/page_85.pdf-1,STT/2011,1496,0
1431,CB/2008/page_144.pdf-1,CB/2008,1497,3
1432,BLL/2007/page_75.pdf-4,BLL/2007,1498,2
1433,DRE/2002/page_13.pdf-1,DRE/2002,1499,1
1434,BKNG/2017/page_35.pdf-4,BKNG/2017,1500,0
1435,JPM/2015/page_132.pdf-2,JPM/2015,1501,1
1436,AAL/2015/page_83.pdf-3,AAL/2015,1502,3
1437,UNP/2014/page_16.pdf-2,UNP/2014,1503,2
1438,DVN/2013/page_78.pdf-3,DVN/2013,1504,4
1439,EW/2014/page_90.pdf-2,EW/2014,1505,3
1440,MA/2009/page_115.pdf-3,MA/2009,1506,4
1441,JPM/2008/page_112.pdf-1,JPM/2008,1507,3
1442,MRO/2008/page_130.pdf-1,MRO/2008,1508,0
1443,DISH/2008/page_120.pdf-1,DISH/2008,1509,1
1444,AAP/2016/page_26.pdf-1,AAP/2016,1510,4
1445,SLG/2010/page_50.pdf-3,SLG/2010,1511,3
1446,RL/2011/page_14.pdf-2,RL/2011,1512,0
1447,ILMN/2008/page_77.pdf-2,ILMN/2008,1513,4
1448,AMT/2006/page_107.pdf-2,AMT/2006,1514,3
1449,MAS/2012/page_92.pdf-2,MAS/2012,1515,3
1450,RL/2008/page_21.pdf-2,RL/2008,1516,4
1451,GS/2018/page_108.pdf-3,GS/2018,1517,2
1452,UNP/2011/page_25.pdf-1,UNP/2011,1518,2
1453,EMN/2006/page_108.pdf-2,EMN/2006,1519,3
1454,UPS/2017/page_111.pdf-3,UPS/2017,1520,1
1455,ETR/2009/page_141.pdf-3,ETR/2009,1521,0
1456,MRO/2012/page_41.pdf-1,MRO/2012,1522,0
1457,ETR/2016/page_18.pdf-1,ETR/2016,1523,1
1458,UPS/2012/page_51.pdf-1,UPS/2012,1524,2
1459,HUM/2018/page_46.pdf-4,HUM/2018,1525,1
1460,ORLY/2015/page_28.pdf-3,ORLY/2015,1526,0
1461,APTV/2018/page_34.pdf-2,APTV/2018,1527,0
1462,ZBH/2009/page_71.pdf-1,ZBH/2009,1528,1
1463,LMT/2005/page_76.pdf-3,LMT/2005,1530,4
1464,ETR/2008/page_314.pdf-3,ETR/2008,1531,0
1465,TROW/2008/page_23.pdf-2,TROW/2008,1532,1
1466,MMM/2013/page_26.pdf-2,MMM/2013,1533,4
1467,ETR/2016/page_17.pdf-1,ETR/2016,1534,1
1468,AAPL/2002/page_63.pdf-4,AAPL/2002,1535,0
1469,LKQ/2009/page_66.pdf-1,LKQ/2009,1536,2
1470,JPM/2009/page_183.pdf-2,JPM/2009,1537,2
1471,ETR/2016/page_505.pdf-3,ETR/2016,1538,1
1472,JPM/2016/page_73.pdf-2,JPM/2016,1539,1
1473,ADI/2012/page_65.pdf-2,ADI/2012,1540,0
1474,GPN/2017/page_72.pdf-3,GPN/2017,1542,3
1475,IP/2005/page_28.pdf-1,IP/2005,1543,4
1476,GPN/2008/page_39.pdf-2,GPN/2008,1544,4
1477,INTC/2013/page_71.pdf-1,INTC/2013,1545,4
1478,C/2008/page_217.pdf-1,C/2008,1546,2
1479,UNP/2012/page_24.pdf-1,UNP/2012,1547,4
1480,ADBE/2013/page_68.pdf-1,ADBE/2013,1548,1
1481,IP/2005/page_29.pdf-2,IP/2005,1549,4
1482,AAPL/2013/page_78.pdf-3,AAPL/2013,1550,1
1483,IP/2012/page_56.pdf-1,IP/2012,1551,1
1484,ORLY/2017/page_30.pdf-4,ORLY/2017,1552,4
1485,ETR/2017/page_414.pdf-2,ETR/2017,1553,2
1486,GIS/2019/page_53.pdf-1,GIS/2019,1554,0
1487,FIS/2012/page_11.pdf-1,FIS/2012,1555,0
1488,RCL/2016/page_37.pdf-2,RCL/2016,1556,0
1489,GS/2016/page_81.pdf-2,GS/2016,1557,3
1490,EW/2016/page_72.pdf-1,EW/2016,1558,2
1491,GS/2013/page_184.pdf-4,GS/2013,1559,4
1492,AES/2011/page_216.pdf-1,AES/2011,1561,0
1493,ETFC/2007/page_116.pdf-4,ETFC/2007,1562,4
1494,RE/2017/page_145.pdf-2,RE/2017,1563,4
1495,AAP/2006/page_85.pdf-1,AAP/2006,1564,3
1496,DISCA/2008/page_141.pdf-4,DISCA/2008,1565,3
1497,STT/2008/page_139.pdf-2,STT/2008,1566,3
1498,TMUS/2016/page_32.pdf-4,TMUS/2016,1567,2
1499,DVN/2007/page_78.pdf-2,DVN/2007,1569,1
1500,STT/2006/page_92.pdf-2,STT/2006,1570,0
1501,CE/2009/page_121.pdf-1,CE/2009,1571,2
1502,UPS/2017/page_31.pdf-3,UPS/2017,1572,1
1503,C/2009/page_38.pdf-4,C/2009,1573,4
1504,DISH/2014/page_142.pdf-1,DISH/2014,1574,0
1505,ETR/2013/page_15.pdf-2,ETR/2013,1575,4
1506,ECL/2015/page_70.pdf-1,ECL/2015,1576,4
1507,UPS/2007/page_32.pdf-4,UPS/2007,1577,4
1508,RE/2010/page_138.pdf-5,RE/2010,1578,2
1509,HII/2018/page_64.pdf-3,HII/2018,1579,2
1510,AWK/2017/page_136.pdf-4,AWK/2017,1580,3
1511,UNP/2012/page_39.pdf-2,UNP/2012,1581,4
1512,UNP/2011/page_25.pdf-2,UNP/2011,1582,2
1513,ETR/2008/page_187.pdf-1,ETR/2008,1583,0
1514,LMT/2016/page_117.pdf-1,LMT/2016,1584,3
1515,AAPL/2011/page_38.pdf-2,AAPL/2011,1585,3
1516,AWK/2014/page_45.pdf-1,AWK/2014,1586,2
1517,SNA/2007/page_80.pdf-1,SNA/2007,1587,3
1518,ETR/2004/page_335.pdf-4,ETR/2004,1588,3
1519,CMCSA/2004/page_30.pdf-2,CMCSA/2004,1589,4
1520,JPM/2014/page_128.pdf-3,JPM/2014,1590,0
1521,IPG/2018/page_104.pdf-1,IPG/2018,1591,0
1522,VLO/2013/page_24.pdf-1,VLO/2013,1592,2
1523,HOLX/2005/page_61.pdf-2,HOLX/2005,1593,4
1524,IPG/2009/page_67.pdf-3,IPG/2009,1594,3
1525,DISH/2002/page_94.pdf-2,DISH/2002,1595,2
1526,HOLX/2007/page_154.pdf-1,HOLX/2007,1596,2
1527,BLK/2012/page_82.pdf-2,BLK/2012,1597,2
1528,AWK/2017/page_172.pdf-4,AWK/2017,1598,3
1529,UPS/2010/page_33.pdf-1,UPS/2010,1599,3
1530,ETFC/2014/page_22.pdf-1,ETFC/2014,1600,0
1531,ALXN/2007/page_96.pdf-2,ALXN/2007,1601,4
1532,TFX/2018/page_47.pdf-2,TFX/2018,1602,3
1533,MAS/2017/page_37.pdf-3,MAS/2017,1603,3
1534,GS/2012/page_129.pdf-2,GS/2012,1604,0
1535,MAS/2012/page_92.pdf-1,MAS/2012,1605,3
1536,UNP/2010/page_55.pdf-1,UNP/2010,1606,1
1537,IP/2013/page_70.pdf-1,IP/2013,1607,4
1538,AWK/2015/page_110.pdf-1,AWK/2015,1608,3
1539,CME/2010/page_109.pdf-1,CME/2010,1609,1
1540,GPN/2017/page_30.pdf-2,GPN/2017,1610,3
1541,AES/2001/page_45.pdf-2,AES/2001,1611,0
1542,C/2009/page_279.pdf-1,C/2009,1612,4
1543,IP/2012/page_64.pdf-2,IP/2012,1613,1
1544,ETR/2017/page_401.pdf-1,ETR/2017,1614,2
1545,CB/2010/page_114.pdf-3,CB/2010,1615,0
1546,CE/2010/page_134.pdf-2,CE/2010,1616,2
1547,IPG/2018/page_78.pdf-3,IPG/2018,1617,0
1548,ETR/2013/page_93.pdf-2,ETR/2013,1618,4
1549,FIS/2007/page_52.pdf-2,FIS/2007,1619,3
1550,ETR/2009/page_21.pdf-1,ETR/2009,1620,0
1551,HWM/2015/page_80.pdf-2,HWM/2015,1621,4
1552,MA/2009/page_112.pdf-3,MA/2009,1622,4
1553,PNC/2014/page_94.pdf-2,PNC/2014,1623,1
1554,ETR/2016/page_444.pdf-2,ETR/2016,1624,1
1555,PNC/2013/page_66.pdf-1,PNC/2013,1625,2
1556,HOLX/2011/page_127.pdf-1,HOLX/2011,1626,1
1557,GS/2012/page_129.pdf-1,GS/2012,1627,0
1558,RL/2015/page_11.pdf-1,RL/2015,1628,3
1559,UNP/2013/page_35.pdf-1,UNP/2013,1630,0
1560,ETR/2004/page_125.pdf-1,ETR/2004,1631,3
1561,LMT/2010/page_39.pdf-2,LMT/2010,1633,2
1562,ETR/2008/page_267.pdf-2,ETR/2008,1634,0
1563,IP/2012/page_98.pdf-1,IP/2012,1635,1
1564,HOLX/2008/page_140.pdf-1,HOLX/2008,1636,2
1565,UNP/2012/page_24.pdf-2,UNP/2012,1637,4
1566,AAPL/2002/page_26.pdf-2,AAPL/2002,1638,0
1567,CB/2008/page_83.pdf-1,CB/2008,1639,3
1568,CDNS/2012/page_58.pdf-1,CDNS/2012,1640,4
1569,IPG/2016/page_37.pdf-1,IPG/2016,1641,0
1570,AMT/2012/page_56.pdf-1,AMT/2012,1642,2
1571,AON/2009/page_70.pdf-2,AON/2009,1643,3
1572,RSG/2014/page_22.pdf-2,RSG/2014,1644,2
1573,HIG/2004/page_81.pdf-2,HIG/2004,1645,3
1574,AMT/2012/page_104.pdf-2,AMT/2012,1646,2
1575,AWK/2015/page_112.pdf-4,AWK/2015,1647,3
1576,HUM/2010/page_101.pdf-2,HUM/2010,1648,1
1577,HIG/2011/page_195.pdf-1,HIG/2011,1649,0
1578,FIS/2012/page_11.pdf-4,FIS/2012,1650,0
1579,UPS/2012/page_51.pdf-2,UPS/2012,1651,2
1580,APTV/2018/page_36.pdf-1,APTV/2018,1652,0
1581,C/2009/page_255.pdf-3,C/2009,1653,4
1582,HIG/2004/page_125.pdf-4,HIG/2004,1654,3
1583,APD/2018/page_54.pdf-2,APD/2018,1655,3
1584,GPN/2015/page_83.pdf-1,GPN/2015,1656,4
1585,RSG/2015/page_137.pdf-1,RSG/2015,1657,4
1586,HUM/2007/page_18.pdf-3,HUM/2007,1658,1
1587,DISCA/2013/page_45.pdf-2,DISCA/2013,1659,2
1588,AON/2011/page_38.pdf-1,AON/2011,1660,1
1589,ABC/2005/page_40.pdf-2,ABC/2005,1661,4
1590,PNC/2011/page_209.pdf-4,PNC/2011,1662,2
1591,UNP/2014/page_14.pdf-2,UNP/2014,1663,2
1592,JKHY/2016/page_25.pdf-3,JKHY/2016,1664,4
1593,PNC/2013/page_97.pdf-1,PNC/2013,1665,2
1594,RL/2013/page_13.pdf-2,RL/2013,1666,2
1595,ETR/2016/page_403.pdf-4,ETR/2016,1667,1
1596,MMM/2013/page_48.pdf-1,MMM/2013,1668,4
1597,GPN/2007/page_18.pdf-2,GPN/2007,1670,1
1598,AWK/2014/page_45.pdf-3,AWK/2014,1671,2
1599,SLG/2009/page_84.pdf-1,SLG/2009,1672,4
1600,CE/2009/page_121.pdf-2,CE/2009,1673,2
1601,MAS/2010/page_29.pdf-3,MAS/2010,1674,4
1602,ETR/2008/page_266.pdf-4,ETR/2008,1675,0
1603,ETR/2008/page_362.pdf-1,ETR/2008,1676,0
1604,ALXN/2007/page_49.pdf-2,ALXN/2007,1677,4
1605,ETR/2004/page_185.pdf-2,ETR/2004,1678,3
1606,JPM/2003/page_28.pdf-4,JPM/2003,1680,4
1607,MRO/2009/page_132.pdf-1,MRO/2009,1681,3
1608,UNP/2011/page_78.pdf-1,UNP/2011,1682,2
1609,ETR/2017/page_342.pdf-3,ETR/2017,1683,2
1610,ETR/2008/page_337.pdf-1,ETR/2008,1684,0
1611,JPM/2009/page_206.pdf-5,JPM/2009,1685,2
1612,IP/2005/page_32.pdf-1,IP/2005,1686,4
1613,AMT/2005/page_84.pdf-3,AMT/2005,1687,1
1614,UNP/2011/page_35.pdf-1,UNP/2011,1688,2
1615,AMT/2016/page_57.pdf-1,AMT/2016,1689,0
1616,ETR/2008/page_266.pdf-1,ETR/2008,1690,0
1617,C/2009/page_38.pdf-3,C/2009,1692,4
1618,LMT/2015/page_86.pdf-3,LMT/2015,1693,3
1619,C/2009/page_255.pdf-1,C/2009,1694,4
1620,MRO/2012/page_39.pdf-2,MRO/2012,1695,0
1621,BKNG/2017/page_35.pdf-1,BKNG/2017,1696,0
1622,SPGI/2017/page_73.pdf-2,SPGI/2017,1697,1
1623,STT/2017/page_63.pdf-1,STT/2017,1698,1
1624,GS/2013/page_97.pdf-2,GS/2013,1699,4
1625,HWM/2015/page_94.pdf-2,HWM/2015,1700,4
1626,HUM/2007/page_18.pdf-4,HUM/2007,1701,1
1627,PNC/2011/page_209.pdf-2,PNC/2011,1702,2
1628,AES/2011/page_260.pdf-2,AES/2011,1703,0
1629,AES/2010/page_225.pdf-2,AES/2010,1704,4
1630,TROW/2013/page_25.pdf-4,TROW/2013,1705,1
1631,CME/2010/page_109.pdf-3,CME/2010,1706,1
1632,IP/2007/page_30.pdf-2,IP/2007,1707,1
1633,SNPS/2006/page_67.pdf-1,SNPS/2006,1708,2
1634,AWK/2018/page_162.pdf-4,AWK/2018,1710,2
1635,GPN/2017/page_76.pdf-1,GPN/2017,1711,3
1636,ALLE/2017/page_44.pdf-1,ALLE/2017,1712,2
1637,FIS/2007/page_52.pdf-1,FIS/2007,1713,3
1638,MRO/2009/page_32.pdf-1,MRO/2009,1714,3
1639,FIS/2007/page_52.pdf-4,FIS/2007,1715,3
1640,IP/2018/page_50.pdf-1,IP/2018,1716,1
1641,RL/2009/page_20.pdf-2,RL/2009,1717,1
1642,AAPL/2013/page_27.pdf-1,AAPL/2013,1718,1
1643,UPS/2010/page_33.pdf-2,UPS/2010,1719,3
1644,AAPL/2013/page_72.pdf-2,AAPL/2013,1720,1
1645,JPM/2008/page_194.pdf-3,JPM/2008,1721,3
1646,ETR/2016/page_24.pdf-2,ETR/2016,1722,1
1647,IPG/2015/page_24.pdf-2,IPG/2015,1723,2
1648,BLL/2006/page_45.pdf-3,BLL/2006,1724,4
1649,MO/2014/page_11.pdf-2,MO/2014,1725,2
1650,RL/2011/page_14.pdf-1,RL/2011,1726,0
1651,ORLY/2009/page_77.pdf-1,ORLY/2009,1727,1
1652,ETR/2013/page_136.pdf-4,ETR/2013,1728,4
1653,DVN/2014/page_112.pdf-3,DVN/2014,1729,0
1654,IP/2014/page_71.pdf-2,IP/2014,1730,1
1655,AAPL/2015/page_56.pdf-3,AAPL/2015,1731,4
1656,GPN/2015/page_80.pdf-3,GPN/2015,1732,4
1657,AAPL/2015/page_24.pdf-1,AAPL/2015,1733,4
1658,APTV/2014/page_46.pdf-1,APTV/2014,1734,1
1659,WELL/2016/page_61.pdf-3,WELL/2016,1735,0
1660,HOLX/2006/page_103.pdf-1,HOLX/2006,1736,3
1661,ETR/2013/page_15.pdf-1,ETR/2013,1737,4
1662,ANSS/2016/page_85.pdf-1,ANSS/2016,1738,4
1663,HOLX/2006/page_102.pdf-2,HOLX/2006,1739,3
1664,K/2012/page_80.pdf-1,K/2012,1740,0
1665,EXPD/2017/page_30.pdf-2,EXPD/2017,1741,3
1666,DRE/2002/page_30.pdf-2,DRE/2002,1742,1
1667,RSG/2015/page_75.pdf-2,RSG/2015,1743,4
1668,GPN/2016/page_84.pdf-2,GPN/2016,1744,1
1669,PKG/2001/page_86.pdf-2,PKG/2001,1745,0
1670,LLY/2018/page_99.pdf-1,LLY/2018,1746,1
1671,ETR/2016/page_315.pdf-4,ETR/2016,1747,1
1672,GPN/2016/page_69.pdf-1,GPN/2016,1748,1
1673,RE/2006/page_31.pdf-2,RE/2006,1749,1
1674,HWM/2018/page_69.pdf-2,HWM/2018,1750,4
1675,JPM/2003/page_24.pdf-1,JPM/2003,1751,4
1676,TSCO/2017/page_68.pdf-1,TSCO/2017,1752,0
1677,V/2009/page_89.pdf-1,V/2009,1753,2
1678,UNP/2014/page_24.pdf-1,UNP/2014,1754,2
1679,UPS/2017/page_31.pdf-1,UPS/2017,1755,1
1680,AAPL/2014/page_26.pdf-3,AAPL/2014,1756,2
1681,GPN/2008/page_99.pdf-4,GPN/2008,1757,4
1682,HOLX/2005/page_27.pdf-2,HOLX/2005,1758,4
1683,MAS/2013/page_27.pdf-4,MAS/2013,1759,3
1684,CDNS/2007/page_93.pdf-3,CDNS/2007,1760,3
1685,ETR/2004/page_158.pdf-1,ETR/2004,1761,3
1686,UNP/2013/page_30.pdf-1,UNP/2013,1762,0
1687,ALXN/2007/page_49.pdf-1,ALXN/2007,1763,4
1688,HUM/2018/page_46.pdf-1,HUM/2018,1764,1
1689,IPG/2015/page_38.pdf-2,IPG/2015,1765,2
1690,UNP/2013/page_25.pdf-1,UNP/2013,1766,0
1691,ETFC/2007/page_22.pdf-2,ETFC/2007,1767,4
1692,EW/2014/page_68.pdf-2,EW/2014,1768,3
1693,MRO/2008/page_119.pdf-2,MRO/2008,1769,0
1694,C/2009/page_248.pdf-2,C/2009,1770,4
1695,AAL/2015/page_187.pdf-1,AAL/2015,1771,3
1696,GS/2012/page_177.pdf-3,GS/2012,1772,0
1697,AAPL/2015/page_68.pdf-1,AAPL/2015,1774,4
1698,ETFC/2012/page_85.pdf-1,ETFC/2012,1775,1
1699,HIG/2012/page_132.pdf-3,HIG/2012,1776,4
1700,HUM/2018/page_129.pdf-2,HUM/2018,1777,1
1701,CB/2008/page_83.pdf-2,CB/2008,1778,3
1702,C/2016/page_207.pdf-3,C/2016,1779,0
1703,UNP/2008/page_35.pdf-1,UNP/2008,1780,4
1704,AES/2010/page_225.pdf-1,AES/2010,1781,4
1705,UNP/2008/page_59.pdf-1,UNP/2008,1782,4
1706,LMT/2010/page_24.pdf-3,LMT/2010,1783,2
1707,GIS/2018/page_59.pdf-2,GIS/2018,1784,2
1708,ETR/2008/page_212.pdf-3,ETR/2008,1785,0
1709,ORLY/2018/page_30.pdf-4,ORLY/2018,1786,3
1710,LMT/2015/page_106.pdf-1,LMT/2015,1787,3
1711,LMT/2002/page_33.pdf-1,LMT/2002,1788,0
1712,DVN/2013/page_101.pdf-1,DVN/2013,1789,4
1713,ADBE/2013/page_84.pdf-3,ADBE/2013,1790,1
1714,C/2016/page_120.pdf-4,C/2016,1791,0
1715,LLY/2018/page_75.pdf-3,LLY/2018,1792,1
1716,RSG/2010/page_157.pdf-1,RSG/2010,1793,3
1717,DVN/2013/page_78.pdf-1,DVN/2013,1794,4
1718,UPS/2007/page_32.pdf-3,UPS/2007,1795,4
1719,V/2013/page_116.pdf-3,V/2013,1796,1
1720,MMM/2007/page_90.pdf-1,MMM/2007,1797,4
1721,AON/2013/page_54.pdf-4,AON/2013,1798,0
1722,LLY/2008/page_45.pdf-4,LLY/2008,1799,0
1723,AAPL/2013/page_78.pdf-1,AAPL/2013,1800,1
1724,ETR/2008/page_154.pdf-1,ETR/2008,1801,0
1725,ETR/2004/page_185.pdf-3,ETR/2004,1802,3
1726,JPM/2009/page_132.pdf-3,JPM/2009,1803,2
1727,MRO/2008/page_70.pdf-4,MRO/2008,1804,0
1728,ETR/2016/page_343.pdf-3,ETR/2016,1805,1
1729,UPS/2017/page_111.pdf-4,UPS/2017,1806,1
1730,STT/2009/page_122.pdf-4,STT/2009,1807,3
1731,AAL/2015/page_51.pdf-2,AAL/2015,1808,3
1732,AES/2001/page_77.pdf-1,AES/2001,1809,0
1733,EXPD/2017/page_30.pdf-1,EXPD/2017,1810,3
1734,ETR/2017/page_19.pdf-3,ETR/2017,1811,2
1735,HIG/2004/page_67.pdf-2,HIG/2004,1812,3
1736,NTAP/2014/page_33.pdf-1,NTAP/2014,1813,3
1737,JPM/2016/page_140.pdf-4,JPM/2016,1814,1
1738,HOLX/2008/page_145.pdf-1,HOLX/2008,1815,2
1739,DG/2009/page_87.pdf-1,DG/2009,1816,2
1740,UPS/2007/page_32.pdf-2,UPS/2007,1817,4
1741,JKHY/2018/page_16.pdf-1,JKHY/2018,1818,2
1742,ADBE/2014/page_70.pdf-4,ADBE/2014,1819,0
1743,INTC/2018/page_105.pdf-2,INTC/2018,1820,1
1744,ETR/2008/page_153.pdf-3,ETR/2008,1821,0
1745,PNC/2012/page_98.pdf-1,PNC/2012,1822,3
1746,DISCA/2013/page_60.pdf-3,DISCA/2013,1823,2
1747,IP/2013/page_101.pdf-2,IP/2013,1824,4
1748,IP/2005/page_29.pdf-1,IP/2005,1825,4
1749,VTR/2007/page_97.pdf-2,VTR/2007,1826,3
1750,VTR/2006/page_48.pdf-4,VTR/2006,1827,2
1751,CDNS/2016/page_76.pdf-2,CDNS/2016,1828,1
1752,GS/2017/page_176.pdf-3,GS/2017,1829,3
1753,ETR/2017/page_401.pdf-3,ETR/2017,1830,2
1754,V/2008/page_165.pdf-1,V/2008,1831,3
1755,IPG/2016/page_86.pdf-1,IPG/2016,1832,0
1756,GPN/2017/page_72.pdf-2,GPN/2017,1833,3
1757,IP/2013/page_70.pdf-2,IP/2013,1834,4
1758,IPG/2006/page_41.pdf-2,IPG/2006,1836,0
1759,UPS/2015/page_35.pdf-1,UPS/2015,1837,2
1760,CDNS/2007/page_30.pdf-4,CDNS/2007,1839,3
1761,STT/2017/page_100.pdf-4,STT/2017,1840,1
1762,HWM/2015/page_73.pdf-1,HWM/2015,1841,4
1763,DISCA/2011/page_35.pdf-2,DISCA/2011,1842,1
1764,AWK/2012/page_12.pdf-1,AWK/2012,1843,0
1765,MAS/2012/page_86.pdf-3,MAS/2012,1844,3
1766,AWK/2018/page_131.pdf-1,AWK/2018,1845,2
1767,ADBE/2018/page_66.pdf-3,ADBE/2018,1846,2
1768,MRO/2008/page_119.pdf-1,MRO/2008,1847,0
1769,LLY/2008/page_39.pdf-2,LLY/2008,1848,0
1770,MRO/2004/page_57.pdf-4,MRO/2004,1849,4
1771,ETR/2004/page_261.pdf-4,ETR/2004,1850,3
1772,UPS/2010/page_33.pdf-4,UPS/2010,1851,3
1773,ETR/2004/page_86.pdf-2,ETR/2004,1852,3
1774,C/2008/page_26.pdf-1,C/2008,1853,2
1775,WRK/2019/page_31.pdf-2,WRK/2019,1854,4
1776,RSG/2013/page_69.pdf-2,RSG/2013,1855,0
1777,MRO/2009/page_32.pdf-2,MRO/2009,1856,3
1778,SLG/2013/page_133.pdf-3,SLG/2013,1857,3
1779,HFC/2011/page_85.pdf-1,HFC/2011,1859,2
1780,C/2009/page_42.pdf-1,C/2009,1860,4
1781,PPG/2005/page_20.pdf-1,PPG/2005,1861,3
1782,ETR/2009/page_107.pdf-3,ETR/2009,1862,0
1783,AAPL/2015/page_68.pdf-2,AAPL/2015,1863,4
1784,BLK/2009/page_98.pdf-1,BLK/2009,1864,2
1785,ETR/2008/page_343.pdf-1,ETR/2008,1865,0
1786,ETR/2004/page_159.pdf-3,ETR/2004,1866,3
1787,MMM/2007/page_58.pdf-1,MMM/2007,1867,4
1788,AON/2009/page_70.pdf-1,AON/2009,1868,3
1789,GIS/2019/page_53.pdf-2,GIS/2019,1869,0
1790,AWK/2013/page_12.pdf-2,AWK/2013,1870,1
1791,BLK/2017/page_87.pdf-2,BLK/2017,1871,0
1792,GS/2016/page_81.pdf-1,GS/2016,1872,3
1793,ETR/2008/page_343.pdf-2,ETR/2008,1873,0
1794,ETFC/2007/page_116.pdf-3,ETFC/2007,1874,4
1795,BLL/2011/page_29.pdf-2,BLL/2011,1876,1
1796,C/2008/page_105.pdf-3,C/2008,1877,2
1797,GPN/2009/page_69.pdf-1,GPN/2009,1878,1
1798,ADI/2010/page_50.pdf-1,ADI/2010,1879,2
1799,JPM/2008/page_41.pdf-2,JPM/2008,1880,3
1800,MAS/2013/page_27.pdf-1,MAS/2013,1881,3
1801,HIG/2013/page_212.pdf-2,HIG/2013,1882,3
1802,PNC/2011/page_74.pdf-3,PNC/2011,1883,2
1803,UNP/2010/page_79.pdf-2,UNP/2010,1884,1
1804,HUM/2005/page_18.pdf-3,HUM/2005,1885,2
1805,AMT/2012/page_121.pdf-2,AMT/2012,1886,2
1806,ADBE/2014/page_87.pdf-1,ADBE/2014,1887,0
1807,UA/2015/page_77.pdf-1,UA/2015,1888,0
1808,RSG/2015/page_75.pdf-1,RSG/2015,1889,4
1809,AMAT/2015/page_14.pdf-1,AMAT/2015,1890,1
1810,IPG/2016/page_46.pdf-2,IPG/2016,1891,0
1811,VNO/2008/page_183.pdf-2,VNO/2008,1892,0
1812,AES/2011/page_230.pdf-2,AES/2011,1893,0
1813,LMT/2015/page_106.pdf-2,LMT/2015,1894,3
1814,ILMN/2007/page_84.pdf-1,ILMN/2007,1895,2
1815,SLG/2002/page_56.pdf-1,SLG/2002,1896,0
1816,ETR/2004/page_186.pdf-2,ETR/2004,1897,3
1817,IP/2013/page_61.pdf-2,IP/2013,1898,4
1818,ETR/2008/page_313.pdf-1,ETR/2008,1899,0
1819,C/2008/page_207.pdf-3,C/2008,1901,2
1820,MRO/2009/page_138.pdf-2,MRO/2009,1902,3
1821,AES/2011/page_131.pdf-4,AES/2011,1904,0
1822,AES/2017/page_168.pdf-4,AES/2017,1905,3
1823,AAL/2014/page_80.pdf-3,AAL/2014,1907,0
1824,PNC/2007/page_107.pdf-2,PNC/2007,1908,4
1825,HWM/2017/page_77.pdf-2,HWM/2017,1909,3
1826,RCL/2005/page_40.pdf-3,RCL/2005,1910,1
1827,TFX/2015/page_42.pdf-2,TFX/2015,1911,4
1828,MMM/2005/page_53.pdf-1,MMM/2005,1912,0
1829,OKE/2007/page_51.pdf-2,OKE/2007,1913,2
1830,AWK/2015/page_127.pdf-3,AWK/2015,1914,3
1831,ETR/2008/page_435.pdf-2,ETR/2008,1915,0
1832,GPN/2008/page_95.pdf-2,GPN/2008,1916,4
1833,RL/2009/page_22.pdf-2,RL/2009,1917,1
1834,DRE/2010/page_59.pdf-1,DRE/2010,1918,1
1835,IP/2014/page_65.pdf-1,IP/2014,1919,1
1836,CB/2008/page_217.pdf-1,CB/2008,1920,3
1837,ETR/2004/page_159.pdf-1,ETR/2004,1921,3
1838,UNP/2008/page_34.pdf-2,UNP/2008,1922,4
1839,ETR/2008/page_266.pdf-2,ETR/2008,1923,0
1840,MRO/2013/page_40.pdf-1,MRO/2013,1924,1
1841,DVN/2012/page_100.pdf-2,DVN/2012,1925,4
1842,GS/2016/page_161.pdf-2,GS/2016,1926,3
1843,ZBH/2009/page_71.pdf-2,ZBH/2009,1927,1
1844,ALLE/2017/page_44.pdf-2,ALLE/2017,1928,2
1845,UNP/2013/page_73.pdf-2,UNP/2013,1929,0
1846,CME/2010/page_45.pdf-4,CME/2010,1930,1
1847,GS/2014/page_134.pdf-4,GS/2014,1931,0
1848,RCL/2017/page_38.pdf-3,RCL/2017,1932,0
1849,ADI/2019/page_77.pdf-1,ADI/2019,1933,4
1850,IPG/2015/page_24.pdf-1,IPG/2015,1934,2
1851,AMAT/2015/page_14.pdf-2,AMAT/2015,1935,1
1852,ETR/2017/page_477.pdf-2,ETR/2017,1936,2
1853,UNP/2014/page_80.pdf-1,UNP/2014,1937,2
1854,AAL/2015/page_131.pdf-4,AAL/2015,1938,3
1855,AAL/2015/page_51.pdf-1,AAL/2015,1939,3
1856,BLL/2006/page_45.pdf-4,BLL/2006,1940,4
1857,ZBH/2018/page_61.pdf-2,ZBH/2018,1941,4
1858,AES/2001/page_42.pdf-3,AES/2001,1942,0
1859,AAPL/2014/page_67.pdf-2,AAPL/2014,1943,2
1860,BKNG/2015/page_38.pdf-4,BKNG/2015,1944,4
1861,PKG/2009/page_63.pdf-3,PKG/2009,1945,4
1862,PKG/2004/page_23.pdf-3,PKG/2004,1946,3
1863,BLL/2006/page_45.pdf-2,BLL/2006,1947,4
1864,INTC/2013/page_71.pdf-3,INTC/2013,1948,4
1865,ETR/2017/page_343.pdf-1,ETR/2017,1950,2
1866,GPN/2016/page_29.pdf-2,GPN/2016,1951,1
1867,MRO/2013/page_49.pdf-3,MRO/2013,1953,1
1868,RSG/2018/page_13.pdf-2,RSG/2018,1954,0
1869,ETR/2008/page_33.pdf-1,ETR/2008,1955,0
1870,LMT/2015/page_55.pdf-1,LMT/2015,1956,3
1871,ETR/2016/page_315.pdf-1,ETR/2016,1957,1
1872,KMI/2010/page_164.pdf-3,KMI/2010,1958,2
1873,MRO/2009/page_35.pdf-2,MRO/2009,1959,3
1874,DRE/2007/page_39.pdf-4,DRE/2007,1960,3
1875,IPG/2017/page_49.pdf-4,IPG/2017,1961,1
1876,IPG/2014/page_23.pdf-1,IPG/2014,1962,2
1877,SWKS/2011/page_112.pdf-1,SWKS/2011,1963,3
1878,RE/2010/page_120.pdf-2,RE/2010,1964,2
1879,ETR/2008/page_376.pdf-3,ETR/2008,1965,0
1880,ETR/2004/page_160.pdf-4,ETR/2004,1966,3
1881,HOLX/2011/page_127.pdf-2,HOLX/2011,1967,1
1882,VNO/2005/page_69.pdf-2,VNO/2005,1968,2
1883,RL/2009/page_22.pdf-1,RL/2009,1969,1
1884,MA/2009/page_115.pdf-4,MA/2009,1970,4
1885,SNA/2013/page_93.pdf-4,SNA/2013,1971,1
1886,HUM/2018/page_129.pdf-1,HUM/2018,1972,1
1887,ETR/2015/page_18.pdf-1,ETR/2015,1973,2
1888,LMT/2010/page_36.pdf-2,LMT/2010,1974,2
1889,GPN/2009/page_68.pdf-1,GPN/2009,1975,1
1890,NKE/2015/page_37.pdf-1,NKE/2015,1976,1
1891,ETFC/2007/page_22.pdf-1,ETFC/2007,1977,4
1892,AWK/2014/page_122.pdf-1,AWK/2014,1978,2
1893,UNP/2008/page_71.pdf-3,UNP/2008,1979,4
1894,EMN/2007/page_111.pdf-2,EMN/2007,1980,2
1895,MO/2017/page_79.pdf-1,MO/2017,1981,4
1896,UNP/2009/page_26.pdf-2,UNP/2009,1982,1
1897,APTV/2015/page_47.pdf-3,APTV/2015,1983,4
1898,UNP/2015/page_76.pdf-2,UNP/2015,1984,0
1899,VLO/2012/page_27.pdf-2,VLO/2012,1985,1
1900,BLK/2008/page_75.pdf-3,BLK/2008,1986,3
1901,BLK/2013/page_29.pdf-3,BLK/2013,1987,1
1902,ANSS/2016/page_85.pdf-2,ANSS/2016,1988,4
1903,IP/2015/page_44.pdf-3,IP/2015,1989,2
1904,UNP/2013/page_29.pdf-2,UNP/2013,1990,0
1905,MO/2014/page_76.pdf-1,MO/2014,1991,2
1906,UNP/2013/page_29.pdf-3,UNP/2013,1992,0
1907,IP/2007/page_38.pdf-3,IP/2007,1993,1
1908,UNP/2011/page_56.pdf-3,UNP/2011,1994,2
1909,BLK/2016/page_35.pdf-3,BLK/2016,1995,3
1910,APTV/2018/page_36.pdf-3,APTV/2018,1996,0
1911,UNP/2015/page_76.pdf-3,UNP/2015,1997,0
1912,SNPS/2006/page_68.pdf-3,SNPS/2006,1999,2
1913,UNP/2015/page_80.pdf-3,UNP/2015,2000,0
1914,CAT/2017/page_113.pdf-3,CAT/2017,2001,2
1915,UNP/2011/page_35.pdf-3,UNP/2011,2002,2
1916,UNP/2015/page_31.pdf-2,UNP/2015,2003,0
1917,IP/2013/page_70.pdf-3,IP/2013,2004,4
1918,UNP/2010/page_79.pdf-3,UNP/2010,2005,1
1919,APTV/2015/page_50.pdf-3,APTV/2015,2006,4
1920,BKR/2018/page_59.pdf-3,BKR/2018,2007,3
1921,UNP/2008/page_71.pdf-4,UNP/2008,2008,4
1922,UNP/2010/page_33.pdf-2,UNP/2010,2009,1
1923,PPG/2018/page_60.pdf-3,PPG/2018,2010,1
1924,APTV/2014/page_46.pdf-3,APTV/2014,2011,1
1925,IP/2013/page_65.pdf-2,IP/2013,2012,4
1926,IP/2007/page_34.pdf-1,IP/2007,2013,1
1927,UNP/2008/page_81.pdf-2,UNP/2008,2014,4
1928,BLK/2012/page_31.pdf-3,BLK/2012,2015,2
1929,PPG/2005/page_20.pdf-3,PPG/2005,2016,3
1930,BKR/2018/page_52.pdf-1,BKR/2018,2017,3
1931,APTV/2018/page_34.pdf-3,APTV/2018,2019,0
1932,UNP/2013/page_35.pdf-2,UNP/2013,2020,0
1933,IP/2007/page_30.pdf-3,IP/2007,2021,1
1934,BLK/2012/page_32.pdf-3,BLK/2012,2022,2
1935,IP/2005/page_29.pdf-3,IP/2005,2023,4
1936,CMCSA/2015/page_70.pdf-1,CMCSA/2015,2024,1
1937,UNP/2012/page_47.pdf-2,UNP/2012,2025,4
1938,IP/2013/page_64.pdf-3,IP/2013,2026,4
1939,UNP/2017/page_23.pdf-3,UNP/2017,2027,0
1940,MO/2017/page_10.pdf-3,MO/2017,2028,4
1941,UNP/2010/page_24.pdf-3,UNP/2010,2029,1
1942,UNP/2008/page_32.pdf-2,UNP/2008,2030,4
1943,UNP/2014/page_30.pdf-3,UNP/2014,2031,2
1944,PPG/2018/page_20.pdf-2,PPG/2018,2032,1
1945,UNP/2015/page_80.pdf-4,UNP/2015,2033,0
1946,UNP/2008/page_81.pdf-3,UNP/2008,2034,4
1947,MO/2014/page_11.pdf-3,MO/2014,2035,2
1948,UNP/2008/page_59.pdf-3,UNP/2008,2036,4
1949,UNP/2011/page_78.pdf-3,UNP/2011,2037,2
1950,UNP/2009/page_26.pdf-3,UNP/2009,2038,1
1951,EXPD/2017/page_30.pdf-3,EXPD/2017,2039,3
1952,IP/2005/page_28.pdf-3,IP/2005,2040,4
1953,MO/2016/page_76.pdf-2,MO/2016,2041,2
1954,UNP/2014/page_16.pdf-3,UNP/2014,2042,2
1955,IP/2015/page_46.pdf-3,IP/2015,2043,2
1956,SNPS/2006/page_73.pdf-2,SNPS/2006,2044,2
1957,BKR/2017/page_49.pdf-2,BKR/2017,2045,4
1958,UNP/2009/page_89.pdf-3,UNP/2009,2046,1
1959,UNP/2014/page_14.pdf-3,UNP/2014,2047,2
1960,IP/2012/page_55.pdf-4,IP/2012,2048,1
1961,IP/2014/page_101.pdf-3,IP/2014,2049,1
1962,UNP/2009/page_38.pdf-3,UNP/2009,2050,1
1963,AAP/2011/page_16.pdf-3,AAP/2011,2051,0
1964,IP/2013/page_61.pdf-3,IP/2013,2052,4
1965,IP/2012/page_57.pdf-4,IP/2012,2053,1
1966,UNP/2012/page_55.pdf-3,UNP/2012,2054,4
1967,SNPS/2006/page_73.pdf-1,SNPS/2006,2056,2
1968,VLO/2013/page_24.pdf-2,VLO/2013,2057,2
1969,UNP/2008/page_32.pdf-1,UNP/2008,2058,4
1970,UNP/2011/page_25.pdf-3,UNP/2011,2060,2
1971,BLK/2012/page_31.pdf-4,BLK/2012,2061,2
1972,ABMD/2015/page_93.pdf-3,ABMD/2015,2063,2
1973,IP/2013/page_105.pdf-1,IP/2013,2064,4
1974,BLK/2012/page_82.pdf-3,BLK/2012,2065,2
1975,UNP/2012/page_23.pdf-3,UNP/2012,2066,4
1976,UNP/2009/page_25.pdf-3,UNP/2009,2067,1
1977,UNP/2017/page_74.pdf-3,UNP/2017,2068,0
1978,ABMD/2011/page_33.pdf-3,ABMD/2011,2069,3
1979,UNP/2007/page_79.pdf-2,UNP/2007,2070,0
1980,IP/2018/page_50.pdf-3,IP/2018,2071,1
1981,PPG/2018/page_54.pdf-3,PPG/2018,2073,1
1982,UNP/2013/page_24.pdf-2,UNP/2013,2074,0
1983,UNP/2015/page_31.pdf-1,UNP/2015,2075,0
1984,BLK/2014/page_33.pdf-3,BLK/2014,2076,2
1985,UNP/2012/page_79.pdf-3,UNP/2012,2077,4
1986,UNP/2014/page_80.pdf-2,UNP/2014,2078,2
1987,UNP/2010/page_33.pdf-1,UNP/2010,2079,1
1988,IP/2012/page_84.pdf-1,IP/2012,2080,1
1989,TFX/2014/page_44.pdf-4,TFX/2014,2081,0
1990,APTV/2014/page_46.pdf-4,APTV/2014,2082,1
1991,PPG/2015/page_40.pdf-3,PPG/2015,2083,4
1992,BDX/2016/page_62.pdf-2,BDX/2016,2085,1
1993,UNP/2010/page_75.pdf-2,UNP/2010,2086,1
1994,UNP/2013/page_35.pdf-3,UNP/2013,2087,0
1995,UNP/2014/page_56.pdf-3,UNP/2014,2088,2
1996,CMCSA/2008/page_56.pdf-1,CMCSA/2008,2090,4
1997,UNP/2010/page_25.pdf-2,UNP/2010,2091,1
1998,ANSS/2016/page_85.pdf-3,ANSS/2016,2092,4
1999,UNP/2008/page_83.pdf-3,UNP/2008,2093,4
2000,BLK/2016/page_75.pdf-3,BLK/2016,2094,3
2001,ABMD/2011/page_33.pdf-4,ABMD/2011,2095,3
2002,UNP/2008/page_83.pdf-4,UNP/2008,2096,4
2003,IP/2013/page_62.pdf-4,IP/2013,2097,4
2004,UNP/2011/page_25.pdf-4,UNP/2011,2098,2
2005,UNP/2008/page_26.pdf-3,UNP/2008,2099,4
2006,PPG/2015/page_40.pdf-4,PPG/2015,2100,4
2007,IP/2016/page_52.pdf-3,IP/2016,2101,3
2008,AAP/2012/page_61.pdf-3,AAP/2012,2102,4
2009,MO/2017/page_79.pdf-2,MO/2017,2103,4
2010,CAT/2017/page_136.pdf-2,CAT/2017,2104,2
2011,IP/2014/page_105.pdf-2,IP/2014,2105,1
2012,UNP/2014/page_24.pdf-3,UNP/2014,2106,2
2013,LKQ/2009/page_77.pdf-3,LKQ/2009,2107,2
2014,KIM/2010/page_94.pdf-4,KIM/2010,2108,3
2015,SNPS/2006/page_43.pdf-1,SNPS/2006,2109,2
2016,UNP/2012/page_39.pdf-3,UNP/2012,2110,4
2017,UNP/2012/page_74.pdf-1,UNP/2012,2111,4
2018,UNP/2011/page_78.pdf-4,UNP/2011,2112,2
2019,UNP/2014/page_24.pdf-4,UNP/2014,2113,2
2020,UNP/2009/page_31.pdf-2,UNP/2009,2115,1
2021,CMCSA/2015/page_165.pdf-1,CMCSA/2015,2116,1
2022,LKQ/2010/page_72.pdf-3,LKQ/2010,2117,1
2023,UNP/2013/page_24.pdf-3,UNP/2013,2118,0
2024,UNP/2010/page_30.pdf-2,UNP/2010,2119,1
2025,VRTX/2006/page_8.pdf-1,VRTX/2006,2120,0
2026,UNP/2014/page_14.pdf-4,UNP/2014,2121,2
2027,TFX/2015/page_42.pdf-3,TFX/2015,2122,4
2028,IP/2005/page_27.pdf-4,IP/2005,2123,4
2029,UNP/2015/page_16.pdf-1,UNP/2015,2124,0
2030,IP/2005/page_83.pdf-1,IP/2005,2125,4
2031,IP/2014/page_65.pdf-3,IP/2014,2126,1
2032,APTV/2015/page_47.pdf-4,APTV/2015,2127,4
2033,MO/2016/page_76.pdf-3,MO/2016,2128,2
2034,UNP/2007/page_79.pdf-3,UNP/2007,2129,0
2035,PPG/2005/page_20.pdf-4,PPG/2005,2130,3
2036,IP/2005/page_32.pdf-3,IP/2005,2131,4
2037,LKQ/2018/page_102.pdf-4,LKQ/2018,2132,1
2038,UNP/2009/page_31.pdf-3,UNP/2009,2133,1
2039,BDX/2017/page_28.pdf-2,BDX/2017,2134,3
2040,UNP/2014/page_56.pdf-4,UNP/2014,2135,2
2041,UNP/2018/page_50.pdf-3,UNP/2018,2136,4
2042,UNP/2009/page_25.pdf-4,UNP/2009,2137,1
2043,BLK/2016/page_75.pdf-4,BLK/2016,2138,3
2044,PPG/2008/page_19.pdf-4,PPG/2008,2139,2
2045,ADI/2010/page_90.pdf-3,ADI/2010,2140,2
2046,UNP/2008/page_26.pdf-4,UNP/2008,2142,4
2047,UNP/2011/page_56.pdf-4,UNP/2011,2143,2
2048,UNP/2012/page_29.pdf-3,UNP/2012,2144,4
2049,UNP/2017/page_50.pdf-3,UNP/2017,2145,0
2050,UNP/2016/page_24.pdf-2,UNP/2016,2146,3
2051,UNP/2009/page_61.pdf-3,UNP/2009,2147,1
2052,IP/2015/page_51.pdf-4,IP/2015,2148,2
2053,APTV/2018/page_34.pdf-4,APTV/2018,2149,0
2054,LKQ/2012/page_25.pdf-3,LKQ/2012,2150,0
2055,UNP/2012/page_34.pdf-3,UNP/2012,2151,4
2056,UNP/2012/page_39.pdf-4,UNP/2012,2152,4
2057,UNP/2016/page_75.pdf-3,UNP/2016,2153,3
2058,UNP/2012/page_30.pdf-3,UNP/2012,2154,4
2059,UNP/2014/page_30.pdf-4,UNP/2014,2155,2
2060,BKR/2018/page_52.pdf-2,BKR/2018,2156,3
2061,LKQ/2009/page_66.pdf-4,LKQ/2009,2157,2
2062,EMN/2004/page_82.pdf-1,EMN/2004,2158,4
2063,ANSS/2008/page_85.pdf-3,ANSS/2008,2159,4
2064,VLO/2012/page_130.pdf-1,VLO/2012,2160,1
2065,UNP/2010/page_25.pdf-1,UNP/2010,2161,1
2066,APTV/2013/page_48.pdf-3,APTV/2013,2162,1
2067,CMCSA/2015/page_42.pdf-3,CMCSA/2015,2163,1
2068,BLK/2014/page_33.pdf-4,BLK/2014,2164,2
2069,UNP/2009/page_38.pdf-4,UNP/2009,2165,1
2070,HOLX/2011/page_122.pdf-4,HOLX/2011,2166,1
2071,SNPS/2013/page_61.pdf-2,SNPS/2013,2167,2
2072,BLK/2016/page_35.pdf-4,BLK/2016,2168,3
2073,UNP/2009/page_61.pdf-4,UNP/2009,2169,1
2074,UNP/2012/page_55.pdf-4,UNP/2012,2170,4
2075,UNP/2011/page_80.pdf-3,UNP/2011,2171,2
2076,BLK/2017/page_35.pdf-4,BLK/2017,2172,0
2077,SNPS/2006/page_43.pdf-2,SNPS/2006,2173,2
2078,UNP/2011/page_35.pdf-4,UNP/2011,2175,2
2079,LKQ/2018/page_93.pdf-1,LKQ/2018,2176,1
2080,IP/2014/page_71.pdf-4,IP/2014,2177,1
2081,IP/2015/page_83.pdf-1,IP/2015,2178,2
2082,PPG/2018/page_61.pdf-3,PPG/2018,2179,1
2083,BLK/2012/page_32.pdf-4,BLK/2012,2180,2
2084,PPG/2018/page_60.pdf-4,PPG/2018,2181,1
2085,UNP/2007/page_58.pdf-1,UNP/2007,2182,0
2086,CMCSA/2015/page_158.pdf-1,CMCSA/2015,2183,1
2087,UNP/2012/page_23.pdf-4,UNP/2012,2184,4
2088,IP/2015/page_82.pdf-1,IP/2015,2185,2
2089,UNP/2014/page_16.pdf-4,UNP/2014,2186,2
2090,SNPS/2006/page_67.pdf-4,SNPS/2006,2187,2
2091,MO/2017/page_10.pdf-4,MO/2017,2188,4
2092,UNP/2016/page_24.pdf-3,UNP/2016,2189,3
2093,IP/2007/page_19.pdf-1,IP/2007,2190,1
2094,KIM/2006/page_67.pdf-3,KIM/2006,2191,3
2095,IP/2007/page_32.pdf-1,IP/2007,2192,1
2096,UNP/2015/page_14.pdf-1,UNP/2015,2193,0
2097,IP/2014/page_104.pdf-2,IP/2014,2194,1
2098,CMCSA/2004/page_30.pdf-4,CMCSA/2004,2195,4
2099,KIM/2009/page_25.pdf-3,KIM/2009,2196,4
2100,IP/2018/page_45.pdf-2,IP/2018,2197,1
2101,UNP/2014/page_80.pdf-3,UNP/2014,2198,2
2102,BKR/2017/page_49.pdf-1,BKR/2017,2199,4
2103,PPG/2018/page_20.pdf-1,PPG/2018,2200,1
2104,UNP/2008/page_59.pdf-4,UNP/2008,2201,4
2105,PPG/2016/page_42.pdf-3,PPG/2016,2202,3
2106,UNP/2013/page_14.pdf-3,UNP/2013,2203,0
2107,UNP/2011/page_80.pdf-4,UNP/2011,2204,2
2108,UNP/2012/page_30.pdf-4,UNP/2012,2205,4
2109,ABMD/2015/page_53.pdf-3,ABMD/2015,2206,2
2110,VLO/2012/page_129.pdf-1,VLO/2012,2207,1
2111,LKQ/2016/page_48.pdf-4,LKQ/2016,2208,2
2112,UNP/2015/page_14.pdf-2,UNP/2015,2209,0
2113,AAP/2016/page_26.pdf-3,AAP/2016,2210,4
2114,UNP/2017/page_50.pdf-4,UNP/2017,2211,0
2115,UNP/2015/page_16.pdf-2,UNP/2015,2212,0
2116,BLK/2008/page_75.pdf-4,BLK/2008,2213,3
2117,UNP/2012/page_29.pdf-4,UNP/2012,2214,4
2118,ABMD/2015/page_53.pdf-4,ABMD/2015,2215,2
2119,UNP/2009/page_89.pdf-4,UNP/2009,2216,1
2120,MO/2014/page_11.pdf-4,MO/2014,2217,2
2121,PPG/2018/page_54.pdf-4,PPG/2018,2218,1
2122,UNP/2012/page_74.pdf-2,UNP/2012,2219,4
2123,UNP/2010/page_27.pdf-2,UNP/2010,2220,1
2124,CMCSA/2015/page_100.pdf-1,CMCSA/2015,2221,1
2125,PPG/2013/page_54.pdf-4,PPG/2013,2222,0
2126,UNP/2017/page_74.pdf-4,UNP/2017,2223,0
2127,UNP/2018/page_50.pdf-4,UNP/2018,2224,4
2128,CAT/2017/page_136.pdf-3,CAT/2017,2225,2
2129,TFX/2018/page_47.pdf-4,TFX/2018,2226,3
2130,UNP/2011/page_40.pdf-3,UNP/2011,2227,2
2131,UNP/2013/page_14.pdf-4,UNP/2013,2228,0
2132,UNP/2009/page_83.pdf-3,UNP/2009,2229,1
2133,BDX/2009/page_81.pdf-4,BDX/2009,2230,0
2134,PPG/2016/page_42.pdf-4,PPG/2016,2231,3
2135,IP/2012/page_64.pdf-4,IP/2012,2232,1
2136,IP/2013/page_101.pdf-4,IP/2013,2233,4
2137,UNP/2012/page_34.pdf-4,UNP/2012,2234,4
2138,UNP/2009/page_83.pdf-4,UNP/2009,2236,1
2139,UNP/2010/page_75.pdf-3,UNP/2010,2237,1
2140,UNP/2017/page_23.pdf-4,UNP/2017,2238,0
2141,BDX/2016/page_62.pdf-3,BDX/2016,2240,1
